ticker,company_name,sector,as_of_date,close,cycle_phase,cycle_confidence,transition_risk,pending_phase,dwell_progress,composite_score,zigzag_score,stc_score,trend_score,candlestick_score,harmonic_pattern,gann_score,pe_ratio,pe_percentile_vs_universe,pb_ratio,dividend_yield_percent,earnings_quarterly_growth_percent
20MICRONS.NS,20 MICRONS LTD,Basic Materials,2026-10-01,207.25999450683594,EXPANSION,0.71,low,,,0.292,-1.0,0.673,0.857,-1.0,,0.0,10.789172,16.0,1.5122397,0.58,5.5
21STCENMGM.NS,21ST CENTURY MGMT SERVICE,Financial Services,2026-10-01,38.0,EXPANSION,0.58,low,,,0.529,1.0,-0.5,0.853,0.0,,0.0,,,1.2070006,0.0,294.7
360ONE.NS,360 ONE WAM LIMITED,Financial Services,2026-10-01,1040.0,DISTRIBUTION,0.71,low,CONTRACTION,3/5,-0.623,-1.0,-0.947,-0.449,1.0,,0.0,34.574467,65.3,4.2880764,1.75,16.1
3IINFOLTD.NS,3I INFOTECH LIMITED,Technology,2026-10-01,22.450000762939453,EXPANSION,0.89,high,DISTRIBUTION,3/5,0.227,1.0,-0.788,0.837,1.0,,0.0,12.5419,20.6,1.2593259,0.0,-15.2
3MINDIA.NS,3M INDIA LIMITED,Industrials,2026-10-01,30795.0,ACCUMULATION,0.36,low,EXPANSION,3/5,-0.016,1.0,-0.394,-0.669,0.0,,0.0,60.224117,84.7,19.619823,0.5,31.2
3PLAND.NS,3P LAND HOLDINGS LIMITED,Real Estate,2026-10-01,31.1200008392334,DISTRIBUTION,0.71,medium,ACCUMULATION,2/5,0.112,-1.0,0.84,0.608,0.0,,0.0,24.698414,50.5,,0.0,24.3
5PAISA.NS,5PAISA CAPITAL LIMITED,Financial Services,2026-10-01,316.3500061035156,CONTRACTION,0.71,low,ACCUMULATION,1/5,-0.138,-1.0,0.5,0.445,0.0,,0.0,24.27859,50.0,1.5243359,0.0,0.2
63MOONS.NS,63 MOONS TECHNOLOGIES LTD,Technology,2026-10-01,802.25,EXPANSION,0.44,low,CONTRACTION,2/5,-0.333,-1.0,-0.699,0.699,-0.111,,0.0,,,1.0412935,0.25,
A2ZINFRA.NS,A2Z INFRA ENGINEERING LTD,Industrials,2026-10-01,14.380000114440918,CONTRACTION,0.71,low,,,-0.561,-1.0,-0.5,0.257,0.0,,0.0,68.4762,86.9,5.1320486,0.0,-94.8
AAATECH.NS,AAA TECHNOLOGIES LIMITED,Technology,2026-10-01,92.73999786376953,EXPANSION,0.53,low,,,0.236,1.0,0.802,-0.517,-1.0,,0.0,54.552937,81.7,3.8748224,1.06,6.3
AADHARHFC.NS,AADHAR HOUSING FINANCE L,Financial Services,2026-10-01,448.3999938964844,CONTRACTION,0.71,medium,ACCUMULATION,1/5,-0.477,-1.0,-0.375,-0.689,1.0,,0.0,17.400078,35.7,2.590799,0.0,19.0
AAKASH.NS,AAKASH EXPLORATION SER L,Energy,2026-10-01,8.34000015258789,EXPANSION,0.58,low,CONTRACTION,1/5,-0.316,0.0,-0.911,-0.136,0.0,,0.0,,,1.2918216,0.0,-2.4
AAREYDRUGS.NS,AAREY DRUGS & PHARM LTD,Healthcare,2026-10-01,103.8499984741211,EXPANSION,0.71,high,DISTRIBUTION,3/5,-0.062,1.0,-0.687,0.438,0.0,,0.0,81.13281,89.1,1.9644376,0.0,-25.3
AARON.NS,AARON INDUSTRIES LIMITED,Industrials,2026-10-01,123.11000061035156,CONTRACTION,0.71,low,EXPANSION,1/5,0.463,1.0,0.75,0.103,1.0,,0.0,37.996914,69.2,5.3046365,0.4,141.9
AARTECH.NS,AARTECH SOLONICS LIMITED,Industrials,2026-10-01,47.91999816894531,DISTRIBUTION,0.53,low,,,-0.038,0.0,-0.986,0.833,-0.667,,0.0,31.116882,60.6,4.910339,0.25,62.8
AARTIDRUGS.NS,AARTI DRUGS LTD.,Healthcare,2026-10-01,421.0,DISTRIBUTION,0.71,medium,,,-0.321,0.0,-0.979,0.368,-1.0,,0.0,20.105062,41.1,2.4795628,0.46,-6.9
AARTIIND.NS,AARTI INDUSTRIES LTD,Basic Materials,2026-10-01,465.1000061035156,DISTRIBUTION,0.36,low,CONTRACTION,3/5,-0.091,0.0,-0.502,0.136,-1.0,,0.0,31.856163,61.6,2.8232195,0.21,260.5
AARTIPHARM.NS,AARTI PHARMALABS LIMITED,Healthcare,2026-10-01,968.5,EXPANSION,0.71,low,,,0.707,1.0,0.99,0.838,0.333,,0.0,42.85398,74.1,4.134031,0.42,53.800000000000004
AARTISURF.NS,AARTI SURFACTANTS LIMITED,Basic Materials,2026-10-01,498.5,ACCUMULATION,0.53,low,,,-0.159,-1.0,-0.5,0.866,1.0,,0.0,22.97235,46.9,1.7209654,0.2,205.79999999999998
AARVI.NS,AARVI ENCON LIMITED,Industrials,2026-10-01,137.1199951171875,ACCUMULATION,0.53,low,,,-0.172,-1.0,-0.5,-0.19,0.429,,0.0,10.555812,15.1,1.4294798,1.46,42.3
AAVAS.NS,AAVAS FINANCIERS LIMITED,Financial Services,2026-10-01,1190.9000244140625,EXPANSION,0.36,low,CONTRACTION,1/5,-0.28,-1.0,-0.681,0.007,0.0,,0.0,13.820355,25.7,1.8672233,0.0,23.0
ABAN.NS,ABAN OFFSHORE LTD.,Energy,2026-10-01,15.359999656677246,CONTRACTION,0.44,medium,ACCUMULATION,3/5,0.092,-1.0,0.875,0.402,0.412,,0.0,,,-0.0031633656,0.0,
ABB.NS,ABB INDIA LIMITED,Industrials,2026-10-01,6900.0,CONTRACTION,0.53,low,,,-0.466,-1.0,-0.5,0.06,0.0,,0.0,92.56775,91.7,15.662205,0.58,3.0
ABBOTINDIA.NS,ABBOTT INDIA LIMITED,Healthcare,2026-10-01,26840.0,ACCUMULATION,0.71,low,,,-0.019,-1.0,0.507,0.488,0.333,,0.0,35.33904,66.0,11.946139,1.94,17.1
ABCAPITAL.NS,ADITYA BIRLA CAPITAL LTD.,Financial Services,2026-10-01,375.04998779296875,ACCUMULATION,0.53,low,CONTRACTION,3/5,-0.391,0.0,-0.934,-0.629,0.0,,0.0,24.27508,49.9,2.8541312,0.0,40.699999999999996
ABCOTS.NS,A B COTSPIN INDIA LIMITED,Consumer Cyclical,2026-10-01,189.91000366210938,ACCUMULATION,0.71,low,CONTRACTION,2/5,-0.607,-1.0,-0.951,-0.477,1.0,,0.0,29.813189,59.2,2.7236614,0.0,22.2
ABDL.NS,ALLIED BLEND N DISTILS L,Consumer Defensive,2026-10-01,679.4500122070312,EXPANSION,0.53,low,,,0.186,1.0,0.433,0.136,0.0,,0.0,86.33418,90.4,11.4304695,0.75,-13.0
ABFRL.NS,ADITYA BIRLA FASHION & RT,Consumer Cyclical,2026-10-01,44.529998779296875,CONTRACTION,0.44,low,,,-0.365,-1.0,-0.231,0.136,-0.333,,0.0,,,0.92809504,0.0,
ABINFRA.NS,A B INFRABUILD LIMITED,Industrials,2026-10-01,12.5600004196167,ACCUMULATION,0.71,low,,,-0.028,0.0,0.608,-0.33,-1.0,,0.0,41.866665,72.9,4.9216304,0.05,4.3999999999999995
ABLBL.NS,ADITYA BIRLA LIFES BRAN L,Consumer Cyclical,2026-10-01,74.44000244140625,CONTRACTION,0.71,low,,,-0.642,-1.0,-0.569,-1.0,1.0,,0.0,51.337933,79.7,6.4338813,0.65,20.599999999999998
ABMINTLLTD.NS,ABM INTERNATIONAL LTD,Basic Materials,2026-10-01,45.20000076293945,DISTRIBUTION,0.67,low,,,0.098,0.0,-0.5,0.793,1.0,,0.0,,,3.490617,0.0,
ABREL.NS,ADITYA BIRLA REAL EST LTD,Real Estate,2026-10-01,1100.5,CONTRACTION,0.44,low,,,-0.454,-1.0,-0.5,0.139,-1.0,,0.0,,,3.2892377,0.22,
ABSLAMC.NS,ADIT BIRL SUN LIF AMC LTD,Financial Services,2026-10-01,991.7000122070312,CONTRACTION,0.71,low,,,-0.604,-1.0,-0.569,-0.639,1.0,,0.0,28.546343,57.2,7.086406,2.56,11.700000000000001
ACC.NS,ACC LIMITED,Basic Materials,2026-10-01,1182.800048828125,ACCUMULATION,0.71,low,CONTRACTION,3/5,-0.581,-1.0,-0.784,-0.427,1.0,,0.0,11.665845,18.2,1.0808222,0.62,-60.8
ACCELYA.NS,ACCELYA SOLN INDIA LTD,Technology,2026-10-01,1094.199951171875,EXPANSION,0.53,low,CONTRACTION,1/5,-0.357,0.0,-0.901,0.017,1.0,SHARK,0.0,17.046267,34.9,6.5297694,6.42,-10.299999999999999
ACCURACY.NS,ACCURACY SHIPPING LIMITED,Industrials,2026-10-01,4.130000114440918,EXPANSION,0.53,low,DISTRIBUTION,1/5,-0.02,0.0,-0.528,0.183,-1.0,,0.0,15.884617,32.0,0.48565385,0.0,17.8
ACE.NS,ACTION CONST EQUIP LTD,Industrials,2026-10-01,1212.300048828125,EXPANSION,0.71,low,,,0.575,1.0,0.338,0.96,-1.0,,0.0,33.0237,62.9,7.173882,0.16,22.3
ACEINTEG.NS,ACE INTEGRATED SOLU. LTD.,Industrials,2026-10-01,17.139999389648438,ACCUMULATION,0.67,low,CONTRACTION,3/5,-0.747,-1.0,-0.926,-0.314,-1.0,,0.0,,,1.4548849,0.0,
ACI.NS,ARCHEAN CHEMICAL IND LTD,Basic Materials,2026-10-01,475.04998779296875,ACCUMULATION,0.36,low,EXPANSION,1/5,0.085,1.0,0.987,-0.645,-1.0,,0.0,59.75472,84.4,3.0318985,0.51,-23.7
ACL.NS,ANDHRA CEMENTS LIMITED,Basic Materials,2026-10-01,39.33000183105469,ACCUMULATION,0.44,low,CONTRACTION,3/5,-0.507,0.0,-0.774,-0.746,0.0,,0.0,,,4.489726,0.0,
ACMESOLAR.NS,ACME SOLAR HOLDINGS LTD,Utilities,2026-10-01,432.54998779296875,EXPANSION,0.53,low,ACCUMULATION,1/5,-0.069,-1.0,-0.013,0.739,-1.0,,0.0,44.592785,75.5,5.176458,0.05,79.9
ACUTAAS.NS,ACUTAAS CHEMICALS LIMITED,Basic Materials,2026-10-01,3196.5,CONTRACTION,0.53,low,,,-0.394,0.0,-0.981,-0.593,-1.0,,0.0,68.15565,86.8,15.830134,0.08,67.7
ADANIENSOL.NS,ADANI ENERGY SOLUTION LTD,Utilities,2026-10-01,1326.4000244140625,CONTRACTION,0.71,low,,,-0.533,-1.0,-0.975,-0.156,0.0,,0.0,54.539474,81.6,6.2663584,0.0,124.2
ADANIENT.NS,ADANI ENTERPRISES LIMITED,Energy,2026-10-01,2816.800048828125,DISTRIBUTION,0.58,low,CONTRACTION,2/5,-0.444,-1.0,-0.478,0.424,-0.6,,0.0,48.996346,77.9,4.499458,0.04,
ADANIGREEN.NS,ADANI GREEN ENERGY LTD,Utilities,2026-10-01,1276.0999755859375,EXPANSION,0.53,low,CONTRACTION,1/5,-0.355,-1.0,-0.541,0.159,1.0,,0.0,121.76527,94.2,10.896593,0.0,18.5
ADANIPORTS.NS,ADANI PORT & SEZ LTD,Industrials,2026-10-01,1737.800048828125,EXPANSION,0.53,low,CONTRACTION,1/5,-0.345,0.0,-0.687,-0.424,0.0,,0.0,29.645174,59.0,4.172439,0.42,9.2
ADANIPOWER.NS,ADANI POWER LTD,Utilities,2026-10-01,196.2100067138672,CONTRACTION,0.71,low,ACCUMULATION,2/5,-0.537,-1.0,-0.474,-0.672,0.2,,0.0,26.586721,54.2,5.826924,0.0,42.0
ADFFOODS.NS,ADF FOODS LIMITED,Consumer Defensive,2026-10-01,281.3999938964844,EXPANSION,0.71,low,,,0.314,0.0,0.965,0.457,0.0,,0.0,33.62007,63.8,5.4055095,0.44,13.4
ADL.NS,ARCHIDPLY DECOR LIMITED,Consumer Cyclical,2026-10-01,72.5199966430664,DISTRIBUTION,0.67,low,EXPANSION,3/5,0.485,0.0,0.798,0.656,1.0,,0.0,,,0.7026042,0.0,
ADOR.NS,ADOR WELDING LTD,Industrials,2026-10-01,1570.4000244140625,CONTRACTION,0.58,low,,,-0.339,-1.0,-0.501,0.814,0.0,,0.0,24.122889,49.5,4.9290957,1.44,
ADROITINFO.NS,ADROIT INFOTECH LIMITED,Technology,2026-10-01,13.9399995803833,EXPANSION,0.53,low,,,0.414,1.0,0.501,0.993,-1.0,,0.0,17.645569,35.8,0.9738037,0.0,-25.4
ADSL.NS,ALLIED DIGITAL SERV. LTD,Technology,2026-10-01,106.37999725341797,CONTRACTION,0.53,low,EXPANSION,3/5,0.167,0.0,0.988,0.495,0.0,,0.0,17.353996,35.5,0.9824166,1.38,-20.8
ADVANCE.NS,ADVANCE AGROLIFE LIMITED,Basic Materials,2026-10-01,116.75,EXPANSION,0.71,low,,,0.405,0.0,0.972,0.275,-1.0,,0.0,15.341656,29.9,2.6768312,0.0,152.2
ADVANIHOTR.NS,ADVANI HOT.& RES.(I) LTD,Consumer Cyclical,2026-10-01,46.97999954223633,CONTRACTION,0.53,low,ACCUMULATION,3/5,-0.216,0.0,0.902,-0.831,-1.0,,0.0,18.943548,38.6,0.84092575,5.62,-41.0
ADVENTHTL.NS,ADVENT HOTELS INTERNATI L,Consumer Cyclical,2026-10-01,123.7699966430664,ACCUMULATION,0.89,low,CONTRACTION,3/5,-0.849,-1.0,-0.521,-1.0,1.0,,0.0,18.121523,36.7,0.738229,0.0,-79.7
ADVENZYMES.NS,ADVANCED ENZYME TECH LTD,Basic Materials,2026-10-01,274.25,ACCUMULATION,0.89,low,CONTRACTION,2/5,-0.787,-1.0,-0.847,-0.722,1.0,,0.0,18.480457,37.1,1.880924,0.91,-7.1
AEGISLOG.NS,AEGIS LOGISTICS LIMITED,Energy,2026-10-01,1401.0999755859375,EXPANSION,0.53,low,CONTRACTION,2/5,-0.293,-1.0,-0.873,0.7,0.0,,0.0,39.345688,70.5,8.1219425,0.97,268.9
AEGISVOPAK.NS,AEGIS VOPAK TERMINALS LTD,Energy,2026-10-01,290.75,DISTRIBUTION,0.53,low,,,0.004,0.0,-0.985,1.0,1.0,,0.0,105.3442,93.1,7.5082636,0.07,38.5
AEROENTER.NS,AEROFLEX ENTERPRISES LTD,Basic Materials,2026-10-01,121.93000030517578,DISTRIBUTION,0.36,low,ACCUMULATION,1/5,0.015,-1.0,-0.5,0.558,0.0,,0.0,9.160781,11.4,1.6714876,0.32,848.6
AEROFLEX.NS,AEROFLEX INDUSTRIES LTD,Industrials,2026-10-01,521.3499755859375,DISTRIBUTION,0.53,low,,,0.205,1.0,-0.507,0.328,1.0,,0.0,101.233,92.8,15.424556,0.07,162.20000000000002
AERONEU.NS,AEROFLEX NEU LIMITED,Consumer Cyclical,2026-10-01,70.55999755859375,CONTRACTION,0.36,low,EXPANSION,3/5,0.223,1.0,0.984,-0.09,-1.0,,0.0,251.99998,97.2,1.7514769,0.0,-91.4
AETHER.NS,AETHER INDUSTRIES LIMITED,Basic Materials,2026-10-01,1670.0,EXPANSION,0.71,low,,,0.405,0.0,0.969,0.649,-1.0,,0.0,93.60986,91.9,9.022199,0.0,33.5
AFCONS.NS,AFCONS INFRASTRUCTURE LTD,Industrials,2026-10-01,242.38999938964844,CONTRACTION,0.89,low,,,-0.775,-1.0,-0.5,-0.599,-1.0,,0.0,62.31105,85.4,1.6357918,0.81,-77.7
AFFLE.NS,AFFLE 3I LIMITED,Communication Services,2026-10-01,1449.5999755859375,EXPANSION,0.36,low,CONTRACTION,1/5,-0.21,0.0,-0.985,0.146,1.0,,0.0,42.824226,74.0,5.574184,0.0,21.7
AFFORDABLE.NS,AFFORD ROBO & AUTO LTD,Industrials,2026-10-01,168.11000061035156,EXPANSION,0.58,low,ACCUMULATION,2/5,-0.048,-1.0,0.513,0.82,0.0,,0.0,31.016605,60.4,1.7150056,0.0,
AFIL.NS,AKME FINTRADE (INDIA) LTD,Financial Services,2026-10-01,7.860000133514404,ACCUMULATION,0.53,low,,,-0.137,-1.0,-0.5,-0.05,1.0,,0.0,7.7821784,7.3,0.7913018,0.0,20.4
AFSL.NS,ABANS FINANCIAL SRVCS LTD,Financial Services,2026-10-01,201.0,EXPANSION,0.71,low,DISTRIBUTION,1/5,0.27,0.0,-0.594,0.672,-1.0,,0.0,7.5820446,6.7,0.8146062,0.0,106.89999999999999
AGARIND.NS,AGARWAL INDS CORP LTD.,Basic Materials,2026-10-01,386.0,CONTRACTION,0.53,low,,,-0.284,0.0,-0.5,-0.15,1.0,,0.0,14.118507,26.5,0.83783543,0.84,-20.599999999999998
AGARWALEYE.NS,DR AGARWALS HEALTH CARE L,Healthcare,2026-10-01,486.45001220703125,CONTRACTION,0.53,low,,,-0.257,-1.0,-0.505,0.479,1.0,,0.0,104.61291,93.0,7.608747,0.0,50.5
AGASTYAEN.NS,AGASTYA ENE AND INFRA LTD,Basic Materials,2026-10-01,69.55000305175781,DISTRIBUTION,0.67,high,,,0.227,1.0,-0.875,0.557,-1.0,,0.0,,,3.8830888,0.0,
AGI.NS,AGI GREENPAC LIMITED,Consumer Cyclical,2026-10-01,790.7999877929688,EXPANSION,0.89,low,,,0.536,0.0,0.862,0.97,-1.0,,0.0,14.12395,26.6,2.1257207,0.87,11.799999999999999
AGIIL.NS,AGI INFRA LIMITED,Real Estate,2026-10-01,260.0,ACCUMULATION,0.71,medium,,,0.172,1.0,0.682,-0.993,-1.0,,0.0,31.287603,60.8,7.0097866,0.08,37.5
AGRITECH.NS,AGRI-TECH (INDIA) LIMITED,Consumer Defensive,2026-10-01,89.95999908447266,ACCUMULATION,0.67,low,CONTRACTION,3/5,-0.926,-1.0,-0.932,-0.846,0.0,,0.0,,,,0.0,
AGROPHOS.NS,AGRO PHOS INDIA LIMITED,Basic Materials,2026-10-01,23.0,ACCUMULATION,0.39,medium,,,0.065,0.0,0.683,-0.957,-1.0,,0.0,5.6930695,3.6,0.6678669,4.17,
AGSTRA.NS,AGS TRANSACT TECH LTD,Technology,2026-10-01,2.5399999618530273,EXPANSION,0.67,low,,,0.688,1.0,0.5,0.563,-1.0,,0.0,,,0.05765913,0.0,
AHCL.NS,ANLON HEALTHCARE LIMITED,Healthcare,2026-10-01,32.86000061035156,EXPANSION,0.71,low,,,0.625,1.0,0.5,1.0,-1.0,,0.0,47.623188,77.0,6.430528,0.0,87.8
AHLADA.NS,AHLADA ENGINEERS LIMITED,Industrials,2026-10-01,37.060001373291016,EXPANSION,0.53,low,DISTRIBUTION,1/5,0.044,0.0,0.461,0.715,-1.0,,0.0,264.7143,97.5,0.34939194,4.33,-69.69999999999999
AHLEAST.NS,ASIAN HOTELS (EAST) LTD,Consumer Cyclical,2026-10-01,136.0,ACCUMULATION,0.58,high,,,-0.223,-1.0,0.578,-0.857,0.0,,0.0,3.3856113,1.5,1.283382,0.72,
AHLUCONT.NS,AHLUWALIA CONT IND LTD,Industrials,2026-10-01,555.9000244140625,ACCUMULATION,0.71,medium,,,-0.527,-1.0,0.557,-0.921,1.0,,0.0,16.53972,34.0,1.8092759,0.13,-79.7
AHLWEST.NS,ASIAN HOTELS (WEST) LTD,Consumer Cyclical,2026-10-01,535.0499877929688,EXPANSION,0.71,low,,,0.202,0.0,-0.489,0.296,0.2,,0.0,8.756956,10.4,-46.401005,0.0,76.8
AIAENG.NS,AIA ENGINEERING LIMITED,Industrials,2026-10-01,3824.39990234375,CONTRACTION,0.89,low,,,-0.658,-1.0,-0.5,-0.599,0.0,,0.0,28.162,56.5,4.446289,0.41,-1.3
AIIL.NS,AUTHUM INVEST & INFRA LTD,Financial Services,2026-10-01,539.2999877929688,ACCUMULATION,0.53,low,,,0.067,0.0,0.307,0.017,-1.0,,0.0,28.191322,56.6,3.1096656,0.04,17.8
AIRAN.NS,AIRAN LIMITED,Technology,2026-10-01,15.600000381469727,EXPANSION,0.53,low,DISTRIBUTION,1/5,-0.062,-1.0,-0.877,0.897,-1.0,,0.0,12.580646,20.9,1.4538678,0.0,113.6
AIROLAM.NS,AIRO LAM LIMITED,Consumer Cyclical,2026-10-01,89.58000183105469,EXPANSION,0.53,low,,,0.001,0.0,0.511,0.495,0.333,,0.0,25.594286,52.1,1.7102927,0.0,-91.7
AJANTPHARM.NS,AJANTA PHARMA LIMITED,Healthcare,2026-10-01,3581.0,EXPANSION,0.71,low,,,0.601,1.0,0.75,0.654,-0.25,,0.0,39.40361,70.5,9.882601,1.77,30.9
AJAXENGG.NS,AJAX ENGINEERING LIMITED,Industrials,2026-10-01,586.4000244140625,DISTRIBUTION,0.71,low,EXPANSION,3/5,0.543,1.0,0.852,0.689,-1.0,,0.0,29.646107,59.1,4.8190794,0.0,5.2
AJMERA.NS,AJMERA REALTY & INF I LTD,Real Estate,2026-10-01,119.5999984741211,ACCUMULATION,0.71,medium,,,-0.002,-1.0,0.705,0.086,0.2,,0.0,15.216285,29.5,1.6802236,0.84,12.5
AJOONI.NS,AJOONI BIOTECH LIMITED,Consumer Defensive,2026-10-01,3.0999999046325684,CONTRACTION,0.71,low,,,-0.504,-1.0,-0.5,-0.276,0.0,,0.0,12.4,20.3,0.6439551,0.0,-44.7
AKASH.NS,AKASH INFRA-PROJECTS LTD,Industrials,2026-10-01,24.950000762939453,CONTRACTION,0.71,low,EXPANSION,1/5,0.494,1.0,0.969,0.007,1.0,,0.0,63.97436,85.8,0.4980537,0.0,21.0
AKG.NS,AKG EXIM LIMITED,Industrials,2026-10-01,9.710000038146973,ACCUMULATION,0.53,low,CONTRACTION,3/5,-0.427,0.0,-0.984,-0.57,1.0,,0.0,88.27273,90.8,0.62892675,0.0,13.900000000000002
AKI.NS,AKI INDIA LIMITED,Consumer Cyclical,2026-10-01,6.159999847412109,EXPANSION,0.53,low,DISTRIBUTION,2/5,-0.023,0.0,-0.909,0.817,0.0,,0.0,23.692308,48.4,0.79865164,0.0,266.29999999999995
AKSHAR.NS,AKSHAR SPINTEX LIMITED,Consumer Cyclical,2026-10-01,0.4099999964237213,EXPANSION,0.67,low,,,0.395,0.0,0.973,0.213,0.0,,0.0,,,0.39499035,0.0,
AKSHARCHEM.NS,AKSHARCHEM INDIA LIMITED,Basic Materials,2026-10-01,379.1000061035156,CONTRACTION,0.53,low,DISTRIBUTION,3/5,0.104,0.0,-0.505,0.92,1.0,,0.0,21.662857,44.0,1.1642154,0.13,2039.6000000000001
AKSHOPTFBR.NS,AKSH OPTIFIBRE  LTD,Technology,2026-10-01,7.070000171661377,DISTRIBUTION,0.67,medium,,,0.118,0.0,-0.536,0.89,0.0,,0.0,,,-8.782609,0.0,
AKUMS.NS,AKUMS DRUGS AND PHARMA L,Healthcare,2026-10-01,813.0999755859375,EXPANSION,0.71,low,,,0.618,1.0,0.587,0.883,-1.0,,0.0,42.63765,73.6,3.7571504,0.12,57.599999999999994
ALANKIT.NS,ALANKIT LIMITED,Technology,2026-10-01,7.650000095367432,EXPANSION,0.89,low,,,0.378,0.0,0.09,0.9,0.0,,0.0,10.928572,16.1,0.64491653,0.0,0.8999999999999999
ALBERTDAVD.NS,ALBERT DAVID LIMITED,Healthcare,2026-10-01,856.7000122070312,DISTRIBUTION,0.53,low,EXPANSION,3/5,0.369,1.0,-0.453,0.927,-1.0,,0.0,21.683119,44.2,1.2487538,0.57,303.1
ALEMBICLTD.NS,ALEMBIC LIMITED,Real Estate,2026-10-01,104.11000061035156,DISTRIBUTION,0.89,low,EXPANSION,3/5,0.584,0.0,0.752,0.95,0.0,,0.0,8.335468,9.3,1.0933627,2.24,5.3
ALICON.NS,ALICON CASTALLOY LIMITED,Industrials,2026-10-01,871.9500122070312,EXPANSION,0.71,low,,,0.287,0.0,0.342,0.807,-1.0,,0.0,39.013424,70.2,2.2672138,0.69,22.900000000000002
ALIVUS.NS,ALIVUS LIFE SCIENCES LTD,Healthcare,2026-10-01,1374.199951171875,DISTRIBUTION,0.53,low,,,0.085,0.0,-0.526,0.867,0.0,,0.0,28.062077,56.2,5.070512,0.36,31.7
ALKALI.NS,ALKALI METALS LTD,Basic Materials,2026-10-01,87.0999984741211,EXPANSION,0.58,medium,DISTRIBUTION,1/5,-0.052,0.0,-0.5,0.817,-1.0,,0.0,82.952385,89.6,1.9862716,1.09,
ALKEM.NS,ALKEM LABORATORIES LTD.,Healthcare,2026-10-01,5220.0,ACCUMULATION,0.71,low,CONTRACTION,2/5,-0.692,-1.0,0.005,-0.771,0.0,,0.0,28.966206,57.9,4.5160985,0.39,-21.7
ALKYLAMINE.NS,ALKYL AMINES CHEM. LTD,Basic Materials,2026-10-01,1741.4000244140625,ACCUMULATION,0.53,low,,,-0.277,-1.0,-0.5,0.394,0.0,,0.0,39.541325,70.7,5.808268,0.57,91.4
ALLCARGO.NS,ALLCARGO LOGISTICS LTD,Industrials,2026-10-01,10.119999885559082,DISTRIBUTION,0.58,medium,,,-0.028,0.0,-0.501,0.904,0.0,,0.0,50.6,79.1,2.7124095,0.0,
ALLDIGI.NS,ALLDIGI TECH LIMITED,Industrials,2026-10-01,756.3499755859375,DISTRIBUTION,0.53,low,,,0.018,0.0,-0.501,-0.027,0.0,,0.0,13.484578,24.6,4.592205,7.82,21.7
ALLTIME.NS,ALL TIME PLASTICS LIMITED,Consumer Defensive,2026-10-01,188.0399932861328,CONTRACTION,0.89,low,,,-0.925,-1.0,-0.989,-1.0,-0.111,,0.0,33.222614,63.2,2.0029826,0.0,-8.5
ALMONDZ.NS,ALMONDZ GLOBAL SEC LTD,Financial Services,2026-10-01,19.110000610351562,EXPANSION,0.89,low,,,0.945,1.0,0.82,0.96,0.0,,0.0,10.005236,13.9,1.267914,0.0,81.6
ALOKINDS.NS,ALOK INDUSTRIES LIMITED,Consumer Cyclical,2026-10-01,7.059999942779541,ACCUMULATION,0.44,medium,,,-0.074,0.0,0.738,-0.96,0.6,,0.0,,,-0.16283415,0.0,
ALPA.NS,ALPA LABORATORIES LTD,Healthcare,2026-10-01,59.2599983215332,DISTRIBUTION,0.71,low,CONTRACTION,1/5,-0.42,-1.0,-0.103,0.425,1.0,,0.0,29.049019,58.0,0.6693474,0.0,-91.7
ALPHAGEO.NS,ALPHAGEO (INDIA) LIMITED,Energy,2026-10-01,258.20001220703125,EXPANSION,0.58,low,,,0.249,0.0,-0.5,0.87,1.0,,0.0,,,0.6484635,1.95,1659.1000000000001
AMANTA.NS,AMANTA HEALTHCARE LIMITED,Healthcare,2026-10-01,190.39999389648438,DISTRIBUTION,0.71,low,CONTRACTION,3/5,-0.287,-1.0,-0.507,1.0,1.0,,0.0,50.237465,78.7,2.9706366,0.0,-5.6000000000000005
AMBER.NS,AMBER ENTERPRISES (I) LTD,Consumer Cyclical,2026-10-01,6500.0,CONTRACTION,0.89,low,,,-0.792,-1.0,-0.5,-0.669,1.0,,0.0,249.80783,97.2,5.2323318,0.0,-78.60000000000001
AMBICAAGAR.NS,AMBICA AGAR & AROMAINDLTD,Consumer Defensive,2026-10-01,23.889999389648438,DISTRIBUTION,0.53,low,CONTRACTION,3/5,-0.152,-1.0,-0.572,0.703,0.0,,0.0,12.005025,19.3,0.5544338,0.0,-2.6
AMBIKCO.NS,AMBIKA COTTON MILL LTD.,Consumer Cyclical,2026-10-01,1505.800048828125,ACCUMULATION,0.36,low,CONTRACTION,3/5,-0.169,-1.0,-0.947,0.272,-1.0,,0.0,10.602732,15.4,0.90334433,2.43,61.4
AMBUJACEM.NS,AMBUJA CEMENTS LTD,Basic Materials,2026-10-01,362.25,ACCUMULATION,0.89,low,CONTRACTION,3/5,-0.879,-1.0,-0.907,-0.609,-1.0,,0.0,20.305492,41.2,1.5087777,0.53,-26.8
AMDIND.NS,AMD INDUSTRIES LIMITED,Consumer Cyclical,2026-10-01,52.09000015258789,DISTRIBUTION,0.53,low,CONTRACTION,3/5,-0.206,-1.0,-0.632,0.81,0.0,,0.0,30.461988,60.0,0.6509623,0.0,503.09999999999997
AMJLAND.NS,AMJ LAND HOLDINGS LIMITED,Real Estate,2026-10-01,37.02000045776367,ACCUMULATION,0.71,low,EXPANSION,3/5,0.533,1.0,0.636,0.15,1.0,,0.0,10.428169,14.8,0.712869,0.53,-6.2
AMNPLST.NS,AMINES & PLASTICIZERS LTD,Basic Materials,2026-10-01,165.42999267578125,EXPANSION,0.71,medium,ACCUMULATION,3/5,-0.025,-1.0,0.523,0.375,0.0,,0.0,23.565527,47.9,3.1147385,0.29,27.400000000000002
AMRUTANJAN.NS,AMRUTAJAN HEALTH LTD,Healthcare,2026-10-01,513.2000122070312,ACCUMULATION,0.36,low,,,-0.05,0.0,0.703,0.096,-1.0,,0.0,27.458534,55.4,4.008154,1.46,-47.5
ANANDRATHI.NS,ANAND RATHI WEALTH LTD,Financial Services,2026-10-01,2117.5,EXPANSION,0.71,low,ACCUMULATION,3/5,-0.417,-1.0,-0.5,-0.166,0.0,,0.0,76.83237,88.3,35.22415,0.33,73.8
ANANTRAJ.NS,ANANT RAJ LIMITED,Real Estate,2026-10-01,577.8499755859375,ACCUMULATION,0.53,low,CONTRACTION,1/5,-0.263,-1.0,-0.572,0.546,0.0,,0.0,35.47268,66.0,3.5924325,0.17,18.9
ANDHRAPAP.NS,ANDHRA PAPER LIMITED,Basic Materials,2026-10-01,71.36000061035156,EXPANSION,0.53,low,DISTRIBUTION,2/5,0.017,0.0,-0.875,0.944,-1.0,,0.0,51.33813,79.7,0.7316873,0.69,42.3
ANDHRSUGAR.NS,ANDHRA SUGARS LTD,Basic Materials,2026-10-01,91.05999755859375,EXPANSION,0.71,low,,,0.27,0.0,-0.5,0.728,0.0,,0.0,11.8567705,18.9,0.7383502,1.07,94.1
ANGELONE.NS,ANGEL ONE LIMITED,Financial Services,2026-10-01,276.79998779296875,DISTRIBUTION,0.36,low,,,-0.05,1.0,-0.984,-0.215,1.0,,0.0,25.004517,51.3,4.121194,1.84,102.2
ANIKINDS.NS,ANIK INDUSTRIES LTD,Consumer Defensive,2026-10-01,44.0,CONTRACTION,0.58,low,ACCUMULATION,1/5,0.201,-1.0,0.776,0.91,0.0,,0.0,,,0.2999707,0.0,0.7000000000000001
ANKITMETAL.NS,ANKIT MET & POW LTD,Basic Materials,2026-10-01,2.059999942779541,ACCUMULATION,0.44,low,EXPANSION,3/5,0.273,-1.0,0.819,1.0,-1.0,,0.0,,,-0.028162464,0.0,
ANMOL.NS,ANMOL INDIA LIMITED,Energy,2026-10-01,13.5,DISTRIBUTION,0.53,low,,,-0.1,-1.0,-0.977,0.953,1.0,,0.0,6.6502466,5.1,0.6473578,0.0,4.9
ANNAPURNA.NS,ANNAPURNA SWADISHT LTD,Consumer Defensive,2026-10-01,128.60000610351562,ACCUMULATION,0.36,low,,,-0.077,-1.0,-0.5,0.193,0.429,,0.0,8.942977,10.9,0.7927066,0.0,27.3
ANSALAPI.NS,ANSAL PROP & INFRA LTD,Real Estate,2026-10-01,4.079999923706055,EXPANSION,0.67,low,,,0.831,1.0,0.501,0.993,-1.0,,0.0,,,-0.03706126,0.0,
ANTELOPUS.NS,ANTELOPUS SELAN ENRGY LTD,Energy,2026-10-01,1106.5,EXPANSION,0.53,low,DISTRIBUTION,1/5,0.017,0.0,-0.75,0.818,-1.0,,0.0,29.514536,58.9,5.9358087,0.0,157.6
ANTGRAPHIC.NS,ANTARCTICA LTD,Consumer Cyclical,2026-10-01,0.6899999976158142,CONTRACTION,0.78,low,,,-0.735,-1.0,-0.568,-0.503,1.0,,0.0,,,0.6699029,0.0,-20.5
ANTHEM.NS,ANTHEM BIOSCIENCES LTD,Healthcare,2026-10-01,855.75,CONTRACTION,0.71,low,,,-0.324,-1.0,-0.503,1.0,-1.0,,0.0,84.4768,89.9,15.798947,0.23,-11.700000000000001
ANUHPHR.NS,ANUH PHARMA LIMITED,Healthcare,2026-10-01,85.8499984741211,DISTRIBUTION,0.53,low,,,-0.076,0.0,-0.984,0.681,-1.0,,0.0,23.980448,49.2,2.4428067,1.72,37.6
ANUP.NS,THE ANUP ENGINEERING LTD,Industrials,2026-10-01,1566.699951171875,ACCUMULATION,0.53,low,CONTRACTION,1/5,-0.427,-1.0,0.283,0.01,0.0,,0.0,37.17845,68.0,4.5416727,0.75,-97.8
ANURAS.NS,ANUPAM RASAYAN INDIA LTD,Basic Materials,2026-10-01,1163.699951171875,CONTRACTION,0.53,low,,,-0.413,0.0,-0.5,-0.99,1.0,,0.0,75.81107,88.1,3.9700463,0.13,13.5
APARINDS.NS,APAR INDUSTRIES LTD.,Industrials,2026-10-01,17648.0,DISTRIBUTION,0.53,low,,,-0.059,0.0,-0.883,0.646,0.0,,0.0,60.070118,84.6,13.144262,0.35,77.8
APCL.NS,ANJANI PORTLAND CEM LTD,Basic Materials,2026-10-01,94.76000213623047,CONTRACTION,0.67,low,,,-0.819,-1.0,-0.508,-0.95,1.0,,0.0,,,0.76176083,0.0,
APCOTEXIND.NS,APCOTEX INDUSTRIES LIMITE,Basic Materials,2026-10-01,593.25,EXPANSION,0.53,low,ACCUMULATION,1/5,-0.198,-1.0,-0.5,0.654,0.0,,0.0,19.081697,38.9,4.952913,1.34,312.0
APEX.NS,APEX FROZEN FOODS LIMITED,Consumer Defensive,2026-10-01,326.29998779296875,ACCUMULATION,0.71,low,CONTRACTION,2/5,-0.652,-1.0,-0.619,-0.993,-1.0,,0.0,19.835865,40.4,1.9326103,0.74,138.1
APLAPOLLO.NS,APL APOLLO TUBES LTD,Basic Materials,2026-10-01,2115.699951171875,CONTRACTION,0.53,low,,,-0.39,-1.0,-0.513,0.179,-1.0,,0.0,47.85569,77.3,11.092876,0.39,10.9
APLLTD.NS,ALEMBIC PHARMA LTD,Healthcare,2026-10-01,815.25,EXPANSION,0.53,low,,,0.405,1.0,-0.104,0.921,-1.0,,0.0,23.127659,47.0,2.823846,1.45,12.1
APOLLO.NS,APOLLO MICRO SYSTEMS LTD,Industrials,2026-10-01,394.0,CONTRACTION,0.71,medium,ACCUMULATION,3/5,0.136,0.0,0.834,-0.291,-1.0,,0.0,112.25071,93.8,10.355885,0.06,45.4
APOLLOHOSP.NS,APOLLO HOSPITALS ENTER. L,Healthcare,2026-10-01,8133.5,EXPANSION,0.53,low,DISTRIBUTION,1/5,0.074,1.0,-0.726,0.023,1.0,,0.0,55.95803,82.5,12.336082,0.24,34.2
APOLLOPIPE.NS,APOLLO PIPES LIMITED,Industrials,2026-10-01,512.5999755859375,DISTRIBUTION,0.67,low,,,-0.085,0.0,-0.5,0.245,0.0,,0.0,,,2.756462,0.14,
APOLLOTYRE.NS,APOLLO TYRES LTD,Consumer Cyclical,2026-10-01,404.75,ACCUMULATION,0.71,low,,,-0.352,-1.0,-0.5,-0.318,0.0,,0.0,15.018553,29.1,1.5317688,2.72,2609.1
APOLSINHOT.NS,APOLLO SINDOORI HOTEL LTD,Industrials,2026-10-01,1155.9000244140625,DISTRIBUTION,0.71,high,,,-0.18,1.0,-0.982,0.264,-1.0,,0.0,36.043034,66.8,1.9129215,0.26,-55.50000000000001
APTECHT.NS,APTECH LIMITED,Consumer Defensive,2026-10-01,87.02999877929688,EXPANSION,0.71,low,,,0.134,0.0,0.326,0.368,0.0,,0.0,20.623224,42.1,2.0119288,5.1,13.600000000000001
APTUS.NS,APTUS VALUE HSG FIN I LTD,Financial Services,2026-10-01,226.39999389648438,ACCUMULATION,0.53,low,,,-0.201,-1.0,-0.46,-0.232,0.0,,0.0,11.521628,17.5,2.2404528,2.15,19.0
AQYLON.NS,AQYLON NEXUS LIMITED,Communication Services,2026-10-01,15.460000038146973,ACCUMULATION,0.39,low,,,0.101,0.0,0.5,-0.203,0.0,,0.0,13.803572,25.6,-68.10573,0.0,
ARCHIDPLY.NS,ARCHIDPLY IND. LTD,Basic Materials,2026-10-01,101.79000091552734,EXPANSION,0.53,medium,DISTRIBUTION,1/5,0.36,1.0,-0.835,0.917,-1.0,,0.0,15.516768,30.6,1.8017205,0.0,888.8
ARCHIES.NS,ARCHIES LTD,Consumer Cyclical,2026-10-01,12.369999885559082,ACCUMULATION,0.67,medium,,,-0.217,-1.0,0.619,-0.271,-1.0,,0.0,,,0.3349399,0.0,
ARE&M.NS,AMARA RAJA ENERGY MOB LTD,Industrials,2026-10-01,747.4000244140625,DISTRIBUTION,0.53,low,,,0.224,1.0,-0.5,0.066,0.0,,0.6,14.829365,28.5,1.6890205,1.4,15.9
ARENTERP.NS,RAJDARSHAN INDUSTRIES LTD,Basic Materials,2026-10-01,33.790000915527344,ACCUMULATION,0.78,medium,,,-0.067,-1.0,0.533,-0.268,-1.0,,0.0,,,0.51312035,0.0,46.5
ARFIN.NS,ARFIN INDIA LIMITED,Basic Materials,2026-10-01,87.25,EXPANSION,0.71,medium,ACCUMULATION,2/5,0.025,-1.0,0.731,0.37,0.143,,0.0,79.318184,88.7,8.738108,0.27,276.90000000000003
ARIES.NS,ARIES AGRO LTD.,Basic Materials,2026-10-01,477.3999938964844,DISTRIBUTION,0.71,low,,,0.213,0.0,-0.502,0.686,0.0,,0.0,13.004631,23.0,1.8556957,0.31,48.8
ARIHANTCAP.NS,ARIHANT CAPITAL MKTS LTD,Financial Services,2026-10-01,88.58999633789062,EXPANSION,0.71,medium,ACCUMULATION,2/5,0.003,-1.0,0.539,0.472,-1.0,,0.0,24.540167,50.1,2.0021243,0.56,69.19999999999999
ARIHANTSUP.NS,ARIHANT SUPERSTRUCT LTD,Real Estate,2026-10-01,216.6300048828125,ACCUMULATION,0.53,low,CONTRACTION,1/5,-0.157,0.0,0.403,-0.03,0.0,,0.0,22.03764,45.0,2.5823717,0.11,-38.5
ARIS.NS,ARISINFRA SOLUTIONS LTD,Industrials,2026-10-01,138.66000366210938,EXPANSION,0.71,low,,,0.463,0.0,0.603,1.0,0.0,,0.0,16.605988,34.1,1.5337987,0.0,410.70000000000005
ARKADE.NS,ARKADE DEVELOPERS LIMITED,Real Estate,2026-10-01,118.69000244140625,EXPANSION,0.58,low,DISTRIBUTION,1/5,0.343,1.0,0.338,0.362,0.0,BUTTERFLY,0.0,,,2.495952,1.42,-33.7
ARMANFIN.NS,ARMAN FIN SERV LTD,Financial Services,2026-10-01,1764.4000244140625,CONTRACTION,0.58,low,,,-0.377,-1.0,-0.511,0.385,1.0,,0.0,16.00653,32.5,1.9849677,0.0,
AROGRANITE.NS,ARO GRANITE IND. LTD.,Industrials,2026-10-01,22.350000381469727,EXPANSION,0.67,low,,,0.424,1.0,0.224,0.047,-1.0,,0.0,,,0.1965924,0.0,
ARROWGREEN.NS,ARROW GREENTECH LIMITED,Consumer Cyclical,2026-10-01,865.2000122070312,EXPANSION,0.53,low,DISTRIBUTION,2/5,0.021,0.0,-0.875,0.96,1.0,,0.0,20.458736,41.6,5.574599,0.58,151.2
ARSHIYA.NS,ARSHIYA LIMITED,Industrials,2026-10-01,0.8100000023841858,ACCUMULATION,0.44,low,,,0.107,0.0,0.514,-0.194,0.0,,0.0,,,-0.006718256,0.0,
ARSSBL.NS,ANAND RATHI SH N STK BR L,Financial Services,2026-10-01,521.0499877929688,ACCUMULATION,0.71,medium,,,0.005,0.0,0.985,-0.525,1.0,,0.0,22.286142,45.4,2.4243228,0.97,2.4
ARTEMISMED.NS,ARTEMIS MED SERVICE LTD,Unknown,2026-10-01,336.3999938964844,DISTRIBUTION,0.71,low,EXPANSION,4/5,0.435,0.0,0.802,0.939,-1.0,,0.0,146.89957,95.2,5.6973495,0.0,47.099999999999994
ARTNIRMAN.NS,ART NIRMAN LIMITED,Real Estate,2026-10-01,40.0,EXPANSION,0.58,low,,,-0.007,0.0,0.146,0.33,0.0,,0.0,78.43137,88.6,2.3979378,0.0,
ARVEE.NS,ARVEE LABORATORIES I LTD,Basic Materials,2026-10-01,215.32000732421875,EXPANSION,0.71,low,,,0.323,0.0,0.649,0.643,1.0,,0.0,58.6703,84.1,7.053428,0.0,901.8000000000001
ARVIND.NS,ARVIND LIMITED,Consumer Cyclical,2026-10-01,534.0499877929688,DISTRIBUTION,0.53,low,,,-0.155,0.0,-0.526,0.397,1.0,,0.0,33.7579,64.5,3.4613166,0.83,0.4
ARVINDFASN.NS,ARVIND FASHIONS LIMITED,Consumer Cyclical,2026-10-01,379.70001220703125,CONTRACTION,0.89,low,,,-0.785,-1.0,-0.506,-0.635,1.0,,0.0,42.04873,73.2,5.369213,0.41,-23.9
ARVSMART.NS,ARVIND SMARTSPACES LTD,Real Estate,2026-10-01,592.5,EXPANSION,0.71,low,,,0.76,1.0,0.977,0.621,-1.0,,0.0,14.716841,28.2,4.010722,0.37,785.3
ASAHIINDIA.NS,ASAHI INDIA GLASS LIMITED,Consumer Cyclical,2026-10-01,944.25,CONTRACTION,0.53,low,,,-0.164,0.0,-0.507,-0.149,-1.0,,0.0,54.39228,81.5,6.118026,0.21,165.39999999999998
ASAHISONG.NS,ASAHI SONGWON COLOR LTD,Basic Materials,2026-10-01,371.25,EXPANSION,0.89,low,,,0.829,1.0,0.724,0.857,-1.0,,0.0,12.55071,20.8,1.6128472,0.39,508.0
ASAL.NS,AUTOMOTIVE STAMPINGS & AS,Consumer Cyclical,2026-10-01,426.8999938964844,ACCUMULATION,0.71,low,,,-0.412,-1.0,-0.5,-0.149,1.0,,0.0,22.695375,46.4,18.728613,0.0,84.6
ASALCBR.NS,ASSO ALCOHOLS & BREW LTD,Consumer Defensive,2026-10-01,611.0999755859375,CONTRACTION,0.89,low,,,-0.698,-1.0,-0.511,-0.76,0.0,,0.0,14.412735,27.4,1.6770722,0.32,-24.6
ASHAPURMIN.NS,ASHAPURA MINECHEM LTD,Basic Materials,2026-10-01,489.95001220703125,ACCUMULATION,0.53,low,CONTRACTION,1/5,-0.429,-1.0,-0.395,-0.864,1.0,,0.0,11.501174,17.5,2.8377728,0.4,5.0
ASHIANA.NS,ASHIANA HOUSING LTD,Real Estate,2026-10-01,383.95001220703125,EXPANSION,0.71,low,,,0.139,0.0,0.56,0.417,0.2,,0.0,32.237617,62.1,4.239029,0.65,3.1
ASHIMASYN.NS,ASHIMA LTD,Real Estate,2026-10-01,15.3100004196167,CONTRACTION,0.44,low,,,-0.233,-1.0,-0.5,0.801,0.0,,0.0,,,1.0596622,0.0,
ASHOKA.NS,ASHOKA BUILDCON LTD,Industrials,2026-10-01,105.30999755859375,CONTRACTION,0.71,low,,,-0.349,-1.0,-0.181,-0.215,0.0,,0.0,1.2014831,0.7,0.44925556,0.0,-41.199999999999996
ASHOKAMET.NS,ASHOKA METCAST LIMITED,Basic Materials,2026-10-01,14.529999732971191,EXPANSION,0.71,low,,,0.332,0.0,-0.309,0.635,0.0,,0.0,2.1088533,1.2,0.21265073,0.0,187.20000000000002
ASHOKLEY.NS,ASHOK LEYLAND LTD,Industrials,2026-10-01,150.47999572753906,CONTRACTION,0.71,low,,,-0.681,-1.0,-0.5,-0.742,1.0,,0.0,25.418919,51.8,6.206384,2.27,0.8
ASIANENE.NS,ASIAN ENERGY SERVICES LTD,Energy,2026-10-01,466.75,CONTRACTION,0.53,low,,,-0.153,-1.0,-0.507,0.894,0.333,,0.0,37.043648,67.8,4.227731,0.26,115.3
ASIANHOTNR.NS,ASIAN HOTELS (NORTH) LTD,Consumer Cyclical,2026-10-01,348.1000061035156,DISTRIBUTION,0.67,medium,,,0.02,0.0,-0.789,0.85,-0.333,,0.0,,,1.3603183,0.0,
ASIANPAINT.NS,ASIAN PAINTS LIMITED,Basic Materials,2026-10-01,2407.0,ACCUMULATION,0.53,low,,,-0.272,0.0,-0.5,-0.589,0.0,,0.0,48.401367,77.6,10.803071,1.14,40.0
ASIANTILES.NS,ASIAN GRANITO IND. LTD.,Industrials,2026-10-01,47.95000076293945,EXPANSION,0.53,low,CONTRACTION,1/5,-0.149,1.0,-0.5,-0.815,-1.0,,0.0,82.67242,89.4,0.9336787,0.0,8.799999999999999
ASKAUTOLTD.NS,ASK AUTOMOTIVE LIMITED,Consumer Cyclical,2026-10-01,618.1500244140625,CONTRACTION,0.53,low,DISTRIBUTION,3/5,-0.004,0.0,-0.884,0.868,0.0,,0.0,38.466087,69.9,9.29479,0.29,28.799999999999997
ASMS.NS,AVIO SMART MRKT STACK LTD,Technology,2026-10-01,5.920000076293945,CONTRACTION,0.71,low,,,-0.459,-1.0,-0.501,-0.336,1.0,,0.0,28.190477,56.6,5.1567945,0.0,236.60000000000002
ASPINWALL.NS,ASPINWALL & CO LTD,Consumer Defensive,2026-10-01,240.10000610351562,DISTRIBUTION,0.78,low,,,0.137,0.0,-0.552,0.692,0.6,,0.0,11.933399,19.2,0.9343794,2.69,
ASTEC.NS,ASTEC LIFESCIENCES LTD,Basic Materials,2026-10-01,708.5999755859375,EXPANSION,0.44,low,CONTRACTION,1/5,-0.342,-1.0,-0.476,0.45,0.429,,0.0,,,4.0422363,0.0,
ASTERDM.NS,ASTER DM QUALITY CARE LTD,Healthcare,2026-10-01,708.9000244140625,EXPANSION,0.53,medium,DISTRIBUTION,3/5,-0.282,1.0,-0.581,-0.546,0.0,GARTLEY,0.0,115.64437,94.1,7.983558,0.57,-81.2
ASTRAL.NS,ASTRAL LIMITED,Industrials,2026-10-01,1344.0,ACCUMULATION,0.71,medium,,,-0.586,-1.0,-0.5,-0.844,-1.0,,0.0,62.86249,85.5,8.897834,0.29,48.0
ASTRAMICRO.NS,ASTRA MICROWAVE LTD,Technology,2026-10-01,1624.5,CONTRACTION,0.53,low,EXPANSION,2/5,-0.005,0.0,0.517,0.464,0.2,,0.0,82.045456,89.3,11.735088,0.15,-24.099999999999998
ASTRAZEN.NS,ASTRAZENECA PHARMA IND LT,Healthcare,2026-10-01,6031.0,ACCUMULATION,0.89,low,CONTRACTION,3/5,-0.96,-1.0,-0.845,-0.993,0.0,,0.0,88.62601,91.0,17.27506,0.58,-32.1
ASTRON.NS,ASTRON PAPER BORD MIL LTD,Basic Materials,2026-10-01,2.809999942779541,ACCUMULATION,0.67,low,EXPANSION,3/5,0.103,0.0,0.003,0.307,1.0,,0.0,,,0.19249213,0.0,
ATALREAL.NS,ATAL REALTECH LIMITED,Industrials,2026-10-01,12.779999732971191,ACCUMULATION,0.53,medium,,,-0.442,-1.0,-0.5,-0.987,0.667,,0.0,12.653465,21.2,0.854678,0.0,51.6
ATAM.NS,ATAM VALVES LIMITED,Industrials,2026-10-01,55.349998474121094,CONTRACTION,0.71,low,,,-0.525,-1.0,0.332,-0.43,-0.111,,0.0,35.031643,65.8,1.660965,0.62,-48.699999999999996
ATGL.NS,ADANI TOTAL GAS LIMITED,Utilities,2026-10-01,583.0499877929688,ACCUMULATION,0.71,low,CONTRACTION,2/5,-0.517,-1.0,-0.273,0.06,0.0,,0.0,101.22395,92.8,13.1813345,0.04,-14.2
ATHERENERG.NS,ATHER ENERGY LIMITED,Consumer Cyclical,2026-10-01,1406.0999755859375,DISTRIBUTION,0.44,low,,,-0.167,-1.0,-0.501,1.0,0.0,,0.0,,,20.915394,0.0,
ATL.NS,ALLCARGO TERMINALS LTD,Industrials,2026-10-01,23.59000015258789,EXPANSION,0.71,medium,DISTRIBUTION,1/5,0.175,1.0,-0.013,0.433,0.0,BUTTERFLY,0.0,16.268965,33.1,1.9529762,0.0,-30.0
ATLANTAA.NS,ATLANTAA LIMITED,Industrials,2026-10-01,35.709999084472656,CONTRACTION,0.44,low,EXPANSION,2/5,0.381,1.0,0.79,-0.647,-1.0,,0.0,,,1.3701415,0.0,
ATLANTAELE.NS,ATLANTA ELECTRICALS LTD,Industrials,2026-10-01,1716.5,CONTRACTION,0.71,low,ACCUMULATION,1/5,0.002,-1.0,0.009,1.0,0.667,,0.0,58.64366,84.0,14.204263,0.0,50.4
ATLASCYCLE.NS,ATLAS CYCLE (HARYANA) LTD,Consumer Cyclical,2026-10-01,91.73999786376953,CONTRACTION,0.67,low,EXPANSION,3/5,0.287,0.0,0.858,0.003,0.0,,0.0,,,0.157218,0.0,
ATUL.NS,ATUL LTD,Basic Materials,2026-10-01,5861.0,ACCUMULATION,0.53,low,,,-0.251,0.0,-0.5,-0.503,0.5,,0.0,21.680107,44.1,2.773372,0.51,92.0
ATULAUTO.NS,ATUL AUTO LIMITED,Consumer Cyclical,2026-10-01,424.79998779296875,ACCUMULATION,0.53,low,,,-0.047,0.0,-0.148,-0.04,-1.0,,0.0,24.944214,51.1,2.4378207,1.34,168.79999999999998
AUBANK.NS,AU SMALL FINANCE BANK LTD,Financial Services,2026-10-01,987.0,ACCUMULATION,0.71,medium,,,-0.606,-1.0,-0.5,-0.924,0.0,,0.0,26.11802,53.0,3.6933649,0.1,37.0
AURIONPRO.NS,AURIONPRO SOLN LTD,Technology,2026-10-01,607.7999877929688,ACCUMULATION,0.71,low,CONTRACTION,3/5,-0.499,0.0,-0.896,-0.616,0.0,,0.0,16.281809,33.2,1.8823806,0.48,-10.6
AUROPHARMA.NS,AUROBINDO PHARMA LTD,Healthcare,2026-10-01,1676.800048828125,EXPANSION,0.53,low,DISTRIBUTION,1/5,0.189,1.0,-0.701,0.455,0.25,,0.0,25.78899,52.5,2.5702379,0.24,25.2
AURUM.NS,AURUM PROPTECH LIMITED,Real Estate,2026-10-01,223.41000366210938,CONTRACTION,0.58,low,EXPANSION,1/5,0.254,0.0,0.75,0.638,1.0,,0.0,39.82353,71.0,2.719736,0.0,
AURUS.NS,AURUS GEM CORP LIMITED,Consumer Cyclical,2026-10-01,4.400000095367432,CONTRACTION,0.36,low,,,-0.173,-1.0,-0.858,0.166,1.0,,0.0,7.2131147,6.1,0.69941187,0.0,213.39999999999998
AUSOMENT.NS,AUSOM ENTERPRISE LIMITED,Financial Services,2026-10-01,139.0,CONTRACTION,0.36,low,,,0.032,-1.0,-0.501,0.631,1.0,,0.0,7.6373625,6.9,1.1733226,0.71,36.1
AUTOAXLES.NS,AUTOMOTIVE AXLES LIMITED,Consumer Cyclical,2026-10-01,1683.0,ACCUMULATION,0.71,medium,,,0.028,0.0,0.56,-0.907,-1.0,,0.0,14.589112,27.9,2.3147192,1.88,27.6
AUTOIND.NS,AUTOLINE INDUSTRIES LTD,Consumer Cyclical,2026-10-01,81.4000015258789,EXPANSION,0.71,low,,,0.276,0.0,-0.322,0.425,1.0,,0.0,9.166667,11.5,1.8742805,0.0,268.6
AVADHSUGAR.NS,AVADH SUG & ENERGY LTD,Consumer Defensive,2026-10-01,764.5999755859375,DISTRIBUTION,0.58,low,EXPANSION,3/5,0.24,0.0,0.426,0.914,-0.667,,0.0,23.190779,47.2,1.3611933,1.25,
AVALON.NS,AVALON TECHNOLOGIES LTD,Technology,2026-10-01,2280.199951171875,EXPANSION,0.53,low,CONTRACTION,1/5,-0.253,-1.0,-0.827,0.815,-1.0,,0.0,114.12412,93.9,21.10632,0.0,145.3
AVANTEL.NS,AVANTEL LIMITED,Technology,2026-10-01,150.27999877929688,CONTRACTION,0.71,medium,ACCUMULATION,1/5,0.122,0.0,0.945,-0.458,0.333,,0.0,349.48837,98.2,11.806112,0.13,67.2
AVANTIFEED.NS,AVANTI FEEDS LIMITED,Consumer Defensive,2026-10-01,711.5499877929688,CONTRACTION,0.89,low,,,-0.778,-1.0,-0.231,-0.993,0.2,,0.0,18.291773,36.9,2.9502125,1.39,-42.1
AVG.NS,AVG LOGISTICS LIMITED,Industrials,2026-10-01,166.0,DISTRIBUTION,0.53,medium,ACCUMULATION,2/5,0.35,-1.0,0.751,0.647,-1.0,,0.0,9.410431,12.5,0.9222222,0.72,29.799999999999997
AVL.NS,ADITYA VISION LIMITED,Consumer Cyclical,2026-10-01,572.2999877929688,EXPANSION,0.36,low,DISTRIBUTION,3/5,-0.034,1.0,-0.941,-0.196,-1.0,,0.0,53.18773,80.7,10.689204,0.21,40.0
AVONMORE.NS,AVONMORE CAP&MGT SERV LTD,Financial Services,2026-10-01,12.789999961853027,CONTRACTION,0.53,low,DISTRIBUTION,2/5,0.077,0.0,-0.51,0.82,-1.0,,0.0,23.685184,48.4,0.87488884,0.0,196.6
AVROIND.NS,AVRO INDIA LIMITED,Consumer Cyclical,2026-10-01,6.679999828338623,CONTRACTION,0.78,low,,,-0.855,-1.0,-0.5,-0.993,1.0,,0.0,,,1.0033042,0.0,-34.1
AVTNPL.NS,AVT NATURAL PRODUCTS LTD,Basic Materials,2026-10-01,87.8499984741211,EXPANSION,0.53,low,,,0.279,0.0,-0.097,0.903,0.0,,0.0,15.972727,32.4,2.3918428,0.99,156.7
AWFIS.NS,AWFIS SPACE SOLUTIONS LTD,Industrials,2026-10-01,235.25999450683594,ACCUMULATION,0.53,low,CONTRACTION,3/5,-0.249,0.0,-0.945,-0.056,0.0,,0.0,19.836426,40.5,3.0462253,0.0,140.2
AWHCL.NS,ANTONY WASTE HDG CELL LTD,Industrials,2026-10-01,355.3999938964844,CONTRACTION,0.53,low,,,-0.091,1.0,0.39,-0.95,-1.0,,0.0,17.252426,35.4,1.3646766,0.14,-95.7
AWL.NS,AWL AGRI BUSINESS LIMITED,Consumer Defensive,2026-10-01,175.42999267578125,ACCUMULATION,0.53,low,CONTRACTION,2/5,-0.34,-1.0,-0.57,0.192,0.0,,0.0,19.623043,40.0,2.1731536,0.56,48.199999999999996
AXISBANK.NS,AXIS BANK LIMITED,Financial Services,2026-10-01,1217.0999755859375,ACCUMULATION,0.36,low,CONTRACTION,3/5,-0.347,0.0,-0.983,-0.974,1.0,,0.0,13.695285,25.2,1.6961955,0.08,22.2
AXISCADES.NS,AXISCADES TECH LTD,Industrials,2026-10-01,2307.300048828125,EXPANSION,0.58,low,,,0.354,1.0,0.611,0.129,0.0,,0.0,156.63953,95.6,13.509969,0.0,
AXITA.NS,AXITA COTTON LIMITED,Consumer Cyclical,2026-10-01,7.579999923706055,CONTRACTION,0.53,low,,,-0.21,0.0,-0.738,-0.1,0.0,,0.0,84.22222,89.9,4.466706,0.65,55.800000000000004
AYMSYNTEX.NS,AYM SYNTEX LIMITED,Consumer Cyclical,2026-10-01,279.95001220703125,EXPANSION,0.58,low,CONTRACTION,2/5,-0.326,-1.0,-0.512,0.87,-1.0,,0.0,87.21184,90.6,2.788041,0.0,
AZAD.NS,AZAD ENGINEERING LIMITED,Industrials,2026-10-01,2860.89990234375,EXPANSION,0.71,low,,,0.695,1.0,0.875,0.904,-1.0,BUTTERFLY,0.0,132.26537,94.9,12.089007,0.0,20.3
BAFNAPH.NS,BAFNA PHARMACEUTICALS LTD,Healthcare,2026-10-01,378.75,EXPANSION,0.53,low,,,0.455,1.0,0.818,1.0,-1.0,,0.0,114.42599,94.0,9.335486,0.0,-97.8
BAGFILMS.NS,B.A.G FILMS AND MEDIA LTD,Communication Services,2026-10-01,4.070000171661377,CONTRACTION,0.71,low,,,-0.44,-1.0,-0.511,-0.248,0.0,,0.0,22.61111,46.3,0.49315402,0.0,59.599999999999994
BAIDFIN.NS,BAID FINSERV LIMITED,Financial Services,2026-10-01,10.3100004196167,DISTRIBUTION,0.53,low,,,0.027,0.0,-0.515,-0.084,-0.5,,0.0,9.458715,12.6,0.6859614,0.96,8.200000000000001
BAJAJ-AUTO.NS,BAJAJ AUTO LIMITED,Consumer Cyclical,2026-10-01,10045.0,DISTRIBUTION,0.36,low,ACCUMULATION,1/5,-0.114,0.0,-0.5,0.046,0.0,,0.0,23.870062,49.0,7.23001,1.38,45.9
BAJAJCON.NS,BAJAJ CONSUMER CARE LTD,Consumer Defensive,2026-10-01,497.04998779296875,ACCUMULATION,0.71,low,CONTRACTION,3/5,-0.717,-1.0,-0.955,-0.911,0.0,,0.0,29.498514,58.8,8.814506,0.0,86.5
BAJAJELEC.NS,BAJAJ ELECT.LTD,Consumer Cyclical,2026-10-01,299.79998779296875,CONTRACTION,0.39,low,,,-0.193,-1.0,-0.508,0.331,0.0,,0.0,,,2.1700263,0.99,5215.400000000001
BAJAJFINSV.NS,BAJAJ FINSERV LTD.,Financial Services,2026-10-01,1732.5999755859375,DISTRIBUTION,0.36,low,,,0.031,1.0,-0.5,-0.185,1.0,,0.0,27.423235,55.3,3.5551307,0.08,12.3
BAJAJHCARE.NS,BAJAJ HEALTHCARE LIMITED,Healthcare,2026-10-01,322.95001220703125,EXPANSION,0.71,low,,,0.215,0.0,0.082,0.881,0.0,,0.0,46.135715,76.5,1.933705,0.46,15.8
BAJAJHFL.NS,BAJAJ HOUSING FINANCE LTD,Financial Services,2026-10-01,82.91000366210938,ACCUMULATION,0.53,low,CONTRACTION,3/5,-0.285,-1.0,-0.941,0.801,-0.333,,0.0,25.668732,52.3,3.0658584,0.0,22.6
BAJAJHIND.NS,BAJAJ HINDUSTHAN SUGAR LT,Consumer Defensive,2026-10-01,19.190000534057617,DISTRIBUTION,0.78,high,,,0.542,1.0,-0.5,0.897,0.0,,0.0,9.453202,12.5,4.552788,0.0,
BAJAJHLDNG.NS,BAJAJ HOLDINGS & INVS LTD,Financial Services,2026-10-01,10666.0,DISTRIBUTION,0.89,medium,,,-0.213,0.0,-0.945,0.483,1.0,,0.0,13.396973,24.3,1.6227577,1.21,-22.400000000000002
BAJAJINDEF.NS,INDEF MANUFACTURING LTD,Industrials,2026-10-01,208.52000427246094,ACCUMULATION,0.89,low,CONTRACTION,3/5,-0.881,-1.0,-0.957,-1.0,-1.0,,0.0,28.21651,56.7,2.473488,0.95,-2.7
BAJEL.NS,BAJEL PROJECTS LIMITED,Utilities,2026-10-01,163.6300048828125,ACCUMULATION,0.53,low,,,-0.372,-1.0,-0.5,0.013,1.0,,0.0,86.121056,90.4,2.5324235,0.36,60.099999999999994
BAJFINANCE.NS,BAJAJ FINANCE LIMITED,Financial Services,2026-10-01,948.2999877929688,EXPANSION,0.36,low,DISTRIBUTION,2/5,-0.016,1.0,-0.945,-0.119,0.0,,0.0,29.088959,58.1,5.172329,0.56,27.400000000000002
BALAJEE.NS,SHREE TIRUPATI BALAJEE L,Consumer Cyclical,2026-10-01,25.200000762939453,EXPANSION,0.53,low,,,0.204,1.0,0.569,0.247,0.0,,0.0,22.300886,45.5,0.673023,0.0,-34.8
BALAJITELE.NS,BALAJI TELEFILMS LIMITED.,Communication Services,2026-10-01,90.04000091552734,CONTRACTION,0.44,low,,,-0.292,0.0,-0.8,-0.076,0.0,,0.0,,,1.734574,0.0,
BALAMINES.NS,BALAJI AMINES LIMITED,Basic Materials,2026-10-01,2052.199951171875,DISTRIBUTION,0.53,low,,,0.238,1.0,-0.501,0.454,0.0,,0.0,32.61602,62.6,3.3642733,0.52,97.2
BALAXI.NS,BALAXI PHARMA LTD,Healthcare,2026-10-01,22.34000015258789,CONTRACTION,0.71,low,,,-0.398,-1.0,-0.526,0.936,-1.0,,0.0,49.644447,78.4,0.495168,0.0,-92.9
BALKRISHNA.NS,BALKRISHNA PAPER MILLS L,Consumer Cyclical,2026-10-01,15.9399995803833,CONTRACTION,0.44,low,ACCUMULATION,3/5,0.097,0.0,0.58,-0.29,0.0,,0.0,,,-0.29131183,0.0,
BALKRISIND.NS,BALKRISHNA IND. LTD,Consumer Cyclical,2026-10-01,2083.5,CONTRACTION,0.53,low,,,-0.418,-1.0,-0.873,0.203,1.0,,0.0,28.694395,57.3,3.6765482,0.76,56.39999999999999
BALMLAWRIE.NS,BALMER LAWRIE & CO LTD,Industrials,2026-10-01,159.3000030517578,CONTRACTION,0.53,low,,,-0.298,-1.0,-0.501,-0.281,-0.25,,0.0,9.755053,13.4,1.314671,10.55,3.5999999999999996
BALPHARMA.NS,BAL PHARMA LTD.,Healthcare,2026-10-01,105.73999786376953,EXPANSION,0.53,medium,DISTRIBUTION,1/5,0.359,1.0,-0.528,0.963,-1.0,,0.0,23.342161,47.6,2.0447073,1.1,460.1
BALRAMCHIN.NS,BALRAMPUR CHINI MILLS LTD,Consumer Defensive,2026-10-01,649.0499877929688,CONTRACTION,0.71,medium,DISTRIBUTION,3/5,-0.147,0.0,-0.506,0.778,0.0,,0.0,35.6034,66.2,3.1680758,1.06,-14.399999999999999
BALUFORGE.NS,BALU FORGE INDUSTRIES LTD,Industrials,2026-10-01,488.95001220703125,CONTRACTION,0.53,low,DISTRIBUTION,2/5,0.031,0.0,-0.5,0.728,-0.333,,0.0,20.063602,41.1,3.1744437,0.03,15.9
BANARBEADS.NS,BANARAS BEADS LTD,Consumer Cyclical,2026-10-01,116.0,EXPANSION,0.71,low,,,0.368,0.0,0.987,0.535,1.0,,0.0,40.701756,71.7,1.3275957,0.0,18.0
BANARISUG.NS,BANNARI AMMAN SUGARS LTD,Consumer Defensive,2026-10-01,3300.5,CONTRACTION,0.78,low,,,-0.66,-1.0,-0.5,-0.31,0.0,,0.0,34.015255,64.9,2.16334,0.38,
BANCOINDIA.NS,BANCO PRODUCTS (I) LTD,Consumer Cyclical,2026-10-01,589.8499755859375,CONTRACTION,0.71,low,ACCUMULATION,2/5,0.008,0.0,0.491,-0.462,0.0,,0.0,17.067417,35.0,5.007768,2.64,11.700000000000001
BANDHANBNK.NS,BANDHAN BANK LIMITED,Financial Services,2026-10-01,176.0,EXPANSION,0.36,low,,,0.026,1.0,-0.5,-0.397,0.0,,0.0,20.977354,43.0,1.1071689,0.84,34.9
BANG.NS,BANG OVERSEAS LTD.,Consumer Cyclical,2026-10-01,31.440000534057617,CONTRACTION,0.71,low,,,-0.389,-1.0,-0.507,-0.05,-1.0,,0.0,9.274336,12.2,0.45567858,0.0,-80.0
BANKA.NS,BANKA BIOLOO LIMITED,Industrials,2026-10-01,68.51000213623047,CONTRACTION,0.78,low,,,-0.729,-1.0,-0.983,-0.067,0.0,,0.0,221.0,96.9,1.9160956,0.0,
BANKBARODA.NS,BANK OF BARODA,Financial Services,2026-10-01,230.82000732421875,CONTRACTION,0.71,low,,,-0.707,-1.0,-0.854,-0.974,1.0,,0.0,6.5741954,4.9,0.70807374,3.69,-48.6
BANKINDIA.NS,BANK OF INDIA,Financial Services,2026-10-01,129.47999572753906,CONTRACTION,0.36,low,ACCUMULATION,3/5,-0.123,0.0,-0.5,-0.993,1.0,,0.0,4.79378,2.6,0.6482265,3.57,80.5
BANSALWIRE.NS,BANSAL WIRE INDUSTRIES L,Basic Materials,2026-10-01,323.04998779296875,EXPANSION,0.53,low,,,0.088,0.0,0.56,0.79,0.0,,0.0,35.53905,66.1,3.5343478,0.0,-47.9
BANSWRAS.NS,BANSWARA SYNTEX LIMITED,Consumer Cyclical,2026-10-01,105.0999984741211,EXPANSION,0.53,low,DISTRIBUTION,3/5,0.002,0.0,-0.911,-0.08,0.0,,0.0,9.677716,13.2,0.6151091,0.92,95.8
BASF.NS,BASF INDIA LTD,Basic Materials,2026-10-01,3417.10009765625,ACCUMULATION,0.53,low,,,-0.245,-1.0,-0.5,0.52,-0.273,,0.0,23.93933,49.1,3.7375338,0.73,162.20000000000002
BASML.NS,BANNARI AM SPIN MILL LTD.,Consumer Cyclical,2026-10-01,22.65999984741211,EXPANSION,0.71,low,DISTRIBUTION,1/5,0.224,0.0,-0.572,0.467,0.429,,0.0,7.655405,7.0,0.38237625,1.09,200.5
BATAINDIA.NS,BATA INDIA LTD,Consumer Cyclical,2026-10-01,613.0,EXPANSION,0.53,low,,,0.176,1.0,-0.5,0.205,-1.0,,0.6,53.819138,81.1,4.9377747,5.49,23.0
BAYERCROP.NS,BAYER CROPSCIENCE LTD,Basic Materials,2026-10-01,3554.199951171875,DISTRIBUTION,0.36,low,,,-0.091,1.0,-0.528,-0.719,0.0,,0.0,21.820972,44.6,5.386017,4.13,15.4
BBL.NS,BHARAT BIJLEE LTD,Industrials,2026-10-01,2069.60009765625,ACCUMULATION,0.89,low,CONTRACTION,2/5,-0.882,-1.0,-0.71,-0.818,-0.143,,0.0,20.928305,42.9,1.1530827,1.67,-29.599999999999998
BBOX.NS,BLACK BOX LIMITED,Technology,2026-10-01,795.8499755859375,EXPANSION,0.71,low,,,0.395,1.0,0.5,0.132,0.0,,0.0,61.03144,85.2,10.976636,0.12,17.9
BBTC.NS,BOMBAY BURMAH TRADING COR,Consumer Defensive,2026-10-01,1334.199951171875,ACCUMULATION,0.53,low,CONTRACTION,1/5,-0.308,-1.0,-0.797,-0.429,0.0,,0.0,7.2165723,6.2,1.3219246,2.5,19.7
BBTCL.NS,B&B TRIPLEWALL CONT LTD,Consumer Cyclical,2026-10-01,229.49000549316406,EXPANSION,0.71,low,DISTRIBUTION,3/5,0.172,0.0,-0.948,0.635,0.0,,0.0,6.6116395,5.0,3.5639522,0.44,651.3
BCG.NS,BRIGHTCOM GROUP LIMITED,Communication Services,2026-10-01,9.520000457763672,DISTRIBUTION,0.71,low,,,0.063,0.0,-0.992,0.242,1.0,,0.0,1.8926442,1.1,0.18178694,0.0,24.0
BCLIND.NS,BCL INDUSTRIES LIMITED,Consumer Defensive,2026-10-01,31.239999771118164,DISTRIBUTION,0.71,medium,,,0.373,1.0,-0.5,0.359,1.0,,0.0,7.9088607,7.5,1.0129045,1.1,5.3
BCONCEPTS.NS,BRAND CONCEPTS LIMITED,Consumer Cyclical,2026-10-01,140.41000366210938,CONTRACTION,0.78,low,,,-0.819,-1.0,-0.519,-0.846,1.0,,0.0,182.35066,96.2,2.114322,0.0,
BDL.NS,BHARAT DYNAMICS LIMITED,Industrials,2026-10-01,1087.9000244140625,ACCUMULATION,0.71,low,,,-0.461,-1.0,-0.5,-0.344,0.0,,0.0,76.55876,88.1,9.396026,0.44,547.4
BEARDSELL.NS,BEARDSELL LIMITED,Industrials,2026-10-01,22.1299991607666,CONTRACTION,0.53,low,,,-0.251,0.0,-0.555,-0.449,-1.0,,0.0,7.9891696,7.8,0.94937795,0.45,-22.1
BECTORFOOD.NS,MRS BECTORS FOOD SPE LTD,Consumer Defensive,2026-10-01,213.02999877929688,CONTRACTION,0.53,low,ACCUMULATION,3/5,-0.155,-1.0,-0.5,0.881,1.0,,0.0,44.01446,75.1,5.1603603,0.63,25.5
BEDMUTHA.NS,BEDMUTHA INDUST LTD,Basic Materials,2026-10-01,110.33000183105469,EXPANSION,0.58,low,,,0.614,1.0,0.969,0.679,-0.667,,0.0,21.299229,43.6,2.3430598,0.0,
BEL.NS,BHARAT ELECTRONICS LTD,Industrials,2026-10-01,383.1000061035156,CONTRACTION,0.71,low,,,-0.692,-1.0,-0.5,-0.987,0.0,,0.0,45.6615,76.1,11.673827,0.64,8.7
BELLACASA.NS,BELLA CASA FASH AND RET L,Consumer Cyclical,2026-10-01,241.22000122070312,EXPANSION,0.71,low,CONTRACTION,3/5,-0.435,1.0,-0.875,-1.0,0.0,,0.0,17.974665,36.5,1.8830161,0.83,-46.1
BELRISE.NS,BELRISE INDUSTRIES LTD,Consumer Cyclical,2026-10-01,237.5,ACCUMULATION,0.71,low,EXPANSION,3/5,0.311,0.0,0.521,1.0,-1.0,,0.0,41.666668,72.6,4.04393,0.23,8.9
BEML.NS,BEML LIMITED,Industrials,2026-10-01,1962.300048828125,EXPANSION,0.58,low,CONTRACTION,3/5,-0.582,-1.0,-0.971,0.434,1.0,,0.0,91.184944,91.5,5.5708227,0.89,
BEPL.NS,BHANSALI ENG. POLYMERS LT,Basic Materials,2026-10-01,123.76000213623047,CONTRACTION,0.53,low,,,-0.081,-1.0,-0.508,0.815,-1.0,,0.0,15.393035,30.1,2.8432274,3.22,42.9
BERGEPAINT.NS,BERGER PAINTS (I) LTD,Basic Materials,2026-10-01,452.3999938964844,ACCUMULATION,0.89,high,,,-0.073,-1.0,0.844,-0.136,0.0,,0.0,43.374878,74.4,7.6270757,0.88,28.499999999999996
BESTAGRO.NS,BEST AGROLIFE LIMITED,Basic Materials,2026-10-01,17.469999313354492,CONTRACTION,0.53,low,,,-0.25,-1.0,-0.523,0.523,1.0,,0.0,20.797619,42.6,0.8059605,0.57,104.1
BETA.NS,BETA DRUGS LIMITED,Healthcare,2026-10-01,2073.300048828125,EXPANSION,0.53,low,DISTRIBUTION,2/5,-0.076,0.0,-0.945,0.643,0.0,,0.0,46.971004,76.8,8.583174,0.0,35.099999999999994
BFINVEST.NS,BF INVESTMENT LIMITED,Financial Services,2026-10-01,428.70001220703125,DISTRIBUTION,0.36,low,CONTRACTION,3/5,0.017,-1.0,-0.507,0.575,-1.0,,0.0,4.1456337,2.1,0.18911797,2.3,279.8
BFUTILITIE.NS,BF UTILITIES LIMITED,Industrials,2026-10-01,504.75,ACCUMULATION,0.39,low,CONTRACTION,3/5,-0.518,-1.0,-0.938,0.073,-1.0,,0.0,13.843939,25.8,9.433169,0.0,
BGRENERGY.NS,BGR ENERGY SYSTEMS LTD,Industrials,2026-10-01,239.7100067138672,EXPANSION,0.44,low,ACCUMULATION,3/5,-0.176,0.0,0.379,-0.907,-1.0,,0.0,,,-0.60466254,0.0,
BHAGCHEM.NS,BHAGIRADHA CHEM & INDS L,Basic Materials,2026-10-01,236.14999389648438,ACCUMULATION,0.53,low,,,-0.282,-1.0,-0.5,0.371,0.0,,0.0,111.39151,93.7,4.3850036,0.06,235.0
BHAGERIA.NS,BHAGERIA INDUSTRIES LTD,Basic Materials,2026-10-01,382.04998779296875,EXPANSION,0.71,low,,,0.622,1.0,0.5,0.987,1.0,,0.0,24.165085,49.6,2.791967,0.62,203.10000000000002
BHAGYANGR.NS,BHAGYANAGAR INDIA LIMITED,Basic Materials,2026-10-01,402.6499938964844,EXPANSION,0.53,low,CONTRACTION,3/5,-0.47,-1.0,-0.941,0.063,-1.0,,0.0,20.491095,41.7,4.9983864,0.0,167.4
BHANDARI.NS,BHANDARI HOSIERY EXP LTD,Consumer Cyclical,2026-10-01,2.819999933242798,DISTRIBUTION,0.89,medium,,,0.021,0.0,-0.515,0.595,1.0,,0.0,9.724138,13.3,0.48345616,0.35,-19.900000000000002
BHARATFORG.NS,BHARAT FORGE LTD,Industrials,2026-10-01,1875.0,ACCUMULATION,0.78,low,CONTRACTION,1/5,-0.588,-1.0,-0.03,-0.528,-1.0,,0.0,126.43291,94.5,9.357314,0.44,
BHARATGEAR.NS,BHARAT GEARS LTD,Consumer Cyclical,2026-10-01,99.63999938964844,ACCUMULATION,0.36,low,,,-0.118,0.0,0.501,-0.974,-1.0,,0.0,10.188139,14.2,1.1662395,0.99,-91.0
BHARATRAS.NS,BHARAT RASAYAN LTD,Basic Materials,2026-10-01,998.5999755859375,CONTRACTION,0.71,low,,,-0.467,-1.0,-0.819,-0.299,0.0,,0.0,11.579313,17.7,1.302054,0.05,-6.1
BHARATSE.NS,BHARAT SEATS LIMITED,Consumer Cyclical,2026-10-01,204.64999389648438,ACCUMULATION,0.53,low,DISTRIBUTION,3/5,0.004,0.0,-0.895,1.0,-0.333,,0.0,27.767979,55.7,5.596117,0.71,16.400000000000002
BHARATWIRE.NS,BHARAT WIRE ROPES LTD.,Basic Materials,2026-10-01,160.1199951171875,CONTRACTION,0.89,low,,,-0.801,-1.0,-0.51,-0.692,1.0,,0.0,22.14661,45.1,1.354676,0.0,-21.6
BHARTIARTL.NS,BHARTI AIRTEL LIMITED,Communication Services,2026-10-01,1741.0999755859375,CONTRACTION,0.71,low,,,-0.645,-1.0,-0.983,-0.596,0.273,,0.0,36.40945,67.3,6.709984,1.37,37.3
BHARTIHEXA.NS,BHARTI HEXACOM LIMITED,Communication Services,2026-10-01,1379.199951171875,ACCUMULATION,0.71,low,CONTRACTION,3/5,-0.598,-1.0,-0.946,-0.447,0.0,,0.0,37.817383,69.1,9.624295,1.26,23.200000000000003
BHEL.NS,BHEL,Industrials,2026-10-01,421.0,DISTRIBUTION,0.58,medium,,,-0.297,0.0,-0.799,0.258,0.0,,0.0,60.315186,84.8,5.6066804,0.34,
BIGBLOC.NS,BIGBLOC CONSTRUCTION LTD,Industrials,2026-10-01,38.779998779296875,EXPANSION,0.78,high,ACCUMULATION,2/5,-0.469,-1.0,0.551,-0.694,0.6,,0.0,323.16666,98.0,3.991765,0.0,
BIKAJI.NS,BIKAJI FOODS INTERN LTD,Consumer Defensive,2026-10-01,504.04998779296875,CONTRACTION,0.53,low,,,-0.213,1.0,-0.528,-0.834,-1.0,GARTLEY,0.0,48.794773,77.8,7.8645983,0.24,0.4
BIL.NS,BHARTIYA INTERNATIONAL,Consumer Cyclical,2026-10-01,987.5499877929688,DISTRIBUTION,0.53,low,,,-0.069,0.0,-0.984,0.707,-1.0,,0.0,51.67713,79.9,2.6826923,0.0,218.1
BILVYAPAR.NS,BIL VYAPAR LIMITED,Basic Materials,2026-10-01,4.210000038146973,EXPANSION,0.58,low,,,0.381,1.0,0.504,0.33,-1.0,,0.0,32.384617,62.3,-0.07072065,0.0,
BIOCON.NS,BIOCON LIMITED.,Healthcare,2026-10-01,370.70001220703125,ACCUMULATION,0.71,low,CONTRACTION,3/5,-0.62,-1.0,-0.849,-0.629,0.111,,0.0,107.76163,93.3,1.7640873,0.14,349.40000000000003
BIOFILCHEM.NS,BIOFIL CHEM & PHARMA LTD,Healthcare,2026-10-01,29.309999465942383,DISTRIBUTION,0.71,medium,,,-0.387,0.0,-0.918,0.372,1.0,,0.0,97.7,92.1,2.2186055,0.0,-95.5
BIRLACABLE.NS,BIRLA CABLE LIMITED,Technology,2026-10-01,383.0,ACCUMULATION,0.53,low,DISTRIBUTION,2/5,0.053,0.0,-0.738,0.95,0.0,,0.0,24.87013,51.0,4.0903945,0.33,2153.5
BIRLACORPN.NS,BIRLA CORPORATION LTD,Basic Materials,2026-10-01,828.9500122070312,ACCUMULATION,0.53,medium,,,-0.014,-1.0,0.975,-0.365,-1.0,,0.0,11.527603,17.6,0.8667507,1.49,-3.2
BIRLAMONEY.NS,ADITYA BIRLA MONEY LTD,Financial Services,2026-10-01,112.81999969482422,CONTRACTION,0.71,low,,,-0.61,-1.0,-0.945,-0.369,-0.167,,0.0,11.752083,18.5,2.1233509,0.0,-27.6
BIRLANU.NS,BIRLANU LIMITED,Industrials,2026-10-01,1391.199951171875,EXPANSION,0.67,low,,,0.392,0.0,0.441,0.736,-1.0,,0.0,,,0.94480187,1.07,
BLACKBUCK.NS,BLACKBUCK LIMITED,Technology,2026-10-01,606.1500244140625,EXPANSION,0.53,low,CONTRACTION,3/5,-0.484,-1.0,-0.96,0.026,1.0,,0.0,65.600655,86.1,7.7839274,0.0,25.1
BLAL.NS,BEML LAND ASSETS LIMITED,Financial Services,2026-10-01,157.8300018310547,ACCUMULATION,0.78,medium,,,-0.585,-1.0,0.236,-0.785,0.0,,0.0,292.27777,97.8,591.1236,0.0,
BLBLIMITED.NS,BLB LIMITED,Financial Services,2026-10-01,16.639999389648438,EXPANSION,0.71,low,,,0.589,1.0,0.983,0.374,0.0,,0.0,3.2123551,1.3,0.6749959,0.0,-51.9
BLISSGVS.NS,BLISS GVS PHARMA LTD,Healthcare,2026-10-01,683.5999755859375,DISTRIBUTION,0.53,low,,,0.249,1.0,-0.481,0.566,0.0,,0.0,54.082275,81.2,6.0623255,0.29,16.400000000000002
BLKASHYAP.NS,B.L.KASHYAP & SON LTD,Industrials,2026-10-01,50.22999954223633,EXPANSION,0.53,low,CONTRACTION,1/5,-0.276,0.0,-0.498,0.089,1.0,,0.0,1674.3334,99.6,2.1320033,0.0,-7.8
BLS.NS,BLS INTL SERVS LTD,Industrials,2026-10-01,216.50999450683594,ACCUMULATION,0.53,low,CONTRACTION,3/5,-0.395,-1.0,-0.951,-0.126,1.0,,0.0,12.668812,21.3,3.6171813,1.15,11.200000000000001
BLSE.NS,BLS E-SERVICES LIMITED,Industrials,2026-10-01,322.04998779296875,DISTRIBUTION,0.53,low,CONTRACTION,2/5,-0.381,-1.0,-0.969,0.841,-1.0,,0.0,50.5573,79.0,5.608282,0.3,4.2
BLUECOAST.NS,BLUE COAST HOTELS LIMITED,Consumer Cyclical,2026-10-01,22.0,CONTRACTION,0.44,low,EXPANSION,1/5,0.633,1.0,0.945,-0.047,1.0,BUTTERFLY,0.0,,,-1.3954079,0.0,
BLUEDART.NS,BLUE DART EXPRESS LTD,Industrials,2026-10-01,4496.7998046875,ACCUMULATION,0.53,low,,,-0.366,-1.0,-0.5,0.037,-1.0,,0.0,37.219,68.1,6.0043473,0.54,81.2
BLUEJET.NS,BLUE JET HEALTHCARE LTD,Healthcare,2026-10-01,541.7999877929688,DISTRIBUTION,0.71,medium,,,-0.292,0.0,-0.93,0.616,0.0,,0.0,39.95575,71.2,6.9109783,0.22,-14.2
BLUESTARCO.NS,BLUE STAR LIMITED,Industrials,2026-10-01,1459.5999755859375,EXPANSION,0.71,low,CONTRACTION,1/5,-0.32,1.0,-0.5,-0.897,0.0,,0.0,58.997574,84.2,8.745199,0.56,-15.299999999999999
BLUESTONE.NS,BLUESTONE JEWEL LFSTL LTD,Consumer Cyclical,2026-10-01,787.9500122070312,CONTRACTION,0.58,low,,,-0.423,-1.0,-0.98,1.0,-1.0,,0.0,202.55783,96.5,6.6613407,0.0,
BLUSPRING.NS,BLUSPRING ENTERPRISES LTD,Industrials,2026-10-01,147.82000732421875,EXPANSION,0.67,low,,,0.984,1.0,0.952,1.0,1.0,,0.0,,,3.256808,0.0,
BMWVENTLTD.NS,BMW VENTURES LIMITED,Basic Materials,2026-10-01,50.83000183105469,ACCUMULATION,0.36,low,CONTRACTION,1/5,-0.157,0.0,-0.828,-0.799,-1.0,,0.0,11.026031,16.4,0.9982914,5.83,31.8
BODALCHEM.NS,BODAL CHEMICALS LTD,Basic Materials,2026-10-01,189.75,EXPANSION,0.53,low,DISTRIBUTION,2/5,0.016,0.0,-0.875,0.94,-1.0,,0.0,34.816517,65.6,2.0609543,0.0,218.7
BOHRAIND.NS,BOHRA INDUSTRIES LIMITED,Basic Materials,2026-10-01,14.739999771118164,ACCUMULATION,0.67,low,EXPANSION,3/5,0.269,0.0,0.504,0.303,-1.0,,0.0,,,0.42166087,0.0,
BOMDYEING.NS,BOMBAY DYEING & MFG. CO L,Consumer Cyclical,2026-10-01,102.62999725341797,CONTRACTION,0.89,low,,,-0.55,-1.0,-0.002,-0.199,0.0,,0.0,105.804115,93.2,0.9277623,0.38,-48.699999999999996
BORANA.NS,BORANA WEAVES LIMITED,Consumer Cyclical,2026-10-01,272.95001220703125,CONTRACTION,0.53,low,,,-0.385,-1.0,-0.538,-1.0,-1.0,,0.0,10.506159,15.0,2.5861008,0.0,35.0
BOROLTD.NS,BOROSIL LIMITED,Consumer Cyclical,2026-10-01,280.20001220703125,EXPANSION,0.53,low,,,0.488,1.0,0.959,0.993,0.0,,0.0,47.979454,77.4,3.7588542,0.0,-26.5
BORORENEW.NS,BOROSIL RENEWABLES LTD,Technology,2026-10-01,449.6000061035156,CONTRACTION,0.58,low,,,-0.424,0.0,-0.817,-0.48,1.0,,0.0,15.931964,32.2,4.170106,0.0,
BOROSCI.NS,BOROSIL SCIENTIFIC LTD,Consumer Cyclical,2026-10-01,112.72000122070312,CONTRACTION,0.78,low,,,-0.585,-1.0,-0.514,-0.033,0.0,,0.0,23.241238,47.4,2.2712526,0.0,
BOSCH-HCIL.NS,BOSCH HOME COMFRT IND LTD,Consumer Cyclical,2026-10-01,1967.199951171875,ACCUMULATION,0.71,medium,,,0.236,-1.0,0.942,1.0,1.0,,0.0,1164.0236,99.5,10.708998,3.81,49.4
BOSCHLTD.NS,BOSCH LIMITED,Consumer Cyclical,2026-10-01,45480.0,DISTRIBUTION,0.71,low,CONTRACTION,2/5,-0.483,-1.0,-0.5,0.567,1.0,,0.0,56.8003,82.9,9.035721,0.57,-36.7
BPCL.NS,BHARAT PETROLEUM CORP  LT,Energy,2026-10-01,300.6000061035156,ACCUMULATION,0.58,low,CONTRACTION,2/5,-0.457,-1.0,-0.774,-0.325,0.0,,0.0,7.4943905,6.6,1.282571,6.6,
BPL.NS,BPL LTD,Technology,2026-10-01,45.290000915527344,CONTRACTION,0.44,medium,ACCUMULATION,2/5,0.288,0.0,0.938,-0.073,1.0,,0.0,,,0.93744826,0.0,
BRIGADE.NS,BRIGADE ENTER. LTD,Real Estate,2026-10-01,569.5499877929688,CONTRACTION,0.53,low,ACCUMULATION,1/5,-0.16,-1.0,-0.5,0.861,0.0,,0.0,28.779684,57.5,27.234255,0.35,33.7
BRIGHOTEL.NS,BRIGADE HOTEL VENTURE LTD,Consumer Cyclical,2026-10-01,56.939998626708984,ACCUMULATION,0.89,high,,,-0.243,-1.0,0.714,-0.687,0.2,,0.0,31.633333,61.3,2.2586277,0.0,156.8
BRITANNIA.NS,BRITANNIA INDUSTRIES LTD,Consumer Defensive,2026-10-01,4778.0,DISTRIBUTION,0.53,low,CONTRACTION,3/5,-0.12,1.0,-0.5,-0.821,1.0,,0.6,44.163044,75.2,22.537098,1.87,13.600000000000001
BRNL.NS,BHARAT ROAD NETWORK LTD,Industrials,2026-10-01,16.030000686645508,ACCUMULATION,0.67,high,,,-0.204,-1.0,0.776,-0.387,1.0,,0.0,,,0.19114737,0.0,
BROOKS.NS,BROOKS LAB LIMITED,Healthcare,2026-10-01,54.79999923706055,DISTRIBUTION,0.78,low,,,0.012,0.0,-0.505,0.252,0.0,,0.0,12.2049,19.8,1.3160739,0.0,
BSE.NS,BSE LIMITED,Financial Services,2026-10-01,3046.0,CONTRACTION,0.71,low,,,-0.648,-1.0,-0.598,-0.993,1.0,,0.0,44.376457,75.3,15.687365,0.32,62.0
BSHSL.NS,BOMBAY SUPER HYBRID SEEDS,Basic Materials,2026-10-01,83.94999694824219,DISTRIBUTION,0.53,low,CONTRACTION,3/5,-0.29,-1.0,-0.501,0.425,-1.0,,0.0,30.750914,60.2,6.729998,0.0,16.6
BSL.NS,BSL LTD,Consumer Cyclical,2026-10-01,118.19999694824219,EXPANSION,0.53,low,,,0.062,0.0,-0.234,0.482,0.0,,0.0,33.579544,63.6,1.0145401,0.66,270.2
BSOFT.NS,BIRLASOFT LIMITED,Technology,2026-10-01,269.75,ACCUMULATION,0.53,low,CONTRACTION,3/5,-0.517,-1.0,-0.961,-0.745,-1.0,,0.0,13.203622,23.7,1.8331012,2.39,51.300000000000004
BTML.NS,BODHI TREE MULTIMEDIA LTD,Communication Services,2026-10-01,7.090000152587891,DISTRIBUTION,0.71,medium,,,-0.172,0.0,-0.5,0.797,1.0,SHARK,0.0,19.694445,40.0,1.3793775,0.0,-34.5
BURNPUR.NS,BURNPUR CEMENT LIMITED,Basic Materials,2026-10-01,12.5600004196167,ACCUMULATION,0.67,low,CONTRACTION,3/5,-0.971,-1.0,-0.927,-0.987,0.0,,0.0,,,-0.037747305,0.0,
BUTTERFLY.NS,BTRFLY GANDHI APPL LTD,Consumer Cyclical,2026-10-01,550.5,ACCUMULATION,0.71,low,,,-0.511,-1.0,-0.5,-0.542,0.0,,0.0,20.44948,41.5,2.6440542,0.0,38.1
BVCL.NS,BARAK VALLEY CEM. LTD.,Basic Materials,2026-10-01,41.38999938964844,CONTRACTION,0.53,low,EXPANSION,1/5,0.427,1.0,0.75,-0.043,-1.0,,0.0,45.483513,76.0,0.7268927,0.0,130.29999999999998
BYKE.NS,THE BYKE HOSPITALITY LTD,Consumer Cyclical,2026-10-01,28.809999465942383,CONTRACTION,0.53,low,,,-0.428,-1.0,-0.512,0.184,0.0,,0.0,22.16154,45.2,0.6520755,0.0,4.6
CALSOFT.NS,CALIFORNIA SOFTWARE CO LT,Technology,2026-10-01,36.40999984741211,EXPANSION,0.53,low,DISTRIBUTION,3/5,0.13,0.0,-0.775,0.924,1.0,,0.0,15.36287,30.0,5.4538646,0.0,2070.7999999999997
CAMLINFINE.NS,CAMLIN FINE SCIENCES LTD,Basic Materials,2026-10-01,91.01000213623047,CONTRACTION,0.67,low,,,-0.614,-1.0,-0.535,-0.306,1.0,,0.0,,,1.6795542,0.0,
CAMPUS.NS,CAMPUS ACTIVEWEAR LIMITED,Consumer Cyclical,2026-10-01,205.8300018310547,CONTRACTION,0.53,low,,,-0.379,0.0,-0.5,-0.957,1.0,,0.0,40.920475,71.8,6.9408193,0.72,17.7
CAMS.NS,COMPUTER AGE MNGT SER LTD,Technology,2026-10-01,677.25,ACCUMULATION,0.71,low,CONTRACTION,2/5,-0.52,-1.0,-0.855,-0.159,0.0,,0.0,34.101208,65.0,12.71449,1.91,17.299999999999997
CANBK.NS,CANARA BANK,Financial Services,2026-10-01,118.36000061035156,ACCUMULATION,0.53,low,CONTRACTION,1/5,-0.399,-1.0,-0.735,-0.861,0.0,,0.0,5.4020996,3.3,0.91211736,3.52,62.2
CANFINHOME.NS,CAN FIN HOMES LTD,Financial Services,2026-10-01,711.0,CONTRACTION,0.53,low,,,-0.376,-1.0,-0.5,-0.993,-1.0,,0.0,8.377519,9.6,1.5830464,2.22,19.6
CANHLIFE.NS,CANARA HSBC LIFE INS CO L,Financial Services,2026-10-01,143.85000610351562,CONTRACTION,0.53,low,,,-0.34,-1.0,-0.501,0.14,-1.0,,0.0,104.239136,93.0,8.365318,0.27,20.200000000000003
CANTABIL.NS,CANTABIL RETAIL LTD,Consumer Cyclical,2026-10-01,224.66000366210938,ACCUMULATION,0.53,low,CONTRACTION,3/5,-0.436,0.0,-0.968,-0.599,0.0,,0.0,19.28412,39.5,3.9256322,0.65,11.3
CAPACITE.NS,CAPACITE INFRAPROJECT LTD,Industrials,2026-10-01,180.3300018310547,CONTRACTION,0.71,low,,,-0.474,-1.0,-0.846,-0.209,1.0,,0.0,8.272018,8.9,0.79926074,0.0,-13.700000000000001
CAPITALSFB.NS,CAPITAL SMALL FIN BANK L,Financial Services,2026-10-01,277.5,EXPANSION,0.89,low,,,0.732,1.0,0.488,0.438,0.143,,0.0,8.383686,9.6,0.84713423,1.73,28.999999999999996
CAPLIPOINT.NS,CAPLIN POINT LAB LTD.,Healthcare,2026-10-01,2631.89990234375,EXPANSION,0.71,low,,,0.283,0.0,0.607,0.631,-1.0,,0.0,30.182339,59.6,5.6964574,0.29,15.8
CAPTRUST.NS,CAPITAL TRUST LIMITED,Financial Services,2026-10-01,19.06999969482422,DISTRIBUTION,0.44,low,CONTRACTION,1/5,-0.2,-1.0,-0.5,0.9,0.429,,0.0,,,1.0542902,0.0,
CARBORUNIV.NS,CARBORUNDUM UNIVERSAL LTD,Industrials,2026-10-01,1239.699951171875,EXPANSION,0.71,low,,,0.333,0.0,0.56,0.771,0.0,,0.0,112.49545,93.8,6.055499,0.32,23.400000000000002
CARERATING.NS,CARE RATINGS LIMITED,Financial Services,2026-10-01,1602.699951171875,CONTRACTION,0.71,low,,,-0.49,-1.0,-0.504,-0.455,1.0,,0.0,27.159803,54.9,5.164519,1.36,25.1
CARRARO.NS,CARRARO INDIA LIMITED,Consumer Cyclical,2026-10-01,518.0999755859375,ACCUMULATION,0.89,medium,,,-0.202,-1.0,0.641,-0.145,-0.111,,0.0,22.169447,45.3,5.216997,1.28,7.8
CARTRADE.NS,CARTRADE TECH LIMITED,Consumer Cyclical,2026-10-01,2806.60009765625,DISTRIBUTION,0.36,low,CONTRACTION,3/5,-0.102,0.0,-0.5,0.103,0.0,,0.0,60.48707,84.9,5.408541,0.0,19.5
CARYSIL.NS,CARYSIL LIMITED,Consumer Cyclical,2026-10-01,1044.800048828125,CONTRACTION,0.71,low,,,-0.464,-1.0,-0.527,-0.328,0.0,,0.0,27.853909,56.0,4.8883424,0.29,37.7
CASTROLIND.NS,CASTROL INDIA LIMITED,Energy,2026-10-01,199.0399932861328,EXPANSION,0.71,low,,,0.611,1.0,0.5,0.851,0.143,,0.0,18.54986,37.7,10.329008,6.23,42.5
CCAVENUE.NS,AVENUESAI LIMITED,Technology,2026-10-01,15.279999732971191,EXPANSION,0.53,low,DISTRIBUTION,3/5,-0.038,0.0,-0.928,0.46,1.0,,0.0,15.916667,32.2,0.91267467,0.0,24.3
CCCL.NS,CONS. CONST. CONSORT LTD,Industrials,2026-10-01,13.449999809265137,CONTRACTION,0.67,high,ACCUMULATION,3/5,-0.169,-1.0,0.875,-0.381,1.0,,0.0,,,2.1554487,0.0,
CCHHL.NS,COUNTRY CLUB HOSP HOL LTD,Consumer Cyclical,2026-10-01,12.989999771118164,EXPANSION,0.78,low,,,0.728,1.0,0.569,0.478,-1.0,,0.0,,,0.71213204,0.0,62.2
CCL.NS,CCL PRODUCTS (I) LTD,Consumer Defensive,2026-10-01,1056.5999755859375,CONTRACTION,0.71,medium,ACCUMULATION,1/5,-0.118,0.0,0.5,-0.97,0.0,,0.0,32.61111,62.5,6.001772,0.56,61.3
CDSL.NS,CENTRAL DEPO SER (I) LTD,Financial Services,2026-10-01,1242.5,CONTRACTION,0.71,low,,,-0.425,-1.0,-0.507,-0.063,1.0,,0.0,55.22222,82.2,13.2506485,1.01,14.799999999999999
CEATLTD.NS,CEAT LIMITED,Consumer Cyclical,2026-10-01,3286.60009765625,ACCUMULATION,0.89,low,CONTRACTION,3/5,-0.82,-1.0,-0.711,-0.57,0.0,,0.0,22.523302,46.1,2.2595818,1.07,-96.39999999999999
CEIGALL.NS,CEIGALL INDIA LIMITED,Industrials,2026-10-01,380.1000061035156,EXPANSION,0.53,low,DISTRIBUTION,3/5,-0.158,0.0,-0.91,0.397,0.636,,0.0,20.435484,41.4,3.0373497,0.13,15.299999999999999
CELEBRITY.NS,CELEBRITY FASHIONS LTD,Consumer Cyclical,2026-10-01,6.260000228881836,ACCUMULATION,0.44,low,CONTRACTION,1/5,-0.339,0.0,-0.959,-0.057,1.0,,0.0,,,3.400326,0.0,
CELLO.NS,CELLO WORLD LIMITED,Consumer Cyclical,2026-10-01,323.1000061035156,ACCUMULATION,0.89,medium,,,-0.162,-1.0,0.984,-0.143,-1.0,,0.0,22.500002,46.0,2.6423397,0.46,0.5
CEMPRO.NS,CEMINDIA PROJECTS LIMITED,Industrials,2026-10-01,1178.9000244140625,ACCUMULATION,0.53,low,CONTRACTION,2/5,-0.483,-1.0,-0.739,0.242,0.0,,0.0,33.634808,63.9,8.439764,0.25,2.6
CENTENKA.NS,CENTURY ENKA LTD,Consumer Cyclical,2026-10-01,537.7999877929688,DISTRIBUTION,0.71,low,,,0.284,0.0,-0.52,0.654,-1.0,,0.0,7.9875236,7.7,0.78559,1.98,301.2
CENTEXT.NS,CENTURY EXTRUSIONS LTD,Basic Materials,2026-10-01,18.18000030517578,CONTRACTION,0.53,low,ACCUMULATION,3/5,-0.241,-1.0,-0.5,-0.133,-1.0,,0.0,12.985715,22.7,1.7543182,0.0,59.699999999999996
CENTRALBK.NS,CENTRAL BANK OF INDIA,Financial Services,2026-10-01,30.0,CONTRACTION,0.53,low,,,-0.404,-1.0,-0.894,-0.301,-1.0,,0.0,6.0606065,4.1,0.6637902,4.56,3.2
CENTRUM.NS,CENTRUM CAPITAL LIMITED,Financial Services,2026-10-01,19.899999618530273,CONTRACTION,0.67,low,,,-0.555,-1.0,-0.5,-0.166,1.0,,0.0,,,3.1084037,0.0,
CENTUM.NS,CENTUM ELECTRONICS LTD,Technology,2026-10-01,4701.7001953125,EXPANSION,0.71,low,,,0.316,0.0,0.5,0.763,0.5,,0.0,73.68281,87.7,20.194052,0.1,2257.0
CENTURYPLY.NS,CENTURY PLYBOARDS (I) LTD,Basic Materials,2026-10-01,666.4500122070312,ACCUMULATION,0.71,low,,,-0.558,-1.0,-0.5,-0.734,1.0,,0.0,50.91291,79.4,5.6800847,0.15,54.900000000000006
CERA.NS,CERA SANITARYWARE LTD,Industrials,2026-10-01,5096.5,CONTRACTION,0.71,low,,,-0.556,-1.0,-0.786,0.13,1.0,,0.0,32.41636,62.3,4.464485,1.47,-2.7
CESC.NS,CESC LTD,Utilities,2026-10-01,131.6199951171875,EXPANSION,0.53,low,DISTRIBUTION,3/5,-0.071,1.0,-0.944,-0.911,1.0,,0.0,11.211244,16.9,1.3931875,4.48,3.9
CEWATER.NS,CONCORD ENVIRO SYSTEMS L,Utilities,2026-10-01,253.4499969482422,ACCUMULATION,0.78,low,CONTRACTION,3/5,-0.986,-1.0,-0.95,-1.0,-0.25,,0.0,974.80774,99.4,0.9176521,0.0,
CGCL.NS,CAPRI GLOBAL CAPITAL LTD,Financial Services,2026-10-01,249.22999572753906,DISTRIBUTION,0.53,low,,,0.068,0.0,-0.507,0.778,0.0,,0.0,21.24723,43.5,3.3356085,0.08,102.0
CGPOWER.NS,CG POWER AND IND SOL LTD,Industrials,2026-10-01,879.0,CONTRACTION,0.36,low,,,-0.146,0.0,-0.627,0.136,0.0,,0.0,110.70529,93.6,17.368452,0.15,16.3
CHALET.NS,CHALET HOTELS LIMITED,Consumer Cyclical,2026-10-01,830.25,DISTRIBUTION,0.71,low,,,-0.268,0.0,-0.374,0.301,0.0,,0.0,34.464508,65.2,4.913187,0.24,-57.599999999999994
CHAMBLFERT.NS,CHAMBAL FERTILIZERS LTD,Basic Materials,2026-10-01,399.29998779296875,ACCUMULATION,0.53,low,CONTRACTION,1/5,-0.168,-1.0,0.038,-0.093,1.0,,0.0,8.296281,9.1,1.5351374,2.93,-4.6
CHEMBOND.NS,CHEMBOND MATERIALTECH LTD,Basic Materials,2026-10-01,177.63999938964844,DISTRIBUTION,0.53,low,,,0.071,0.0,-0.707,0.728,-0.111,,0.0,16.448149,33.7,1.4310111,1.09,43.5
CHEMBONDCH.NS,CHEMBOND CHEMICAL LIMITED,Basic Materials,2026-10-01,215.80999755859375,DISTRIBUTION,0.53,medium,,,0.396,1.0,-0.809,1.0,0.0,,0.0,15.187192,29.5,2.8042932,0.55,52.1
CHEMCON.NS,CHEMCON SPECIAL CHEM LTD,Basic Materials,2026-10-01,215.92999267578125,EXPANSION,0.53,low,DISTRIBUTION,3/5,-0.056,0.0,-0.938,0.713,-1.0,,0.0,28.079323,56.3,1.636515,5.98,71.6
CHEMFAB.NS,CHEMFAB ALKALIS LIMITED,Basic Materials,2026-10-01,328.3500061035156,CONTRACTION,0.39,low,,,-0.204,-1.0,-0.99,0.776,-0.6,,0.0,,,1.2466352,0.37,124.9
CHEMPLASTS.NS,CHEMPLAST SANMAR LIMITED,Basic Materials,2026-10-01,191.55999755859375,EXPANSION,0.67,low,,,0.67,1.0,0.655,0.354,0.0,,0.0,,,1.726139,0.0,
CHENNPETRO.NS,CHENNAI PETROLEUM CORP LT,Energy,2026-10-01,1346.4000244140625,DISTRIBUTION,0.78,low,,,0.133,0.0,-0.559,0.523,1.0,,0.0,4.8022256,2.7,1.8048136,4.32,
CHEVIOT.NS,CHEVIOT COMPANY LIMITED,Consumer Cyclical,2026-10-01,1167.0,DISTRIBUTION,0.71,low,,,0.303,0.0,-0.615,0.827,-0.2,,0.0,9.982891,13.7,0.96585095,2.11,57.8
CHOICEIN.NS,CHOICE INTERNATIONAL LTD,Financial Services,2026-10-01,719.4000244140625,ACCUMULATION,0.53,low,CONTRACTION,3/5,-0.338,0.0,-0.956,-0.279,0.0,,0.0,67.86793,86.7,8.510084,0.0,15.299999999999999
CHOLAFIN.NS,CHOLAMANDALAM IN & FIN CO,Financial Services,2026-10-01,1580.0,ACCUMULATION,0.71,low,,,-0.394,-1.0,-0.5,-0.076,-1.0,,0.0,23.331364,47.6,4.419865,0.12,45.6
CHOLAHLDNG.NS,CHOLAMANDALAM FIN HOL LTD,Financial Services,2026-10-01,1369.5999755859375,CONTRACTION,0.53,low,,,-0.289,-1.0,-0.665,-0.493,1.0,,0.0,9.638961,13.1,1.6641494,0.09,39.300000000000004
CIEINDIA.NS,CIE AUTOMOTIVE INDIA LTD,Consumer Cyclical,2026-10-01,376.3500061035156,ACCUMULATION,0.71,medium,,,-0.074,0.0,0.517,-0.983,-1.0,,0.0,16.334635,33.4,1.84394,1.81,15.8
CIFL.NS,CAPITAL INDIA FINANCE LTD,Financial Services,2026-10-01,20.760000228881836,ACCUMULATION,0.78,high,,,-0.563,-1.0,0.531,-1.0,1.0,,0.0,20.76,42.5,1.2059951,0.1,
CINELINE.NS,CINELINE INDIA LIMITED,Communication Services,2026-10-01,85.95999908447266,CONTRACTION,0.58,low,,,-0.355,-1.0,-0.559,0.817,0.0,,0.0,23.811634,48.7,1.8970274,1.44,
CINEVISTA.NS,CINEVISTA LIMITED,Communication Services,2026-10-01,13.630000114440918,ACCUMULATION,0.36,low,CONTRACTION,2/5,-0.256,0.0,-0.67,-0.563,-1.0,,0.0,12.858491,21.9,1.3826334,0.0,0.8
CIPLA.NS,CIPLA LTD,Healthcare,2026-10-01,1344.0,EXPANSION,0.71,low,CONTRACTION,2/5,-0.578,-1.0,-0.409,0.096,-1.0,,0.0,32.207047,62.1,3.153057,0.97,-39.2
CLEAN.NS,CLEAN SCIENCE & TECH LTD,Basic Materials,2026-10-01,803.0499877929688,DISTRIBUTION,0.53,low,,,-0.013,0.0,-0.502,0.834,0.0,,0.0,36.63549,67.6,5.391732,0.76,4.7
CLEDUCATE.NS,CL EDUCATE LIMITED,Consumer Defensive,2026-10-01,57.90999984741211,CONTRACTION,0.44,low,ACCUMULATION,1/5,0.08,-1.0,0.5,0.739,1.0,,0.0,,,1.2268288,0.0,
CLSEL.NS,CHAMAN LAL SETIA EXP LTD,Consumer Defensive,2026-10-01,281.95001220703125,DISTRIBUTION,0.71,low,,,0.285,0.0,-0.504,0.666,1.0,,0.0,11.188492,16.8,1.6716074,1.06,47.8
CMSINFO.NS,CMS INFO SYSTEMS LIMITED,Industrials,2026-10-01,220.69000244140625,ACCUMULATION,0.36,low,,,-0.04,0.0,0.318,-0.47,-0.286,,0.0,12.426239,20.5,1.4913199,2.26,-10.6
CNL.NS,CREATIVE NEWTECH LIMITED,Technology,2026-10-01,1079.199951171875,EXPANSION,0.53,low,,,0.081,0.0,-0.5,0.826,1.0,,0.0,24.866358,50.9,4.9158673,0.05,39.0
COALINDIA.NS,COAL INDIA LTD,Energy,2026-10-01,420.3999938964844,ACCUMULATION,0.53,medium,,,0.168,0.0,0.985,-0.848,-1.0,,0.0,8.31981,9.2,2.1750827,4.94,1.4000000000000001
COASTCORP.NS,COASTAL CORPORATION LTD,Consumer Defensive,2026-10-01,35.81999969482422,ACCUMULATION,0.53,medium,,,0.257,0.0,0.876,-0.85,-1.0,,0.0,7.37037,6.4,0.84443295,0.76,101.1
COCHINSHIP.NS,COCHIN SHIPYARD LIMITED,Industrials,2026-10-01,1287.0,CONTRACTION,0.89,low,,,-0.685,-1.0,-0.501,-0.255,0.0,,0.0,49.67194,78.5,5.76507,0.86,-19.400000000000002
COFFEEDAY.NS,COFFEE DAY ENTERPRISE LTD,Consumer Cyclical,2026-10-01,29.690000534057617,DISTRIBUTION,0.71,medium,,,0.104,1.0,-0.545,-0.04,0.0,,0.0,3.5685098,1.6,0.22453982,0.0,-97.0
COFORGE.NS,COFORGE LIMITED,Technology,2026-10-01,1826.0,CONTRACTION,0.53,low,EXPANSION,2/5,0.109,0.0,-0.5,0.937,0.0,,0.0,37.418034,68.4,6.430415,0.91,63.4
COHANCE.NS,COHANCE LIFESCIENCES LTD,Healthcare,2026-10-01,451.29998779296875,EXPANSION,0.58,low,,,0.324,0.0,0.656,0.977,-1.0,,0.0,164.10909,95.7,4.4230356,0.0,
COLPAL.NS,COLGATE PALMOLIVE LTD.,Consumer Defensive,2026-10-01,1735.0,ACCUMULATION,0.71,low,CONTRACTION,1/5,-0.571,-1.0,-0.562,-0.397,-1.0,,0.0,35.015137,65.7,29.7895,2.72,7.000000000000001
COMPINFO.NS,COMPUAGE INFOCOM LTD,Technology,2026-10-01,1.090000033378601,EXPANSION,0.44,low,CONTRACTION,1/5,-0.483,-1.0,-0.619,0.171,-1.0,,0.0,,,-0.031569496,0.0,
COMPUSOFT.NS,COMPUCOM SOFTWARE LTD,Consumer Defensive,2026-10-01,13.050000190734863,EXPANSION,0.71,low,,,0.234,0.0,0.433,0.957,1.0,,0.0,36.25,67.0,0.71221966,1.85,1.9
COMSYN.NS,COMMERCIAL SYN BAGS LTD,Consumer Cyclical,2026-10-01,262.3999938964844,DISTRIBUTION,0.53,low,ACCUMULATION,1/5,-0.208,-1.0,-0.5,0.668,-1.0,,0.0,37.009872,67.8,5.896894,0.19,60.8
CONCOR.NS,CONTAINER CORP OF IND LTD,Industrials,2026-10-01,442.0,CONTRACTION,0.53,low,,,-0.524,-1.0,-0.786,0.189,-1.0,,0.0,27.066748,54.7,2.6010404,1.92,0.1
CONCORDBIO.NS,CONCORD BIOTECH LIMITED,Healthcare,2026-10-01,1374.0999755859375,EXPANSION,0.53,medium,DISTRIBUTION,3/5,0.24,1.0,-0.899,0.858,0.111,,0.0,47.41546,76.9,7.126853,0.55,32.800000000000004
CONFIPET.NS,CONFIDENCE PETRO IND LTD.,Energy,2026-10-01,86.05000305175781,EXPANSION,0.53,low,CONTRACTION,3/5,-0.333,-1.0,-0.813,0.483,0.0,,0.0,21.246914,43.4,2.0231826,0.11,206.99999999999997
CONSOFINVT.NS,CONSO. FIN. & HOLD. LTD.,Financial Services,2026-10-01,279.6000061035156,DISTRIBUTION,0.53,low,CONTRACTION,1/5,-0.378,-1.0,-0.985,0.666,0.167,,0.0,16.722488,34.4,0.77953583,0.5,2.7
CONTROLPR.NS,CONTROL PRINT LIMITED,Industrials,2026-10-01,618.0,ACCUMULATION,0.36,low,EXPANSION,3/5,0.205,1.0,0.83,-0.01,-0.6,,0.0,25.379877,51.6,2.1827042,1.65,-54.2
CORALFINAC.NS,CORAL INDIA FIN & HOUS LT,Real Estate,2026-10-01,31.25,CONTRACTION,0.36,low,ACCUMULATION,3/5,-0.033,-1.0,0.374,0.203,-0.143,,0.0,8.729051,10.2,0.60590196,0.63,-8.3
CORDSCABLE.NS,CORDS CABLE INDUS LTD.,Industrials,2026-10-01,318.8999938964844,EXPANSION,0.53,low,DISTRIBUTION,3/5,0.049,0.0,-0.969,0.93,1.0,,0.0,16.766562,34.5,2.0486827,0.36,101.69999999999999
COROMANDEL.NS,COROMANDEL INTERNTL. LTD,Basic Materials,2026-10-01,1763.5999755859375,ACCUMULATION,0.89,low,CONTRACTION,3/5,-0.837,-1.0,-0.793,-0.556,1.0,,0.0,28.41766,57.0,4.135819,0.63,-24.6
COSMOFIRST.NS,COSMO FIRST LIMITED,Consumer Cyclical,2026-10-01,826.8499755859375,ACCUMULATION,0.36,low,,,-0.088,-1.0,-0.5,0.475,0.0,,0.0,12.968162,22.6,1.3425897,0.47,25.4
COUNCODOS.NS,COUNTRY CONDO S LIMITED,Real Estate,2026-10-01,6.329999923706055,DISTRIBUTION,0.53,medium,,,0.294,1.0,-0.5,0.816,-1.0,,0.0,79.125,88.6,2.207113,0.0,14.399999999999999
CPCAP.NS,CP CAPITAL LIMITED,Financial Services,2026-10-01,140.85000610351562,EXPANSION,0.53,low,DISTRIBUTION,1/5,0.051,-1.0,-0.75,0.953,0.0,,0.0,5.6817265,3.5,0.44749093,0.0,23.5
CPEDU.NS,CAREER POINT EDUTECH LTD,Consumer Defensive,2026-10-01,176.36000061035156,CONTRACTION,0.39,medium,ACCUMULATION,3/5,0.033,0.0,0.822,-0.801,1.0,,0.0,13.52454,24.7,,2.82,
CPPLUS.NS,ADITYA INFOTECH LIMITED,Industrials,2026-10-01,3799.60009765625,EXPANSION,0.71,low,,,0.706,1.0,0.822,1.0,-1.0,,0.0,94.07279,92.0,23.84766,0.04,332.5
CRAFTSMAN.NS,CRAFTSMAN AUTOMATION LTD,Consumer Cyclical,2026-10-01,10266.0,CONTRACTION,0.53,low,,,-0.349,-1.0,-0.507,0.11,0.5,,0.0,52.983074,80.6,7.5029707,0.11,116.3
CRAMC.NS,CANARA ROBECO AMC LIMITED,Financial Services,2026-10-01,216.52000427246094,ACCUMULATION,0.71,medium,,,-0.603,-1.0,-0.5,-0.916,0.429,,0.0,19.882462,40.6,5.7893047,1.78,24.0
CREATIVEYE.NS,CREATIVE EYE LIMITED,Communication Services,2026-10-01,6.170000076293945,CONTRACTION,0.44,medium,ACCUMULATION,3/5,0.277,0.0,0.987,-0.157,-1.0,,0.0,,,0.8183024,0.0,
CREDITACC.NS,CREDITACCESS GRAMEEN LTD,Financial Services,2026-10-01,1239.0,ACCUMULATION,0.71,low,,,-0.422,-1.0,-0.5,-0.454,0.0,,0.0,16.454182,33.7,2.5309424,0.0,719.7
CREST.NS,CREST VENTURES LIMITED,Financial Services,2026-10-01,362.3500061035156,EXPANSION,0.53,low,CONTRACTION,1/5,-0.296,-1.0,0.405,0.41,-1.0,,0.0,31.237068,60.8,0.7836425,0.27,-55.400000000000006
CRESTO.NS,CRESTO TECHNO LIMITED,Communication Services,2026-10-01,22.049999237060547,EXPANSION,0.67,low,,,0.842,1.0,0.989,0.537,0.0,,0.0,,,1.9708617,0.0,
CRISIL.NS,CRISIL LTD,Financial Services,2026-10-01,4428.60009765625,DISTRIBUTION,0.53,low,,,0.049,0.0,-0.503,0.701,1.0,,0.0,36.581863,67.4,9.899742,0.9,26.200000000000003
CRIZAC.NS,CRIZAC LIMITED,Consumer Defensive,2026-10-01,166.88999938964844,CONTRACTION,0.53,low,DISTRIBUTION,3/5,-0.168,1.0,-0.875,-1.0,0.0,,0.0,13.255758,23.8,4.9953604,9.41,2.9000000000000004
CROMPTON.NS,CROMPT GREA CON ELEC LTD,Consumer Cyclical,2026-10-01,202.6999969482422,CONTRACTION,0.58,low,,,-0.511,-1.0,-0.768,-0.394,1.0,,0.0,,,4.4001126,1.44,14.899999999999999
CROWN.NS,CROWN LIFTERS LIMITED,Industrials,2026-10-01,111.52999877929688,ACCUMULATION,0.71,low,,,0.092,-1.0,0.534,0.877,-1.0,,0.0,15.620448,31.1,1.6545022,0.0,4.5
CSBBANK.NS,CSB BANK LIMITED,Financial Services,2026-10-01,304.75,EXPANSION,0.53,low,,,0.201,1.0,-0.224,-0.974,-1.0,,0.0,7.9527664,7.7,1.0801797,0.0,26.5
CSLFINANCE.NS,CSL FINANCE LIMITED,Financial Services,2026-10-01,208.33999633789062,CONTRACTION,0.53,low,,,-0.278,-1.0,-0.502,-0.207,1.0,,0.0,5.5014524,3.5,0.7638413,1.42,3.9
CTE.NS,CAMBRIDGE TECH ENTER LTD,Technology,2026-10-01,38.90999984741211,EXPANSION,0.53,low,DISTRIBUTION,1/5,-0.002,-1.0,-0.902,0.893,0.0,,0.0,10.991526,16.4,0.9487467,0.0,1089.7
CUB.NS,CITY UNION BANK LTD,Financial Services,2026-10-01,230.0399932861328,CONTRACTION,0.71,low,ACCUMULATION,1/5,-0.349,-1.0,-0.43,-0.248,0.0,,0.0,16.257244,33.0,2.157225,0.88,25.1
CUBEXTUB.NS,CUBEX TUBINGS LTD,Basic Materials,2026-10-01,166.10000610351562,ACCUMULATION,0.71,low,EXPANSION,2/5,0.127,0.0,0.509,0.322,-1.0,,0.0,31.577946,61.3,2.854933,0.0,7.1
CUMMINSIND.NS,CUMMINS INDIA LTD,Industrials,2026-10-01,4860.0,ACCUMULATION,0.71,low,CONTRACTION,3/5,-0.839,-1.0,-0.899,-0.98,0.0,,0.0,57.042255,83.0,15.895755,1.39,0.8999999999999999
CUPID.NS,CUPID LIMITED,Consumer Defensive,2026-10-01,312.5,ACCUMULATION,0.71,low,EXPANSION,2/5,0.27,0.0,0.875,0.205,0.2,,0.0,312.5,97.9,93.089066,0.0,194.2
CURAA.NS,CURA TECHNOLOGIES LIMITED,Technology,2026-10-01,72.25,CONTRACTION,0.44,low,,,-0.588,-1.0,-0.992,0.227,1.0,,0.0,,,11.206762,0.0,
CYBERMEDIA.NS,CYBER MEDIA (INDIA) LTD.,Communication Services,2026-10-01,17.959999084472656,DISTRIBUTION,0.53,low,,,0.092,-1.0,-0.515,0.883,1.0,,0.0,7.7748914,7.2,-3.8302407,0.0,46.0
CYBERTECH.NS,CYBERTECH SYSTEMS & SOFTW,Technology,2026-10-01,135.9499969482422,DISTRIBUTION,0.71,low,,,0.035,0.0,-0.986,0.608,1.0,,0.0,13.354616,24.1,1.9937232,2.88,16.0
CYIENT.NS,CYIENT LIMITED,Industrials,2026-10-01,1104.5999755859375,DISTRIBUTION,0.71,medium,,,-0.099,0.0,-0.385,0.99,1.0,,0.0,32.44053,62.4,2.147707,2.91,-32.300000000000004
CYIENTDLM.NS,CYIENT DLM LIMITED,Industrials,2026-10-01,893.9000244140625,EXPANSION,0.53,low,CONTRACTION,3/5,-0.148,-1.0,-0.507,0.914,0.0,,0.0,86.53437,90.5,7.009496,0.0,118.19999999999999
DABUR.NS,DABUR INDIA LTD,Consumer Defensive,2026-10-01,374.25,ACCUMULATION,0.89,high,,,-0.434,-1.0,0.314,-0.924,0.0,,0.0,33.716213,64.3,5.8128695,2.17,15.0
DALBHARAT.NS,DALMIA BHARAT LIMITED,Basic Materials,2026-10-01,1682.0999755859375,EXPANSION,0.71,low,CONTRACTION,2/5,-0.578,0.0,-0.936,-0.375,0.0,,0.0,33.75,64.4,1.7548507,0.59,-52.2
DALMIASUG.NS,DALMIA BHARAT SUG IN LTD,Consumer Defensive,2026-10-01,396.70001220703125,CONTRACTION,0.71,low,,,-0.223,-1.0,-0.037,0.817,1.0,,0.0,15.804781,31.7,0.9902671,1.47,-79.9
DAMCAPITAL.NS,DAM CAPITAL ADVISORS LTD,Financial Services,2026-10-01,146.55999755859375,CONTRACTION,0.36,low,EXPANSION,3/5,0.181,1.0,0.961,-0.735,0.0,,0.0,14.270691,26.9,2.7597635,0.66,-34.8
DAMODARIND.NS,DAMODAR INDUSTRIES LTD,Consumer Cyclical,2026-10-01,26.59000015258789,ACCUMULATION,0.36,low,CONTRACTION,2/5,-0.219,-1.0,-0.951,0.177,0.286,,0.0,10.808943,16.1,0.41896448,0.0,15.9
DANGEE.NS,DANGEE DUMS LIMITED,Consumer Cyclical,2026-10-01,2.9000000953674316,EXPANSION,0.67,low,,,0.873,1.0,0.973,0.647,-1.0,,0.0,,,3.0494218,0.0,
DATAMATICS.NS,DATAMATICS GLOBAL SER LTD,Technology,2026-10-01,790.2999877929688,ACCUMULATION,0.53,low,EXPANSION,1/5,0.389,1.0,0.619,-0.063,1.0,GARTLEY,0.0,21.61061,43.9,3.0254076,0.62,43.5
DATAPATTNS.NS,DATA PATTERNS INDIA LTD,Industrials,2026-10-01,4251.2998046875,CONTRACTION,0.71,low,,,-0.358,0.0,-0.525,-0.07,-0.333,,0.0,88.5503,90.9,13.710199,0.23,-13.5
DAVANGERE.NS,DAVANGERE SUGAR COMPANY L,Consumer Defensive,2026-10-01,2.259999990463257,ACCUMULATION,0.53,low,,,-0.106,1.0,0.502,-0.924,-0.818,,0.0,45.2,75.7,0.8729239,0.0,-28.000000000000004
DBCORP.NS,D.B.CORP LTD,Communication Services,2026-10-01,172.52000427246094,ACCUMULATION,0.53,low,,,-0.264,-1.0,-0.5,-0.558,-1.0,,0.0,8.73519,10.3,1.2657745,3.99,24.6
DBEIL.NS,DEEPAK BUILDERS & ENG I L,Industrials,2026-10-01,6.5,ACCUMULATION,0.58,low,CONTRACTION,3/5,-0.668,-1.0,-0.98,0.141,1.0,,0.0,,,0.6809135,1.4,-80.80000000000001
DBL.NS,DILIP BUILDCON LIMITED,Industrials,2026-10-01,399.1000061035156,ACCUMULATION,0.53,low,CONTRACTION,2/5,-0.181,0.0,-0.227,-0.497,0.0,,0.0,5.190532,3.0,0.7652426,0.25,-50.7
DBOL.NS,DHAMPUR BIO ORGANICS LTD,Consumer Defensive,2026-10-01,120.91000366210938,CONTRACTION,0.58,low,EXPANSION,1/5,0.434,1.0,0.948,0.07,-0.778,,0.0,31.651834,61.4,0.7818653,1.19,
DBREALTY.NS,VALOR ESTATE LIMITED,Real Estate,2026-10-01,91.69999694824219,ACCUMULATION,0.58,medium,,,0.059,0.0,0.745,-0.04,0.0,,0.0,416.81818,98.6,0.9849094,0.0,
DBSTOCKBRO.NS,DB (INT) STOCK BROKERS,Financial Services,2026-10-01,31.5,EXPANSION,0.53,low,,,0.289,1.0,0.53,0.485,-0.273,,0.0,37.058823,67.9,1.4564453,0.0,-14.299999999999999
DCAL.NS,DISHMAN CARBO AMCIS LTD,Healthcare,2026-10-01,150.35000610351562,ACCUMULATION,0.78,low,CONTRACTION,2/5,-0.689,-1.0,-0.581,-0.332,0.0,,0.0,24.172028,49.7,0.35218692,0.0,
DCBBANK.NS,DCB BANK LIMITED,Financial Services,2026-10-01,199.7100067138672,CONTRACTION,0.53,low,,,-0.18,-1.0,-0.507,-0.215,0.0,,0.0,8.178133,8.6,0.983735,0.71,35.6
DCI.NS,DC INFOTECH AND COMUN LTD,Technology,2026-10-01,342.95001220703125,DISTRIBUTION,0.71,low,EXPANSION,3/5,0.661,1.0,0.984,0.86,0.0,,0.0,25.347378,51.6,5.1188097,0.03,12.0
DCM.NS,DCM LTD,Industrials,2026-10-01,72.83000183105469,EXPANSION,0.36,low,DISTRIBUTION,1/5,0.007,1.0,0.286,-0.258,1.0,,0.0,110.34848,93.6,2.9109879,0.0,-51.2
DCMFINSERV.NS,DCM FINANCIAL SERVICES LT,Financial Services,2026-10-01,5.070000171661377,CONTRACTION,0.67,low,EXPANSION,2/5,0.399,0.0,0.75,0.448,1.0,,0.0,,,-0.20868492,0.0,
DCMNVL.NS,DCM NOUVELLE LIMITED,Consumer Cyclical,2026-10-01,166.47000122070312,EXPANSION,0.53,low,,,0.088,-1.0,-0.5,0.851,-1.0,,0.0,10.596436,15.4,0.9459866,0.0,1149.1
DCMSHRIRAM.NS,DCM SHRIRAM LIMITED,Industrials,2026-10-01,906.8499755859375,ACCUMULATION,0.36,low,,,-0.053,0.0,-0.5,-0.711,1.0,,0.0,9.875313,13.5,1.8795831,1.75,511.00000000000006
DCMSRIND.NS,DCM SHRIRAM IND LTD,Consumer Defensive,2026-10-01,37.689998626708984,DISTRIBUTION,0.71,low,,,-0.309,0.0,-0.5,0.265,-0.6,,0.0,23.85443,48.8,0.8988148,1.01,-90.8
DCW.NS,DCW LTD,Basic Materials,2026-10-01,44.619998931884766,EXPANSION,0.71,low,,,0.433,0.0,0.738,0.897,-1.0,,0.0,18.514523,37.5,1.2304891,0.88,203.29999999999998
DCXINDIA.NS,DCX SYSTEMS LIMITED,Industrials,2026-10-01,158.99000549316406,DISTRIBUTION,0.44,medium,ACCUMULATION,1/5,-0.121,-1.0,0.501,0.136,1.0,,0.0,,,1.0578177,0.0,
DDEVPLSTIK.NS,DDEV PLASTIKS IND LTD,Basic Materials,2026-10-01,247.61000061035156,ACCUMULATION,0.53,low,CONTRACTION,2/5,-0.342,-1.0,-0.945,-0.25,1.0,,0.0,12.0140705,19.4,2.527845,0.7,22.3
DECCANCE.NS,DECCAN CEMENTS LIMITED,Basic Materials,2026-10-01,548.9500122070312,DISTRIBUTION,0.58,low,CONTRACTION,1/5,-0.559,-1.0,-0.705,0.247,0.0,,0.0,131.01433,94.8,1.0241051,0.09,
DEEDEV.NS,DEE DEVELOPMENT ENG LTD,Industrials,2026-10-01,663.2000122070312,EXPANSION,0.71,low,,,0.216,0.0,0.555,0.309,-1.0,,0.0,57.32066,83.4,5.2154355,0.15,22.3
DEEPAKFERT.NS,DEEPAK FERTILIZERS & PETR,Basic Materials,2026-10-01,1300.9000244140625,ACCUMULATION,0.71,low,,,0.189,0.0,0.514,-0.003,0.143,,0.0,16.688904,34.3,2.3997197,0.74,101.49999999999999
DEEPAKNTR.NS,DEEPAK NITRITE LTD,Basic Materials,2026-10-01,1492.800048828125,DISTRIBUTION,0.53,low,CONTRACTION,2/5,-0.388,-1.0,-0.955,0.405,0.0,,0.0,25.984335,52.8,3.4883235,0.49,207.50000000000003
DEEPINDS.NS,DEEP INDUSTRIES LIMITED,Energy,2026-10-01,749.0,DISTRIBUTION,0.53,medium,,,0.351,1.0,-0.525,0.93,-1.0,,0.0,23.203222,47.3,2.4016187,0.33,45.1
DELHIVERY.NS,DELHIVERY LIMITED,Industrials,2026-10-01,400.0,CONTRACTION,0.89,low,,,-0.81,-1.0,-0.501,-0.738,0.0,,0.0,325.20325,98.0,3.0819252,0.0,-65.0
DELPHIFX.NS,DELPHI WORLD MONEY LTD,Financial Services,2026-10-01,6.900000095367432,ACCUMULATION,0.78,high,,,-0.353,-1.0,0.968,-0.703,-1.0,,0.0,28.750002,57.4,0.5182515,0.0,
DELTACORP.NS,DELTA CORP LIMITED,Consumer Cyclical,2026-10-01,73.4800033569336,EXPANSION,0.67,low,,,0.768,1.0,0.522,0.781,-1.0,,0.0,,,0.88003165,0.62,
DELTAMAGNT.NS,DELTA MANUFACTURING LTD,Consumer Cyclical,2026-10-01,54.08000183105469,ACCUMULATION,0.58,low,EXPANSION,3/5,0.444,1.0,0.925,0.13,-0.714,,0.0,85.84127,90.2,25.389671,0.0,
DEN.NS,DEN NETWORKS LTD,Communication Services,2026-10-01,25.40999984741211,CONTRACTION,0.71,low,,,-0.389,-1.0,-0.519,-0.037,0.0,,0.0,8.170418,8.5,0.3182695,0.0,-32.300000000000004
DENORA.NS,DE NORA INDIA LIMITED,Industrials,2026-10-01,723.9000244140625,EXPANSION,0.53,low,CONTRACTION,1/5,-0.388,-1.0,-0.969,0.417,1.0,,0.0,31.542484,61.1,2.9733105,0.54,96.7
DENTA.NS,DENTA WATER N INFRA SOL L,Industrials,2026-10-01,260.6499938964844,DISTRIBUTION,0.53,low,CONTRACTION,3/5,-0.404,0.0,-0.99,-0.295,0.0,,0.0,13.006486,23.0,1.5171181,0.94,-39.800000000000004
DEVIT.NS,DEV INFO TECHNOLOGY LTD,Technology,2026-10-01,20.75,CONTRACTION,0.71,low,,,-0.35,-1.0,-0.5,-0.35,1.0,,0.0,1.5672206,0.9,1.0845137,0.46,-2.0
DEVX.NS,DEV ACCELERATOR LIMITED,Real Estate,2026-10-01,36.279998779296875,EXPANSION,0.53,low,,,0.234,1.0,0.525,-0.591,0.111,,0.0,28.79365,57.6,2.1192827,0.0,1012.8
DEVYANI.NS,DEVYANI INTERNATIONAL LTD,Consumer Cyclical,2026-10-01,127.06999969482422,DISTRIBUTION,0.39,low,CONTRACTION,1/5,-0.184,-1.0,-0.971,0.828,1.0,,0.0,,,10.161535,0.0,297.2
DGCONTENT.NS,DIGICONTENT LIMITED,Communication Services,2026-10-01,25.43000030517578,EXPANSION,0.58,low,,,0.345,0.0,0.91,0.796,-0.333,,0.0,127.15,94.7,4.1316004,0.0,
DHAMPURSUG.NS,DHAMPUR SUGAR MILLS LTD.,Consumer Defensive,2026-10-01,171.05999755859375,CONTRACTION,0.53,low,EXPANSION,3/5,0.641,1.0,0.974,0.924,-1.0,,0.0,15.693579,31.3,0.91870934,2.33,-6.9
DHANBANK.NS,DHANLAXMI BANK LIMITED,Financial Services,2026-10-01,26.969999313354492,DISTRIBUTION,0.36,low,ACCUMULATION,3/5,-0.087,-1.0,-0.5,0.152,0.0,,0.0,9.2363,12.0,0.70471114,0.0,104.5
DHANUKA.NS,DHANUKA AGRITECH LTD,Basic Materials,2026-10-01,935.0499877929688,CONTRACTION,0.71,low,,,-0.62,-1.0,-0.824,0.01,1.0,,0.0,15.715126,31.4,2.5061576,0.22,-34.599999999999994
DHARAN.NS,DHARAN INFRA-EPC LIMITED,Real Estate,2026-10-01,0.12999999523162842,EXPANSION,0.78,low,,,0.362,0.0,0.457,0.641,0.0,,0.0,13.0,22.9,0.0718232,0.0,
DHARMAJ.NS,DHARMAJ CROP GUARD LTD,Basic Materials,2026-10-01,267.6499938964844,EXPANSION,0.53,low,,,0.324,1.0,-0.328,0.293,0.0,,0.0,15.019641,29.2,2.0214643,0.0,16.900000000000002
DHRUV.NS,DHRUV CONSULTANCY SER LTD,Industrials,2026-10-01,19.739999771118164,CONTRACTION,0.44,low,ACCUMULATION,2/5,0.066,0.0,0.406,-0.207,1.0,,0.0,,,0.5567935,0.0,
DHUNINV.NS,DHUNSERI INVESTMENTS LTD,Financial Services,2026-10-01,967.2999877929688,DISTRIBUTION,0.53,low,,,0.106,-1.0,-0.501,0.926,-0.143,,0.0,6.153308,4.1,0.21505433,0.31,151.4
DIACABS.NS,DIAMOND POWER INFRA LTD,Industrials,2026-10-01,345.0,EXPANSION,0.53,low,CONTRACTION,2/5,-0.289,-1.0,-0.973,0.818,-1.0,,0.0,91.02902,91.3,-30.08896,0.0,204.9
DIAMINESQ.NS,DIAMINES & CHEMICALS LTD,Basic Materials,2026-10-01,236.30999755859375,DISTRIBUTION,0.67,medium,,,-0.102,0.0,-0.977,0.672,0.0,,0.0,,,1.5102092,0.41,
DIAMONDYD.NS,PRATAAP SNACKS LIMITED,Consumer Defensive,2026-10-01,1073.0,CONTRACTION,0.39,low,ACCUMULATION,2/5,0.048,0.0,0.5,0.167,-1.0,,0.0,224.94759,97.0,3.6657443,0.05,
DICIND.NS,DIC INDIA LIMITED,Basic Materials,2026-10-01,613.6500244140625,EXPANSION,0.53,medium,DISTRIBUTION,2/5,0.281,1.0,-0.845,0.94,-1.0,,0.0,19.487139,39.8,1.2682598,0.47,227.1
DIFFNKG.NS,DIFFUSION ENGINEERS LTD,Industrials,2026-10-01,464.3999938964844,CONTRACTION,0.71,low,EXPANSION,1/5,0.319,0.0,0.325,0.949,-0.077,,0.0,31.548912,61.2,4.2720337,0.34,36.199999999999996
DIGIDRIVE.NS,DIGIDRIVE DISTRIBUTORS L,Consumer Cyclical,2026-10-01,17.610000610351562,EXPANSION,0.78,low,,,0.601,1.0,0.613,0.116,-1.0,,0.0,11.740001,18.5,0.25274488,0.0,
DIGISPICE.NS,DIGISPICE TECHNOLOGIES LT,Financial Services,2026-10-01,14.789999961853027,ACCUMULATION,0.89,low,CONTRACTION,3/5,-0.742,-1.0,-0.96,-0.691,1.0,,0.0,15.903226,32.1,1.5480428,0.0,-5.4
DIGITIDE.NS,DIGITIDE SOLUTIONS LTD,Industrials,2026-10-01,72.33999633789062,CONTRACTION,0.67,low,,,-0.833,-1.0,-0.5,-1.0,1.0,,0.0,,,1.2892072,0.0,
DIGJAMLMTD.NS,DIGJAM LTD,Consumer Cyclical,2026-10-01,47.959999084472656,DISTRIBUTION,0.71,low,CONTRACTION,2/5,-0.637,-1.0,-0.986,0.293,-0.25,,0.0,24.849741,50.8,21.949657,0.0,-14.2
DISHTV.NS,DISH TV INDIA LTD.,Communication Services,2026-10-01,2.1500000953674316,CONTRACTION,0.67,low,,,-0.706,-1.0,-0.948,-0.169,1.0,,0.0,,,-0.10231275,0.0,
DIVGIITTS.NS,DIVGI TORQTRANSFER SYST L,Consumer Cyclical,2026-10-01,1136.4000244140625,ACCUMULATION,0.71,low,EXPANSION,1/5,0.353,0.0,0.592,0.82,1.0,,0.0,54.951645,81.9,5.471353,0.28,182.7
DIVISLAB.NS,DIVI S LABORATORIES LTD,Healthcare,2026-10-01,9249.0,DISTRIBUTION,0.53,low,,,0.101,0.0,-0.503,0.907,0.0,,0.0,83.64837,89.7,14.649003,0.32,65.5
DIXON.NS,DIXON TECHNO (INDIA) LTD,Technology,2026-10-01,12700.0,DISTRIBUTION,0.71,low,EXPANSION,2/5,0.203,0.0,0.248,0.563,-1.0,,0.0,41.253857,72.2,14.146872,0.08,194.9
DJML.NS,DJ MEDIAPRINT & LOG LTD,Industrials,2026-10-01,72.61000061035156,ACCUMULATION,0.53,low,CONTRACTION,3/5,-0.433,-1.0,-0.748,0.017,0.0,,0.0,22.34154,45.5,2.7644103,0.21,21.8
DLF.NS,DLF LIMITED,Real Estate,2026-10-01,658.4000244140625,ACCUMULATION,0.71,low,,,0.036,-1.0,0.736,0.805,0.0,,0.0,36.72058,67.7,3.5839486,1.19,4.1000000000000005
DLINKINDIA.NS,D-LINK INDIA LTD,Technology,2026-10-01,406.6000061035156,CONTRACTION,0.53,low,,,-0.335,-1.0,-0.501,-0.275,-0.333,,0.0,13.450215,24.5,2.8547957,9.96,13.3
DMART.NS,AVENUE SUPERMARTS LIMITED,Consumer Defensive,2026-10-01,3813.0,ACCUMULATION,0.89,medium,,,-0.27,-1.0,0.558,-0.421,-1.0,,0.0,80.88672,89.0,10.142414,0.0,11.3
DMCC.NS,DMCC SPECIALITY CHEMICALS,Basic Materials,2026-10-01,308.70001220703125,ACCUMULATION,0.71,low,EXPANSION,1/5,0.489,0.0,0.923,0.99,0.0,,0.0,19.269663,39.3,3.1012037,0.8,163.1
DNAMEDIA.NS,DILIGENT MEDIA CORP LTD.,Communication Services,2026-10-01,2.4200000762939453,ACCUMULATION,0.67,high,,,-0.065,-1.0,0.971,-0.167,-0.75,,0.0,,,-0.113158144,0.0,
DODLA.NS,DODLA DAIRY LIMITED,Consumer Defensive,2026-10-01,1006.2999877929688,CONTRACTION,0.89,low,,,-0.691,-1.0,-0.521,-0.244,0.0,,0.0,24.804043,50.7,3.6263454,0.49,-35.4
DOLATALGO.NS,DOLAT ALGOTECH LIMITED,Financial Services,2026-10-01,62.86000061035156,ACCUMULATION,0.53,low,,,-0.263,-1.0,-0.5,-0.55,-1.0,,0.0,7.6845965,7.2,0.9803493,0.15,38.7
DOLLAR.NS,DOLLAR INDUSTRIES LIMITED,Consumer Cyclical,2026-10-01,272.1000061035156,EXPANSION,0.89,low,,,0.742,1.0,0.494,0.913,-0.333,,0.0,13.763278,25.4,1.62676,1.08,22.1
DOLLEX.NS,DOLLEX AGROTECH LIMITED,Consumer Defensive,2026-10-01,38.2400016784668,CONTRACTION,0.71,low,DISTRIBUTION,1/5,-0.115,0.0,-0.186,0.693,0.0,,0.0,19.411167,39.6,1.9653596,0.0,-26.900000000000002
DOLPHIN.NS,DOLPHIN OFF ENT (IND) L,Energy,2026-10-01,628.0999755859375,ACCUMULATION,0.53,low,DISTRIBUTION,2/5,-0.02,0.0,-0.972,0.891,0.667,,0.0,34.952698,65.7,7.1104317,0.0,30.7
DOMS.NS,DOMS INDUSTRIES LIMITED,Industrials,2026-10-01,2097.5,CONTRACTION,0.71,low,ACCUMULATION,2/5,-0.395,-1.0,0.762,-0.343,0.0,,0.0,60.46411,84.9,10.434752,0.17,-22.3
DONEAR.NS,DONEAR IND. LIMITED,Consumer Cyclical,2026-10-01,80.29000091552734,DISTRIBUTION,0.71,low,,,0.172,0.0,-0.513,0.199,0.0,,0.0,9.092865,11.3,1.505193,0.25,27.900000000000002
DPABHUSHAN.NS,D. P. ABHUSHAN LIMITED,Consumer Cyclical,2026-10-01,1874.0,EXPANSION,0.71,low,,,0.405,0.0,0.474,1.0,1.0,,0.0,17.847618,36.1,6.7490916,0.0,76.9
DPSCLTD.NS,DPSC LIMITED,Utilities,2026-10-01,6.800000190734863,CONTRACTION,0.78,low,,,-0.756,-1.0,-0.974,-0.173,1.0,,0.0,85.00001,90.1,1.0524687,0.7,
DPWIRES.NS,D P WIRES LIMITED,Industrials,2026-10-01,163.99000549316406,EXPANSION,0.89,low,,,0.713,1.0,0.867,0.398,0.0,,0.0,13.575332,24.8,0.95526856,0.0,31.900000000000002
DRCSYSTEMS.NS,DRC SYSTEMS INDIA LIMITED,Technology,2026-10-01,13.020000457763672,CONTRACTION,0.53,medium,ACCUMULATION,1/5,0.25,-1.0,0.754,0.247,0.333,,0.0,8.917809,10.8,1.6668801,0.0,27.800000000000004
DREAMFOLKS.NS,DREAMFOLKS SERVICES LTD,Industrials,2026-10-01,61.5,DISTRIBUTION,0.44,low,CONTRACTION,3/5,-0.222,-1.0,-0.567,0.9,0.667,,0.0,,,1.042691,0.0,
DREDGECORP.NS,DREDGING CORP OF INDIA,Industrials,2026-10-01,895.2000122070312,CONTRACTION,0.78,low,,,-0.768,-1.0,-0.5,-0.689,0.0,,0.0,51.300858,79.6,2.015354,0.0,
DRREDDY.NS,DR. REDDY S LABORATORIES,Healthcare,2026-10-01,1206.199951171875,ACCUMULATION,0.36,low,EXPANSION,1/5,-0.058,1.0,0.506,-0.738,0.0,,0.0,30.38287,59.8,2.6204307,0.65,-68.7
DSKULKARNI.NS,DS KULKARNI DEVELOPERS L,Real Estate,2026-10-01,26.06999969482422,EXPANSION,0.67,low,,,0.5,0.0,0.5,1.0,-1.0,,0.0,,,-0.20217139,0.0,
DSSL.NS,DYNACONS SYS & SOLN LTD,Technology,2026-10-01,948.75,ACCUMULATION,0.53,low,CONTRACTION,1/5,-0.34,-1.0,-0.087,-0.29,0.0,,0.0,14.232673,26.8,3.8183684,0.05,0.6
DTIL.NS,DHUNSERI TEA & IND. LTD.,Consumer Defensive,2026-10-01,158.57000732421875,CONTRACTION,0.58,low,EXPANSION,2/5,0.369,0.0,0.806,0.987,0.5,,0.0,,,0.31467485,1.31,-68.5
DUCON.NS,DUCON INFRATECHNOLOGIES L,Industrials,2026-10-01,1.2999999523162842,ACCUMULATION,0.53,medium,,,-0.209,-1.0,0.977,-0.811,1.0,,0.0,5.9090905,4.0,0.24114265,0.0,-30.8
DVL.NS,DHUNSERI VENTURES LIMITED,Financial Services,2026-10-01,278.70001220703125,EXPANSION,0.71,low,DISTRIBUTION,1/5,0.341,0.0,-0.551,0.913,-1.0,,0.0,5.162067,2.9,0.2969177,1.77,144.6
DWARKESH.NS,DWARIKESH SUGAR IND LTD,Consumer Defensive,2026-10-01,41.959999084472656,EXPANSION,0.58,low,,,0.352,1.0,0.364,0.369,-0.6,,0.0,53.794872,81.0,0.93824065,0.23,
DYCL.NS,DYNAMIC CABLES LIMITED,Industrials,2026-10-01,428.0,EXPANSION,0.53,low,DISTRIBUTION,1/5,0.075,0.0,-0.539,0.841,0.0,,0.0,22.936764,46.8,4.5359645,0.11,37.0
DYNAMATECH.NS,DYNAMATIC TECHNOLOGIES,Consumer Cyclical,2026-10-01,13756.0,EXPANSION,0.71,low,,,0.465,1.0,0.506,0.355,-1.0,,0.0,219.7093,96.8,11.769346,0.06,93.0
DYNPRO.NS,DYNEMIC PRODUCTS LIMITED,Basic Materials,2026-10-01,224.5800018310547,ACCUMULATION,0.36,low,CONTRACTION,1/5,-0.297,-1.0,-0.883,0.432,0.0,,0.0,13.744186,25.3,1.1405326,0.67,7.9
E2E.NS,E2E NETWORKS LIMITED,Technology,2026-10-01,648.0,EXPANSION,0.58,low,,,0.658,1.0,0.942,0.861,-0.333,,0.0,237.36264,97.1,7.7098804,0.0,
EASEMYTRIP.NS,EASY TRIP PLANNERS LTD,Consumer Cyclical,2026-10-01,5.760000228881836,EXPANSION,0.67,low,,,0.26,0.0,0.683,0.096,-1.0,,0.0,,,2.4406781,0.0,
EASTSILK.NS,EASTERN SILK INDUSTRIES L,Consumer Cyclical,2026-10-01,70.12000274658203,EXPANSION,0.44,low,,,0.477,1.0,0.7,-0.269,1.0,,0.0,,,0.9786462,0.0,
EBGNG.NS,GNG ELECTRONICS LIMITED,Technology,2026-10-01,704.7000122070312,DISTRIBUTION,0.53,low,,,0.004,0.0,-0.983,1.0,1.0,SHARK,0.0,56.69348,82.8,10.593328,0.0,56.2
ECLERX.NS,ECLERX SERVICES LTD,Technology,2026-10-01,1802.9000244140625,CONTRACTION,0.71,low,,,-0.419,-1.0,-0.5,-0.076,0.0,,0.0,23.365732,47.7,6.5113673,0.05,16.0
ECOSMOBLTY.NS,ECOS (INDIA) MOB & HOSP L,Industrials,2026-10-01,105.01000213623047,ACCUMULATION,0.71,medium,,,0.145,-1.0,0.917,-0.07,1.0,,0.0,10.704383,15.6,2.3716602,2.27,9.3
EDELWEISS.NS,EDELWEISS FIN SERV LTD,Financial Services,2026-10-01,137.89999389648438,EXPANSION,0.71,low,,,0.477,0.0,0.941,0.871,0.0,,0.0,18.510067,37.4,2.8233318,1.05,83.0
EFCIL.NS,EFC (I) LIMITED,Real Estate,2026-10-01,171.1999969482422,CONTRACTION,0.36,low,ACCUMULATION,2/5,-0.125,0.0,-0.5,-1.0,0.333,,0.0,9.344978,12.4,2.908745,0.0,100.49999999999999
EICHERMOT.NS,EICHER MOTORS LTD,Consumer Cyclical,2026-10-01,6920.0,EXPANSION,0.36,low,,,-0.061,1.0,-0.5,-0.745,0.0,BUTTERFLY,0.6,32.91946,62.8,7.5627174,1.15,21.3
EIDPARRY.NS,EID PARRY INDIA LTD,Basic Materials,2026-10-01,674.5499877929688,CONTRACTION,0.71,low,,,-0.447,0.0,-0.5,-0.286,-0.2,,0.0,25.884497,52.6,1.3647261,0.0,-42.5
EIEL.NS,ENVIRO INFRA ENGINEERS L,Industrials,2026-10-01,184.0,EXPANSION,0.71,low,CONTRACTION,3/5,-0.544,-1.0,-0.941,0.244,0.0,,0.0,17.864077,36.2,2.6183598,0.0,-4.9
EIFFL.NS,EURO (I) FRESH FOODS LTD,Consumer Defensive,2026-10-01,267.75,ACCUMULATION,0.89,high,,,-0.079,-1.0,0.947,-0.261,-0.143,,0.0,123.95833,94.3,8.639884,0.0,124.2
EIHAHOTELS.NS,EIH ASSOCIATED HOTELS LTD,Consumer Cyclical,2026-10-01,296.1000061035156,ACCUMULATION,0.71,low,,,0.086,0.0,0.669,-0.116,0.0,,0.0,20.50554,41.8,2.995175,1.18,11.600000000000001
EIHOTEL.NS,EIH LIMITED,Consumer Cyclical,2026-10-01,297.8500061035156,ACCUMULATION,0.71,low,,,0.099,0.0,0.513,-0.119,-1.0,,0.0,26.173111,53.1,3.539639,0.5,246.0
EIMCOELECO.NS,EIMCO ELECON (INDIA) LTD,Industrials,2026-10-01,2268.800048828125,DISTRIBUTION,0.53,low,,,0.011,0.0,-0.504,0.893,0.0,,0.0,33.08253,63.0,2.799384,0.18,6.2
EKC.NS,EVEREST KANTO CYLINDERLTD,Industrials,2026-10-01,106.01000213623047,EXPANSION,0.71,low,,,0.268,0.0,0.977,0.093,-1.0,,0.0,9.4906,12.7,0.8498409,0.64,-41.8
ELDEHSG.NS,ELDECO HSG & IND LTD.,Real Estate,2026-10-01,782.25,ACCUMULATION,0.89,high,,,-0.275,-1.0,0.508,-0.607,1.0,,0.0,20.667109,42.3,1.9244915,1.2,382.0
ELECON.NS,ELECON ENG. CO. LTD,Industrials,2026-10-01,440.0,CONTRACTION,0.36,low,EXPANSION,3/5,0.141,1.0,0.613,-0.05,-1.0,,0.0,41.785378,72.8,4.2819886,0.43,-59.9
ELECTCAST.NS,ELECTROSTEEL CASTINGS LTD,Industrials,2026-10-01,74.54000091552734,DISTRIBUTION,0.53,low,CONTRACTION,2/5,-0.31,-1.0,0.096,0.666,1.0,,0.0,38.22564,69.7,0.7779332,1.21,-45.7
ELECTHERM.NS,ELECTROTHERM (I) LTD.,Basic Materials,2026-10-01,743.5999755859375,CONTRACTION,0.58,low,,,-0.539,-1.0,-0.5,0.113,0.0,,0.0,,,-6.1555777,0.0,-75.0
ELGIEQUIP.NS,ELGI EQUIPMENTS LTD,Industrials,2026-10-01,584.6500244140625,CONTRACTION,0.53,low,ACCUMULATION,1/5,-0.291,-1.0,-0.5,0.334,-1.0,,0.0,41.201553,72.1,8.257769,0.44,20.7
ELGIRUBCO.NS,ELGI RUBBER CO. LTD,Consumer Cyclical,2026-10-01,51.380001068115234,CONTRACTION,0.44,low,,,-0.421,-1.0,-0.976,0.712,1.0,,0.0,,,3.3972495,0.0,
ELIN.NS,ELIN ELECTRONICS LIMITED,Industrials,2026-10-01,79.7300033569336,CONTRACTION,0.44,low,,,-0.328,0.0,-0.5,-0.483,-1.0,,0.0,,,0.6832224,0.0,
ELLEN.NS,ELLENBARRIE INDUS GASES L,Basic Materials,2026-10-01,341.70001220703125,CONTRACTION,0.53,medium,DISTRIBUTION,3/5,0.254,1.0,-0.986,1.0,1.0,,0.0,39.73256,71.0,4.92846,0.0,86.8
EMAMILTD.NS,EMAMI LIMITED,Consumer Defensive,2026-10-01,372.6499938964844,EXPANSION,0.36,low,,,0.077,1.0,0.483,-0.265,-1.0,,0.0,21.728863,44.3,5.5630198,3.17,-16.400000000000002
EMAMIPAP.NS,EMAMI PAPER MILLS LIMITED,Basic Materials,2026-10-01,116.83999633789062,DISTRIBUTION,0.89,low,EXPANSION,3/5,0.63,0.0,0.625,0.893,1.0,,0.0,8.610169,9.9,1.4730577,2.68,511.9
EMAMIREAL.NS,EMAMI REALTY LIMITED,Real Estate,2026-10-01,67.13999938964844,CONTRACTION,0.44,low,ACCUMULATION,3/5,0.136,0.0,0.501,-0.093,1.0,,0.0,,,-1.1866803,0.0,
EMBDL.NS,EMBASSY DEVELOPMENTS LTD,Real Estate,2026-10-01,56.130001068115234,EXPANSION,0.44,low,ACCUMULATION,2/5,0.114,-1.0,0.619,0.722,0.0,,0.0,,,0.7904298,0.0,
EMCURE.NS,EMCURE PHARMACEUTICALS L,Healthcare,2026-10-01,1944.5999755859375,DISTRIBUTION,0.53,medium,,,0.1,1.0,-0.971,0.369,1.0,BUTTERFLY,0.0,36.395283,67.2,7.4470367,0.19,42.1
EMIL.NS,ELECTRONICS MART IND LTD,Consumer Cyclical,2026-10-01,204.0500030517578,EXPANSION,0.71,low,,,0.707,1.0,0.855,0.974,-1.0,,0.0,38.06903,69.4,4.8406997,0.0,458.1
EMKAY.NS,EMKAY GLOBAL FIN SERV LTD,Financial Services,2026-10-01,286.79998779296875,EXPANSION,0.71,low,,,0.605,1.0,0.988,0.43,1.0,,0.0,42.426033,73.4,1.9731003,0.54,90.4
EMMBI.NS,EMMBI INDUSTRIES LIMITED,Consumer Cyclical,2026-10-01,86.04000091552734,EXPANSION,0.53,low,CONTRACTION,3/5,-0.263,-1.0,-0.879,0.773,1.0,,0.0,19.077604,38.8,0.8322129,0.33,53.7
EMMVEE.NS,EMMVEE PHOTOVOLTAIC PWR L,Technology,2026-10-01,305.8999938964844,DISTRIBUTION,0.53,medium,,,0.343,1.0,-0.877,1.0,1.0,,0.0,16.625,34.2,5.729215,0.32,102.60000000000001
EMSLIMITED.NS,EMS LIMITED,Industrials,2026-10-01,331.54998779296875,CONTRACTION,0.71,low,,,-0.468,-1.0,-0.524,0.652,0.0,,0.0,27.021189,54.5,1.7444674,0.44,-59.099999999999994
EMUDHRA.NS,EMUDHRA LIMITED,Technology,2026-10-01,580.0,EXPANSION,0.53,low,DISTRIBUTION,1/5,0.112,0.0,-0.512,0.96,0.0,,0.0,41.72662,72.6,5.2226377,0.21,29.2
ENDURANCE.NS,ENDURANCE TECHNO. LTD.,Consumer Cyclical,2026-10-01,2601.39990234375,CONTRACTION,0.53,low,,,-0.232,0.0,-0.5,-0.126,-1.0,,0.0,37.66324,68.8,5.349076,0.43,8.0
ENERGYDEV.NS,ENERGY DEVE. CO.LTD,Utilities,2026-10-01,14.520000457763672,ACCUMULATION,0.44,medium,,,0.223,0.0,0.984,-0.314,-1.0,,0.0,,,17.621359,0.0,
ENGINERSIN.NS,ENGINEERS INDIA LTD,Industrials,2026-10-01,312.75,EXPANSION,0.71,low,,,0.704,1.0,0.99,0.825,-0.167,,0.0,22.403296,45.7,5.602329,1.61,141.5
ENIL.NS,ENTERTAIN NET. IND. LTD.,Communication Services,2026-10-01,93.36000061035156,ACCUMULATION,0.44,low,CONTRACTION,3/5,-0.365,0.0,-0.966,-0.13,-0.333,,0.0,,,0.58726215,2.09,
ENRIN.NS,SIEMENS ENERGY INDIA LTD,Utilities,2026-10-01,3334.0,EXPANSION,0.71,low,,,0.319,0.0,0.56,0.716,-1.0,,0.0,79.53245,88.8,24.674911,0.13,67.80000000000001
ENTERO.NS,ENTERO HEALTHCARE SOLU L,Healthcare,2026-10-01,1680.800048828125,DISTRIBUTION,0.53,low,,,0.102,0.0,-0.504,0.913,-1.0,,0.0,58.544064,83.9,4.3309655,0.0,37.3
EPACK.NS,EPACK DURABLE LIMITED,Consumer Cyclical,2026-10-01,171.58999633789062,ACCUMULATION,0.58,low,,,-0.425,-1.0,0.546,-0.533,1.0,,0.0,,,1.4413393,0.0,-48.4
EPACKPEB.NS,EPACK PREFAB TECHN LTD,Industrials,2026-10-01,242.07000732421875,EXPANSION,0.71,low,,,0.423,0.0,0.856,1.0,-1.0,,0.0,25.724762,52.4,3.310495,0.0,13.4
EPIGRAL.NS,EPIGRAL LIMITED,Basic Materials,2026-10-01,982.2000122070312,CONTRACTION,0.71,low,,,-0.41,-1.0,-0.5,0.517,0.0,,0.0,15.64511,31.2,1.9074845,0.49,-37.9
EPL.NS,EPL LIMITED,Consumer Cyclical,2026-10-01,232.38999938964844,CONTRACTION,0.71,low,DISTRIBUTION,2/5,-0.108,0.0,-0.5,0.558,-1.0,,0.0,19.22167,39.2,2.5987139,2.11,-1.4000000000000001
EQUIPPP.NS,EQUIPPP SOC IMP TECH LTD,Technology,2026-10-01,22.829999923706055,CONTRACTION,0.58,high,DISTRIBUTION,2/5,0.057,1.0,-0.984,0.684,1.0,,0.0,126.83333,94.6,23.487654,0.0,
EQUITASBNK.NS,EQUITAS SMALL FIN BNK LTD,Financial Services,2026-10-01,68.41000366210938,CONTRACTION,0.58,low,,,-0.59,-1.0,-0.981,0.04,0.667,,0.0,15.338566,29.8,1.2771639,0.0,
ERIS.NS,ERIS LIFESCIENCES LIMITED,Healthcare,2026-10-01,1189.800048828125,CONTRACTION,0.53,low,,,-0.326,0.0,-0.814,-0.49,-1.0,,0.0,25.401367,51.8,4.167674,1.21,20.7
ESABINDIA.NS,ESAB INDIA LTD,Industrials,2026-10-01,5500.5,ACCUMULATION,0.71,medium,,,-0.595,-1.0,-0.5,-0.88,0.0,,0.0,38.11058,69.5,19.71894,1.81,37.1
ESAFSFB.NS,ESAF SMALL FINANCE BANK L,Financial Services,2026-10-01,43.400001525878906,EXPANSION,0.67,low,,,0.963,1.0,0.969,0.92,-1.0,,0.0,,,1.252706,0.0,
ESCORTS.NS,ESCORTS KUBOTA LIMITED,Industrials,2026-10-01,2667.300048828125,CONTRACTION,0.71,low,,,-0.499,0.0,-0.5,-0.497,1.0,,0.0,21.217882,43.4,2.4118295,1.22,-72.39999999999999
ESSARSHPNG.NS,ESSAR SHIPPING LTD,Industrials,2026-10-01,17.18000030517578,ACCUMULATION,0.71,low,EXPANSION,1/5,0.404,1.0,0.502,-0.887,-1.0,,0.0,3.9045455,1.8,-0.17137499,0.0,742.1
ESSENTIA.NS,INTEGRA ESSENTIA LIMITED,Consumer Defensive,2026-10-01,1.0,ACCUMULATION,0.58,low,,,-0.239,-1.0,0.732,-0.067,1.0,,0.0,,,0.74571216,0.0,-96.5
ESTER.NS,ESTER INDUSTRIES LTD,Basic Materials,2026-10-01,95.5199966430664,CONTRACTION,0.44,low,ACCUMULATION,2/5,0.243,-1.0,0.75,0.98,1.0,,0.0,,,1.1862891,0.25,
ETERNAL.NS,ETERNAL LIMITED,Consumer Cyclical,2026-10-01,313.8999938964844,EXPANSION,0.53,low,DISTRIBUTION,1/5,0.204,1.0,-0.578,0.394,-1.0,,0.0,697.55554,99.2,9.279021,0.0,268.0
ETHOSLTD.NS,ETHOS LIMITED,Consumer Cyclical,2026-10-01,2531.89990234375,EXPANSION,0.53,low,,,-0.014,0.0,-0.5,0.443,1.0,,0.0,64.8042,86.0,4.5531955,0.0,47.9
EUREKAFORB.NS,EUREKA FORBES LIMITED,Consumer Cyclical,2026-10-01,352.5,CONTRACTION,0.71,medium,ACCUMULATION,1/5,-0.599,-1.0,-0.5,-0.897,1.0,,0.0,37.86251,69.2,1.4830054,0.0,47.3
EUROBOND.NS,EURO PANEL PRODUCTS LTD,Industrials,2026-10-01,148.2899932861328,ACCUMULATION,0.36,low,CONTRACTION,2/5,-0.161,0.0,0.284,-0.528,0.0,,0.0,14.176864,26.7,2.268541,0.0,-16.400000000000002
EUROPRATIK.NS,EURO PRATIK SALES LIMITED,Basic Materials,2026-10-01,190.4199981689453,ACCUMULATION,0.71,medium,,,-0.625,-1.0,-0.5,-1.0,1.0,,0.0,22.615202,46.3,6.29238,0.21,93.8
EUROTEXIND.NS,EUROTEX INDUSTRIES LTD,Real Estate,2026-10-01,15.729999542236328,CONTRACTION,0.44,medium,ACCUMULATION,3/5,-0.023,-1.0,0.873,0.057,0.455,,0.0,,,-0.51164454,0.0,
EVEREADY.NS,EVEREADY INDS. IND.  LTD.,Industrials,2026-10-01,315.8500061035156,DISTRIBUTION,0.71,low,,,-0.006,0.0,-0.712,0.003,1.0,,0.0,12.87607,22.2,3.6854448,0.77,22.3
EVERESTIND.NS,EVEREST INDUSTRIES LTD,Industrials,2026-10-01,475.29998779296875,EXPANSION,0.78,low,,,0.777,1.0,0.619,0.602,0.0,,0.0,,,1.5239835,0.22,6145.8
EXCELINDUS.NS,EXCEL INDUSTRIES LTD,Basic Materials,2026-10-01,921.7999877929688,CONTRACTION,0.71,low,,,-0.37,-1.0,-0.5,0.553,-1.0,,0.0,16.226015,32.8,0.6803484,1.45,-12.7
EXICOM.NS,EXICOM TELE SYSTEMS LTD,Industrials,2026-10-01,151.10000610351562,DISTRIBUTION,0.44,low,CONTRACTION,1/5,-0.33,-1.0,-0.511,0.52,0.0,,0.0,,,3.1266813,0.0,
EXIDEIND.NS,EXIDE INDUSTRIES LTD,Consumer Cyclical,2026-10-01,409.45001220703125,ACCUMULATION,0.53,low,CONTRACTION,3/5,-0.31,-1.0,-0.894,0.656,-1.0,,0.0,37.29053,68.3,2.502965,0.48,28.4
EXPLEOSOL.NS,EXPLEO SOLUTIONS LIMITED,Technology,2026-10-01,848.75,CONTRACTION,0.36,low,,,0.037,-1.0,-0.503,0.653,0.333,,0.0,9.559072,12.8,1.6967907,12.82,67.30000000000001
EXXARO.NS,EXXARO TILES LIMITED,Industrials,2026-10-01,6.039999961853027,CONTRACTION,0.71,low,,,-0.435,-1.0,-0.502,-0.237,1.0,,0.0,67.11111,86.6,1.0188934,0.0,156.1
FABTECH.NS,FABTECH TECHNOLOGIES LTD,Healthcare,2026-10-01,142.00999450683594,ACCUMULATION,0.39,low,CONTRACTION,3/5,-0.462,0.0,-0.929,-0.859,0.0,,0.0,12.968949,22.7,1.2976652,0.41,
FACT.NS,FACT LTD,Basic Materials,2026-10-01,734.9500122070312,ACCUMULATION,0.44,low,CONTRACTION,1/5,-0.276,0.0,-0.166,-0.662,-1.0,,0.0,,,34.39811,0.05,
FAIRCHEMOR.NS,FAIRCHEM ORGANICS LIMITED,Basic Materials,2026-10-01,661.5,EXPANSION,0.71,low,,,0.681,1.0,0.984,0.739,-1.0,,0.0,58.53982,83.9,3.1676483,0.15,753.3000000000001
FAZE3Q.NS,FAZE THREE LIMITED,Consumer Cyclical,2026-10-01,433.04998779296875,CONTRACTION,0.36,low,EXPANSION,1/5,0.097,1.0,0.614,-0.227,-1.0,,0.0,34.616306,65.5,2.3282633,0.0,-24.5
FCL.NS,FINEOTEX CHEMICAL LIMITED,Basic Materials,2026-10-01,55.720001220703125,EXPANSION,0.53,low,,,0.201,0.0,-0.094,0.897,0.0,,0.0,206.37036,96.7,5.2521443,0.23,54.800000000000004
FCSSOFT.NS,FCS SOFTWARE SOLN. LTD.,Technology,2026-10-01,1.3799999952316284,CONTRACTION,0.71,low,EXPANSION,3/5,0.429,0.0,0.969,0.745,-1.0,,0.0,69.0,87.0,0.56673515,0.0,46.7
FDC.NS,FDC LIMITED,Healthcare,2026-10-01,335.8999938964844,EXPANSION,0.71,low,CONTRACTION,2/5,-0.562,-1.0,-0.764,-0.299,-1.0,,0.0,18.671484,38.0,2.2008767,2.95,9.2
FEDERALBNK.NS,FEDERAL BANK LTD,Financial Services,2026-10-01,318.20001220703125,ACCUMULATION,0.71,low,,,-0.404,-1.0,-0.5,-0.328,-1.0,,0.0,17.025146,34.8,1.9588168,0.38,36.8
FEDFINA.NS,FEDBANK FINANCIAL SER L,Financial Services,2026-10-01,149.77000427246094,CONTRACTION,0.53,low,,,-0.189,0.0,-0.501,-0.694,1.0,,0.0,14.770217,28.3,1.91534,0.0,52.5
FEL.NS,FUTURE ENTERPRISES LTD,Consumer Cyclical,2026-10-01,0.38999998569488525,CONTRACTION,0.44,medium,ACCUMULATION,3/5,0.089,-1.0,0.938,0.328,-0.429,,0.0,,,0.0073714247,0.0,
FELDVR.NS,FUTURE ENTERPRISES LTD,Consumer Cyclical,2026-10-01,2.0299999713897705,ACCUMULATION,0.44,medium,,,0.043,0.0,0.927,-0.799,0.091,,0.0,,,0.038369212,0.0,
FIBERWEB.NS,FIBERWEB INDIA LIMITED,Consumer Cyclical,2026-10-01,26.549999237060547,ACCUMULATION,0.71,low,,,-0.438,-1.0,0.5,-0.702,0.0,,0.0,14.668509,28.1,0.4089523,0.0,-94.6
FIEMIND.NS,FIEM INDUSTRIES LIMITED,Consumer Cyclical,2026-10-01,1794.800048828125,ACCUMULATION,0.89,high,,,-0.381,-1.0,0.511,-0.993,0.0,,0.0,17.967766,36.4,3.8879118,2.13,12.8
FILATEX.NS,FILATEX INDIA LTD,Consumer Cyclical,2026-10-01,106.0999984741211,EXPANSION,0.71,low,,,0.615,1.0,0.502,0.977,0.0,,0.0,24.674417,50.5,4.8972993,0.28,19.3
FILATFASH.NS,FILATEX FASHIONS LIMITED,Consumer Cyclical,2026-10-01,0.18000000715255737,ACCUMULATION,0.58,low,EXPANSION,3/5,0.226,0.0,0.926,0.365,0.0,,0.0,,,0.060975615,0.0,-78.4
FINCABLES.NS,FINOLEX CABLES LTD,Industrials,2026-10-01,1458.800048828125,EXPANSION,0.53,low,DISTRIBUTION,3/5,0.008,0.0,-0.938,0.97,-1.0,,0.0,27.860964,56.0,3.667105,0.62,53.1
FINEORG.NS,FINE ORGANIC IND. LTD.,Basic Materials,2026-10-01,5131.0,CONTRACTION,0.53,low,,,-0.267,-1.0,-0.5,0.482,1.0,,0.0,35.88865,66.7,5.904107,0.21,18.0
FINKURVE.NS,FINKURVE FINANCIAL SERV L,Financial Services,2026-10-01,70.52999877929688,CONTRACTION,0.71,low,,,-0.603,-1.0,-0.989,-0.421,1.0,,0.0,34.072464,65.0,2.8350348,0.0,65.7
FINOPB.NS,FINO PAYMENTS BANK LTD,Financial Services,2026-10-01,128.22000122070312,CONTRACTION,0.78,low,,,-0.623,-1.0,-0.5,-0.179,-0.714,,0.0,51.083668,79.5,1.3301105,0.0,
FINPIPE.NS,FINOLEX INDUSTRIES LTD,Industrials,2026-10-01,150.49000549316406,ACCUMULATION,0.89,medium,,,-0.213,-1.0,0.411,-0.58,0.0,,0.0,15.124624,29.4,1.4955529,1.32,16.7
FIRSTCRY.NS,BRAINBEES SOLUTIONS LTD,Consumer Cyclical,2026-10-01,174.75,ACCUMULATION,0.44,low,EXPANSION,3/5,0.427,1.0,0.56,-0.278,-0.5,,0.0,,,1.7417349,0.0,
FISCHER.NS,FISCHER MEDICAL VENTURE L,Healthcare,2026-10-01,33.459999084472656,ACCUMULATION,0.71,low,CONTRACTION,1/5,-0.496,0.0,-0.225,-0.758,0.0,,0.0,74.35555,87.8,5.618808,0.15,-24.3
FIVESTAR.NS,FIVE-STAR BUS FIN LTD,Financial Services,2026-10-01,506.25,DISTRIBUTION,0.36,low,CONTRACTION,2/5,-0.277,-1.0,-0.98,0.731,1.0,,0.0,13.528862,24.8,2.0247893,0.39,1.9
FLAIR.NS,FLAIR WRITING INDUST LTD,Industrials,2026-10-01,226.57000732421875,ACCUMULATION,0.53,low,,,-0.061,1.0,0.051,-0.993,0.667,,0.0,17.099623,35.0,2.0916922,0.44,-0.3
FLEXITUFF.NS,FLEXITUFF VENTURES INT L,Consumer Cyclical,2026-10-01,3.0199999809265137,ACCUMULATION,0.67,medium,,,-0.371,-1.0,0.5,-0.613,-1.0,,0.0,,,-0.08144992,0.0,
FLFL.NS,FUT LIFESTYLE FASH LTD,Consumer Cyclical,2026-10-01,1.1100000143051147,CONTRACTION,0.67,low,,,-0.676,-1.0,-0.614,-0.415,0.833,,0.0,,,-0.011148049,0.0,
FLUOROCHEM.NS,GUJARAT FLUOROCHEM LTD,Basic Materials,2026-10-01,4341.5,DISTRIBUTION,0.53,low,ACCUMULATION,1/5,-0.181,-1.0,-0.5,0.775,-0.2,,0.0,77.59607,88.5,6.231493,0.07,20.1
FMGOETZE.NS,FEDERAL-MOGUL GOETZE (IND,Consumer Cyclical,2026-10-01,444.25,DISTRIBUTION,0.53,low,,,0.208,1.0,-0.185,0.033,-1.0,,0.0,14.465973,27.6,1.7204722,3.37,0.5
FMNL.NS,FUTURE MKT NETWORKS LTD,Real Estate,2026-10-01,8.079999923706055,CONTRACTION,0.36,low,,,-0.024,-1.0,-0.502,0.405,1.0,,0.0,6.6776857,5.1,0.43666235,0.0,26.0
FOCUS.NS,FOCUS LIGHTG & FIXTRS LTD,Consumer Cyclical,2026-10-01,54.29999923706055,ACCUMULATION,0.71,low,CONTRACTION,1/5,-0.556,-1.0,-0.666,-0.559,0.0,,0.0,71.447365,87.2,2.494602,0.0,32.9
FOODSIN.NS,FOODS & INNS LIMITED,Consumer Defensive,2026-10-01,49.38999938964844,CONTRACTION,0.71,low,,,-0.448,-1.0,-0.513,0.289,-0.111,,0.0,14.831832,28.5,0.62777245,0.59,-46.0
FORCEMOT.NS,FORCE MOTORS LIMITED,Consumer Cyclical,2026-10-01,16800.0,CONTRACTION,0.71,low,,,-0.673,-1.0,-0.857,-0.993,-1.0,,0.0,17.685886,36.0,5.371502,0.29,22.8
FORTIS.NS,FORTIS HEALTHCARE LTD,Healthcare,2026-10-01,785.0,ACCUMULATION,0.71,low,CONTRACTION,3/5,-0.793,-1.0,-0.93,-0.798,1.0,,0.0,56.63781,82.8,5.988983,0.13,2.3
FOSECOIND.NS,FOSECO INDIA LTD,Basic Materials,2026-10-01,6382.5,DISTRIBUTION,0.53,low,,,-0.115,0.0,-0.982,0.522,-1.0,,0.0,49.381046,78.2,4.8128037,0.39,69.0
FSL.NS,FIRSTSOURCE SOLU. LTD.,Technology,2026-10-01,250.39999389648438,EXPANSION,0.71,low,DISTRIBUTION,3/5,-0.234,0.0,-0.907,0.52,0.0,,0.0,26.302519,53.7,3.9426239,2.15,-2.0
FUSION.NS,FUSION FINANCE LIMITED,Financial Services,2026-10-01,171.36000061035156,CONTRACTION,0.58,low,,,-0.447,-1.0,-0.502,-0.103,0.0,,0.0,13.920389,26.1,1.1283557,0.0,
GABRIEL.NS,GABRIEL INDIA LTD,Consumer Cyclical,2026-10-01,1315.0,EXPANSION,0.53,low,,,0.188,1.0,-0.283,0.036,0.0,,0.0,74.67348,87.9,13.821736,0.37,73.2
GAEL.NS,GUJARAT AMBUJA EXPORTS LT,Consumer Defensive,2026-10-01,157.69000244140625,ACCUMULATION,0.53,low,,,-0.015,0.0,-0.035,-0.209,1.0,,0.0,17.38589,35.6,2.1952918,0.19,171.9
GAIL.NS,GAIL (INDIA) LTD,Utilities,2026-10-01,171.22000122070312,EXPANSION,0.71,low,DISTRIBUTION,1/5,0.269,0.0,-0.582,0.719,0.0,,0.0,11.391883,17.2,1.2631595,3.22,96.89999999999999
GALAPREC.NS,GALA PRECISION ENG LTD,Industrials,2026-10-01,1157.800048828125,EXPANSION,0.71,low,,,0.567,1.0,0.615,0.654,1.0,,0.0,40.984074,71.9,5.0589,0.0,25.4
GALAXYSURF.NS,GALAXY SURFACTANTS LTD,Basic Materials,2026-10-01,2376.89990234375,EXPANSION,0.71,low,,,0.717,1.0,0.88,0.987,-1.0,,0.0,23.86206,48.9,3.070224,0.94,108.7
GALLANTT.NS,GALLANTT ISPAT LIMITED,Basic Materials,2026-10-01,530.1500244140625,ACCUMULATION,0.71,medium,,,-0.498,-1.0,0.99,-0.983,0.0,,0.0,29.436424,58.7,3.857825,0.37,-28.799999999999997
GANDHAR.NS,GANDHAR OIL REFINE IND L,Energy,2026-10-01,282.6000061035156,EXPANSION,0.89,low,,,0.661,0.0,0.751,0.894,1.0,,0.0,9.172347,11.7,2.043443,1.17,633.1
GANDHITUBE.NS,GANDHI SPL. TUBES LTD,Industrials,2026-10-01,975.5499877929688,EXPANSION,0.71,low,,,0.632,1.0,0.608,0.599,0.0,,0.0,15.870343,31.9,3.752173,1.58,29.299999999999997
GANECOS.NS,GANESHA ECOSPHERE LIMITED,Consumer Cyclical,2026-10-01,976.2000122070312,ACCUMULATION,0.71,low,,,-0.026,-1.0,0.212,0.684,-1.0,,0.0,46.243484,76.5,2.0463564,0.35,170.0
GANESHBE.NS,GANESH BENZOPLAST LIMITED,Basic Materials,2026-10-01,124.4000015258789,DISTRIBUTION,0.71,low,EXPANSION,3/5,0.705,1.0,0.765,0.87,-1.0,BUTTERFLY,0.0,12.41517,20.4,1.4689386,0.0,-3.0
GANESHCP.NS,GANESH CONSUMER PRODUCT L,Consumer Defensive,2026-10-01,148.85000610351562,CONTRACTION,0.53,low,,,-0.564,-1.0,-0.987,-1.0,0.0,,0.0,12.582418,21.0,1.6167223,3.3,31.4
GANESHHOU.NS,GANESH HOUSING LIMITED,Real Estate,2026-10-01,699.0999755859375,CONTRACTION,0.71,low,,,-0.477,-1.0,-0.5,0.593,-1.0,,0.0,21.998112,44.9,2.500286,0.21,-54.900000000000006
GANGAFORGE.NS,GANGA FORGING LIMITED,Industrials,2026-10-01,1.4800000190734863,DISTRIBUTION,0.44,medium,ACCUMULATION,2/5,-0.044,0.0,0.75,-0.883,1.0,,0.0,,,0.80086577,0.0,
GANGESSECU.NS,GANGES SECURITIES LIMITED,Consumer Defensive,2026-10-01,113.98999786376953,CONTRACTION,0.71,medium,ACCUMULATION,1/5,-0.061,-1.0,0.5,0.294,1.0,,0.0,39.57986,70.7,0.21122168,0.0,18.5
GARFIBRES.NS,GARWARE TECH FIBRES LTD,Consumer Cyclical,2026-10-01,768.4000244140625,DISTRIBUTION,0.53,low,,,0.072,0.0,-0.502,0.791,1.0,,0.0,36.24528,66.9,5.6295514,1.17,21.7
GARUDA.NS,GARUDA CONSTRUCT N ENG L,Industrials,2026-10-01,172.17999267578125,ACCUMULATION,0.53,low,CONTRACTION,1/5,-0.237,-1.0,-0.696,-0.123,0.0,,0.0,11.768968,18.6,3.5147383,0.0,48.4
GATECH.NS,GACM TECHNOLOGIES LIMITED,Financial Services,2026-10-01,0.6499999761581421,DISTRIBUTION,0.89,medium,,,0.004,0.0,-0.5,0.847,-1.0,,0.0,12.999999,22.8,0.7206208,0.0,-53.1
GATECHDVR.NS,GACM TECHNOLOGIES LIMITED,Financial Services,2026-10-01,0.46000000834465027,DISTRIBUTION,0.89,medium,,,0.068,0.0,-0.5,0.773,1.0,,0.0,9.2,11.9,0.5099778,0.0,-53.1
GATEWAY.NS,GATEWAY DISTRIPARKS LTD,Industrials,2026-10-01,51.880001068115234,CONTRACTION,0.53,low,ACCUMULATION,1/5,-0.208,-1.0,0.527,-0.387,1.0,,0.0,10.587755,15.2,1.1237221,3.84,-18.9
GAYAHWS.NS,GAYATRI HIGHWAYS LIMITED,Industrials,2026-10-01,1.7200000286102295,CONTRACTION,0.44,low,,,-0.442,0.0,-0.771,-0.555,1.0,,0.0,,,-0.06525038,0.0,
GAYAPROJ.NS,GAYATRI PROJECTS LTD,Industrials,2026-10-01,22.440000534057617,DISTRIBUTION,0.58,low,CONTRACTION,3/5,-0.435,-1.0,-0.711,-0.311,-0.667,,0.0,0.20129171,0.2,0.692144,0.0,
GCSL.NS,GRETEX CORPORATE SERVICES,Financial Services,2026-10-01,679.9000244140625,EXPANSION,0.71,low,,,0.639,1.0,0.554,1.0,-1.0,,0.0,50.81465,79.4,9.676227,0.1,1118.1
GEECEE.NS,GEECEE VENTURES LIMITED,Real Estate,2026-10-01,373.29998779296875,EXPANSION,0.53,low,CONTRACTION,1/5,-0.106,-1.0,-0.62,0.967,-1.0,,0.0,16.853273,34.7,0.93496567,0.53,126.29999999999998
GEEKAYWIRE.NS,GEEKAY WIRES LIMITED,Industrials,2026-10-01,29.209999084472656,EXPANSION,0.71,low,CONTRACTION,3/5,-0.469,-1.0,-0.875,0.95,-1.0,,0.0,19.217104,39.2,0.1719925,1.12,-19.8
GEMAROMA.NS,GEM AROMATICS LIMITED,Basic Materials,2026-10-01,155.27999877929688,CONTRACTION,0.44,low,EXPANSION,1/5,0.493,1.0,0.969,-0.489,-1.0,,0.0,,,1.8027933,0.0,
GENCON.NS,GENERIC ENG CONS PROJ LTD,Industrials,2026-10-01,40.75,CONTRACTION,0.71,low,ACCUMULATION,1/5,-0.481,-1.0,0.5,-0.422,0.429,,0.0,27.166666,55.0,0.77323014,0.0,-69.5
GENESYS.NS,GENESYS INTL CORPN LTD,Technology,2026-10-01,281.3500061035156,EXPANSION,0.71,high,DISTRIBUTION,2/5,0.032,1.0,-0.5,0.626,0.0,,0.0,55.93439,82.3,1.6263288,0.0,-25.1
GENSOL.NS,GENSOL ENGINEERING LTD,Technology,2026-10-01,13.680000305175781,EXPANSION,0.71,medium,DISTRIBUTION,3/5,0.331,1.0,-0.941,0.265,0.0,,0.0,0.60052675,0.5,0.08811992,0.0,28.9
GENUSPAPER.NS,GENUS P&B LIMITED,Basic Materials,2026-10-01,10.529999732971191,DISTRIBUTION,0.53,low,CONTRACTION,1/5,-0.284,-1.0,-0.505,0.318,1.0,,0.0,19.145454,39.0,0.5422524,0.0,28.599999999999998
GENUSPOWER.NS,GENUS POWER INFRASTRU LTD,Industrials,2026-10-01,280.0,CONTRACTION,0.36,low,ACCUMULATION,1/5,-0.098,-1.0,-0.5,0.272,1.0,,0.0,11.945393,19.3,3.4921863,0.17,43.2
GEOJITFSL.NS,GEOJIT FINANCIAL SER L,Financial Services,2026-10-01,75.69999694824219,DISTRIBUTION,0.71,medium,,,-0.261,0.0,-0.626,0.583,1.0,,0.0,29.115385,58.2,1.7590741,1.96,-28.499999999999996
GESHIP.NS,THE GE SHPG.LTD,Industrials,2026-10-01,1530.5999755859375,EXPANSION,0.71,low,,,0.527,1.0,0.5,-0.394,-1.0,,0.0,5.8437686,3.8,1.2882504,3.69,159.4
GFLLIMITED.NS,GFL LIMITED,Financial Services,2026-10-01,55.22999954223633,DISTRIBUTION,0.78,high,,,0.547,1.0,-0.501,0.916,0.0,,0.0,10.005435,14.0,0.2362326,0.0,
GFSTEELS.NS,GRAND FOUNDRY LTD,Basic Materials,2026-10-01,38.290000915527344,EXPANSION,0.58,low,,,0.572,1.0,0.501,1.0,-1.0,,0.0,47.8625,77.3,-21.367188,0.0,
GHCL.NS,GHCL LIMITED,Basic Materials,2026-10-01,401.75,CONTRACTION,0.53,low,,,-0.189,-1.0,-0.546,-0.209,-1.0,,0.0,7.1689863,6.0,1.0167128,2.96,32.7
GHCLTEXTIL.NS,GHCL TEXTILES LIMITED,Consumer Cyclical,2026-10-01,129.22000122070312,EXPANSION,0.53,low,ACCUMULATION,3/5,0.229,-1.0,0.432,0.791,-1.0,,0.0,12.832175,21.9,0.8220729,0.47,191.1
GICHSGFIN.NS,GIC HOUSING FINANCE LTD,Financial Services,2026-10-01,132.8800048828125,ACCUMULATION,0.53,medium,,,-0.203,-1.0,-0.112,-0.701,0.0,,0.0,4.54446,2.4,0.3397136,3.36,35.8
GICL.NS,GLOBE INTL CARRIERS LTD,Industrials,2026-10-01,22.270000457763672,CONTRACTION,0.53,low,,,-0.412,-1.0,-0.619,0.338,1.0,,0.0,37.745766,68.9,3.1687536,0.0,5.4
GICRE.NS,GENERAL INS CORP OF INDIA,Financial Services,2026-10-01,323.8999938964844,CONTRACTION,0.71,low,,,-0.695,-1.0,-0.907,-0.874,1.0,,0.0,6.401186,4.4,0.5753752,4.0,-31.1
GILLANDERS.NS,GILLANDERS ARBUTHNOT LTD,Consumer Defensive,2026-10-01,112.72000122070312,EXPANSION,0.78,low,,,0.815,1.0,0.973,0.823,1.0,,0.0,13.796818,25.6,0.93265706,0.0,
GILLETTE.NS,GILLETTE INDIA LTD,Consumer Defensive,2026-10-01,6899.0,CONTRACTION,0.71,low,,,-0.53,-1.0,-0.531,-0.325,1.0,,0.0,33.63725,64.0,23.752552,2.57,9.4
GINNIFILA.NS,GINNIFILAMENTS LTD.,Consumer Cyclical,2026-10-01,40.08000183105469,DISTRIBUTION,0.71,medium,,,-0.013,1.0,-0.727,-0.458,-0.333,,0.0,9.728156,13.3,1.4438561,0.0,-14.7
GIPCL.NS,GUJ IND POW CO. LTD,Utilities,2026-10-01,174.8300018310547,DISTRIBUTION,0.53,low,,,0.095,-1.0,-0.502,0.881,1.0,,0.0,5.3959875,3.3,0.70655227,2.28,174.8
GKENERGY.NS,GK ENERGY LIMITED,Utilities,2026-10-01,114.76000213623047,ACCUMULATION,0.36,low,CONTRACTION,1/5,-0.069,0.0,-0.762,-0.512,-0.429,,0.0,9.5633335,12.9,2.6235056,0.42,59.9
GKWLIMITED.NS,GKW LIMITED,Industrials,2026-10-01,1530.0,ACCUMULATION,0.78,low,CONTRACTION,4/5,-0.749,-1.0,-0.896,-0.224,-1.0,,0.0,,,0.34840348,0.0,-21.9
GLAND.NS,GLAND PHARMA LIMITED,Healthcare,2026-10-01,2874.39990234375,CONTRACTION,0.53,medium,DISTRIBUTION,3/5,0.339,1.0,-0.503,0.857,0.0,,0.0,42.004967,73.1,4.5720973,0.69,47.099999999999994
GLAXO.NS,GLAXOSMITHKLINE PHARMA LT,Healthcare,2026-10-01,2771.10009765625,CONTRACTION,0.53,low,,,-0.21,-1.0,-0.5,0.768,1.0,,0.0,43.888187,74.9,20.7038,2.06,15.7
GLENMARK.NS,GLENMARK PHARMACEUTICALS,Healthcare,2026-10-01,2331.0,EXPANSION,0.71,low,CONTRACTION,3/5,-0.521,-1.0,-0.555,-0.53,1.0,,0.0,36.570442,67.3,6.258138,0.32,930.3000000000001
GLFL.NS,GUJARAT LEASE FINANCING L,Financial Services,2026-10-01,5.489999771118164,CONTRACTION,0.78,high,ACCUMULATION,3/5,-0.199,-1.0,0.875,-0.07,0.429,,0.0,549.0,99.0,-3.6919973,0.0,
GLOBAL.NS,GLOBAL EDUCATION LIMITED,Consumer Defensive,2026-10-01,136.50999450683594,EXPANSION,0.71,low,DISTRIBUTION,2/5,-0.24,0.0,-0.5,0.306,-0.286,,0.0,26.610134,54.2,5.137556,0.75,-10.6
GLOBALE.NS,GLOBALE TESSILE LIMITED,Consumer Cyclical,2026-10-01,10.569999694824219,CONTRACTION,0.44,low,,,-0.506,-1.0,-0.806,0.289,1.0,,0.0,,,1.1709316,0.0,
GLOBALVECT.NS,GLOBAL VEC HELICORP LTD,Industrials,2026-10-01,131.0399932861328,ACCUMULATION,0.67,high,,,-0.347,-1.0,0.619,-0.659,-0.5,,0.0,,,-22.64777,0.0,
GLOBE.NS,GLOBE ENTERPRISE (I) LTD,Consumer Cyclical,2026-10-01,2.109999895095825,ACCUMULATION,0.53,low,,,0.325,0.0,0.56,-0.259,-1.0,,0.0,9.173912,11.7,0.63458645,0.0,219.0
GLOBECIVIL.NS,GLOBE CIVIL PROJECTS LTD,Industrials,2026-10-01,41.4900016784668,CONTRACTION,0.53,medium,ACCUMULATION,1/5,-0.344,-1.0,-0.5,-0.876,0.25,,0.0,9.179204,11.8,1.0572048,0.0,40.400000000000006
GLOBUSSPR.NS,GLOBUS SPIRITS LTD,Consumer Defensive,2026-10-01,786.9000244140625,CONTRACTION,0.53,low,ACCUMULATION,3/5,-0.223,-1.0,-0.5,-0.392,1.0,,0.0,6.746978,5.3,2.0627503,0.83,50.3
GLOSTERLTD.NS,GLOSTER LIMITED,Consumer Cyclical,2026-10-01,539.0,CONTRACTION,0.78,low,,,-0.747,-1.0,-0.592,-0.523,0.0,,0.0,46.107784,76.4,0.5418066,3.66,
GLOTTIS.NS,GLOTTIS LIMITED,Industrials,2026-10-01,58.40999984741211,EXPANSION,0.71,low,,,0.295,0.0,0.972,0.356,0.0,,0.0,13.366133,24.2,1.929442,0.0,-10.6
GMBREW.NS,G M BREWERIES LTD,Consumer Defensive,2026-10-01,952.0,ACCUMULATION,0.71,low,EXPANSION,1/5,0.457,1.0,0.5,-0.358,0.429,GARTLEY,0.0,12.887505,22.3,2.0171585,0.93,45.9
GMDCLTD.NS,GUJARAT MINERAL DEV CORP,Energy,2026-10-01,487.6499938964844,CONTRACTION,0.89,low,,,-0.691,-1.0,-0.552,-0.993,0.0,,0.0,16.21716,32.7,2.1937854,1.87,-0.2
GMMPFAUDLR.NS,GMM PFAUDLER LIMITED,Industrials,2026-10-01,1443.4000244140625,EXPANSION,0.53,low,DISTRIBUTION,1/5,0.055,0.0,-0.75,0.97,-1.0,,0.0,91.9949,91.6,5.387409,0.14,114.39999999999999
GMRAIRPORT.NS,GMR AIRPORTS LIMITED,Industrials,2026-10-01,93.16000366210938,ACCUMULATION,0.58,low,CONTRACTION,1/5,-0.474,0.0,-0.278,-0.881,0.0,,0.0,232.90001,97.0,-39.175777,0.0,
GMRP&UI.NS,GMR POW AND URBAN INFRA L,Energy,2026-10-01,101.87000274658203,ACCUMULATION,0.58,low,EXPANSION,3/5,0.435,1.0,0.603,-0.238,0.333,,0.0,13.060256,23.3,4.179111,0.0,
GNA.NS,GNA AXLES LIMITED,Consumer Cyclical,2026-10-01,580.7000122070312,EXPANSION,0.71,low,,,0.339,0.0,0.531,0.755,-1.0,,0.0,18.841661,38.4,2.4827805,0.5,21.099999999999998
GNFC.NS,GUJ NAR VAL FER & CHEM L,Basic Materials,2026-10-01,589.1500244140625,EXPANSION,0.89,low,,,0.908,1.0,0.719,0.914,-1.0,,0.0,8.346084,9.3,0.9500949,3.47,275.9
GOACARBON.NS,GOA CARBON LIMITED,Basic Materials,2026-10-01,402.8999938964844,CONTRACTION,0.67,low,EXPANSION,1/5,0.599,0.0,0.911,0.887,-1.0,,0.0,,,2.1863942,0.0,
GOCLCORP.NS,GOCL CORPORATION LIMITED,Basic Materials,2026-10-01,351.6499938964844,DISTRIBUTION,0.53,low,CONTRACTION,3/5,-0.367,-1.0,-0.765,0.296,-1.0,,0.0,6.4641542,4.6,0.5546451,8.28,-96.7
GOCOLORS.NS,GO FASHION INDIA LTD,Consumer Cyclical,2026-10-01,294.95001220703125,ACCUMULATION,0.71,low,CONTRACTION,2/5,-0.485,-1.0,-0.747,0.807,0.0,,0.0,29.554111,58.9,2.2942953,0.0,-25.900000000000002
GODAVARIB.NS,GODAVARI BIOREFINERIES L,Basic Materials,2026-10-01,227.17999267578125,ACCUMULATION,0.58,low,CONTRACTION,1/5,-0.579,0.0,-0.539,-0.989,0.0,,0.0,4543.5996,99.9,1.4754151,0.0,
GODFRYPHLP.NS,GODFREY PHILLIPS INDIA LT,Consumer Defensive,2026-10-01,1849.699951171875,ACCUMULATION,0.89,low,CONTRACTION,3/5,-0.698,-1.0,-0.717,-0.073,-1.0,,0.0,21.117708,43.1,4.6440682,2.64,-44.3
GODIGIT.NS,GO DIGIT GENERAL INS LTD,Financial Services,2026-10-01,256.29998779296875,CONTRACTION,0.53,low,ACCUMULATION,3/5,-0.236,0.0,0.899,-0.841,0.0,,0.0,48.086304,77.5,5.056623,0.0,-37.5
GODREJAGRO.NS,GODREJ AGROVET LIMITED,Consumer Defensive,2026-10-01,631.9000244140625,DISTRIBUTION,0.71,high,,,0.109,1.0,-0.507,0.848,1.0,,0.0,27.237068,55.1,5.98073,1.76,-16.2
GODREJCP.NS,GODREJ CONSUMER PRODUCTS,Consumer Defensive,2026-10-01,840.0,ACCUMULATION,0.89,high,,,-0.43,-1.0,0.487,-0.993,1.0,,0.0,44.919785,75.5,6.7956214,2.35,11.5
GODREJIND.NS,GODREJ INDUSTRIES LTD,Industrials,2026-10-01,1019.5999755859375,DISTRIBUTION,0.71,low,,,-0.31,0.0,-0.5,0.225,1.0,,0.0,29.198168,58.4,3.0725744,0.0,-18.6
GODREJPROP.NS,GODREJ PROPERTIES LTD,Real Estate,2026-10-01,1595.800048828125,CONTRACTION,0.71,low,,,-0.594,-1.0,-0.5,0.126,1.0,,0.0,30.058392,59.5,2.5092852,0.61,-41.699999999999996
GOKEX.NS,GOKALDAS EXPORTS LTD.,Consumer Cyclical,2026-10-01,688.75,CONTRACTION,0.53,low,,,-0.361,-1.0,-0.526,0.411,0.0,,0.0,51.902786,79.9,2.334999,0.0,6.800000000000001
GOKUL.NS,GOKUL REFOILS & SOLV LTD,Consumer Defensive,2026-10-01,38.65999984741211,CONTRACTION,0.53,low,,,-0.28,-1.0,-0.504,0.288,-0.273,,0.0,18.497608,37.3,1.0545554,0.0,57.599999999999994
GOKULAGRO.NS,GOKUL AGRO RESOURCES LTD,Consumer Defensive,2026-10-01,210.10000610351562,ACCUMULATION,0.71,low,,,-0.363,-1.0,-0.5,-0.391,1.0,,0.0,14.74386,28.2,4.367439,0.0,71.5
GOLDENTOBC.NS,GOLDEN TOBACCO LIMITED,Consumer Defensive,2026-10-01,23.690000534057617,CONTRACTION,0.78,low,DISTRIBUTION,3/5,-0.087,0.0,-0.401,0.027,1.0,,0.0,13.693642,25.1,-0.20214863,0.0,
GOLDIAM.NS,GOLDIAM INTERNATIONAL LTD,Consumer Cyclical,2026-10-01,310.79998779296875,EXPANSION,0.53,low,CONTRACTION,2/5,-0.403,-1.0,-0.945,0.334,1.0,,0.0,22.375809,45.6,4.2307587,0.9,120.10000000000001
GOLDTECH.NS,AION-TECH SOLUTIONS LTD,Technology,2026-10-01,43.790000915527344,DISTRIBUTION,0.67,low,EXPANSION,3/5,0.489,0.0,0.977,0.49,-1.0,,0.0,,,0.99595165,0.0,
GOODLUCK.NS,GOODLUCK INDIA LIMITED,Basic Materials,2026-10-01,499.3500061035156,EXPANSION,0.36,low,DISTRIBUTION,1/5,0.049,1.0,-0.75,-0.053,0.0,,0.0,24.574312,50.2,3.011525,0.39,59.5
GOPAL.NS,GOPAL SNACKS LIMITED,Consumer Defensive,2026-10-01,254.75,ACCUMULATION,0.71,low,CONTRACTION,1/5,-0.468,-1.0,-0.696,-0.177,0.0,,0.0,37.74074,68.9,6.638955,0.4,409.0
GOYALALUM.NS,GOYAL ALUMINIUMS LIMITED,Basic Materials,2026-10-01,5.909999847412109,ACCUMULATION,0.53,low,EXPANSION,1/5,0.356,1.0,0.689,-0.264,-1.0,,0.0,24.625,50.3,3.3598635,0.0,83.8
GPIL.NS,GODAWARI POW & ISP LTD,Basic Materials,2026-10-01,215.6699981689453,CONTRACTION,0.71,low,,,-0.684,-1.0,-0.507,-0.993,0.0,,0.0,17.239807,35.3,2.280774,0.45,2.7
GPPL.NS,GUJARAT PIPAVAV PORT LTD,Industrials,2026-10-01,165.8800048828125,ACCUMULATION,0.71,low,EXPANSION,4/5,0.295,0.0,0.628,0.066,0.0,,0.0,14.349481,27.1,3.405531,6.0,41.8
GPTHEALTH.NS,GPT HEALTHCARE LIMITED,Healthcare,2026-10-01,151.47000122070312,EXPANSION,0.53,medium,DISTRIBUTION,3/5,0.184,1.0,-0.958,0.692,0.0,,0.0,26.296875,53.6,4.6130657,1.99,65.7
GPTINFRA.NS,GPT INFRAPROJECTS LTD,Industrials,2026-10-01,118.66000366210938,EXPANSION,0.71,low,,,0.234,0.0,0.5,0.429,-1.0,,0.0,15.232349,29.6,2.4886746,3.38,4.9
GRANULES.NS,GRANULES INDIA LIMITED,Healthcare,2026-10-01,821.75,DISTRIBUTION,0.53,low,,,-0.106,0.0,-0.648,0.223,-1.0,,0.0,30.52563,60.0,4.0044737,0.21,59.8
GRAPHITE.NS,GRAPHITE INDIA LTD,Industrials,2026-10-01,786.1500244140625,EXPANSION,0.53,low,DISTRIBUTION,3/5,-0.138,0.0,-0.938,0.387,1.0,,0.0,71.86015,87.4,2.6214964,0.92,28.4
GRASIM.NS,GRASIM INDUSTRIES LTD,Basic Materials,2026-10-01,2962.0,DISTRIBUTION,0.53,low,ACCUMULATION,2/5,-0.141,0.0,-0.5,-0.063,0.0,,0.0,35.303932,65.9,1.9416126,0.33,51.300000000000004
GRAVITA.NS,GRAVITA INDIA LIMITED,Industrials,2026-10-01,1412.5999755859375,CONTRACTION,0.71,low,,,-0.431,-1.0,-0.5,-0.076,0.0,,0.0,26.236998,53.3,4.19494,0.64,14.099999999999998
GREAVESCOT.NS,GREAVES COTTON LTD.,Industrials,2026-10-01,225.97999572753906,ACCUMULATION,0.53,low,EXPANSION,1/5,0.069,0.0,0.53,0.748,-1.0,,0.0,53.297173,80.8,3.6787183,0.87,-22.1
GREENLAM.NS,GREENLAM INDUSTRIES LTD.,Basic Materials,2026-10-01,213.6199951171875,CONTRACTION,0.78,low,,,-0.662,-1.0,-0.5,-0.317,1.0,,0.0,58.84848,84.1,4.6219087,0.19,
GREENPANEL.NS,GREENPANEL INDUSTRIES LTD,Basic Materials,2026-10-01,158.58999633789062,EXPANSION,0.58,low,ACCUMULATION,1/5,-0.133,0.0,0.516,-0.483,-1.0,,0.0,288.34543,97.7,1.4343079,0.31,
GREENPLY.NS,GREENPLY INDUSTRIES LTD,Basic Materials,2026-10-01,303.70001220703125,ACCUMULATION,0.71,low,,,0.099,-1.0,0.621,0.775,0.0,,0.0,38.345963,69.8,4.204799,0.17,32.0
GREENPOWER.NS,ORIENT GREEN POWER CO LTD,Utilities,2026-10-01,8.770000457763672,CONTRACTION,0.89,low,,,-0.75,-1.0,-0.812,-0.497,0.0,,0.0,16.240742,32.9,0.89280266,0.0,-19.0
GRINDWELL.NS,GRINDWELL NORTON LIMITED,Industrials,2026-10-01,1975.800048828125,EXPANSION,0.71,low,,,0.273,0.0,0.619,0.472,1.0,,0.0,50.08365,78.6,8.630473,0.95,22.3
GRINFRA.NS,G R INFRAPROJECTS LIMITED,Industrials,2026-10-01,790.2000122070312,ACCUMULATION,0.53,low,EXPANSION,3/5,0.101,0.0,-0.5,-0.096,1.0,,0.0,7.5228486,6.7,0.8151602,0.62,46.400000000000006
GRMOVER.NS,GRM OVERSEAS LIMITED,Consumer Defensive,2026-10-01,77.87000274658203,ACCUMULATION,0.89,medium,,,-0.436,-1.0,0.074,-0.901,1.0,,0.0,15.795133,31.6,1.190236,0.0,10.2
GROBTEA.NS,THE GROB TEA COMPANY LTD,Consumer Defensive,2026-10-01,878.5,EXPANSION,0.71,low,,,0.033,0.0,-0.5,0.01,1.0,,0.0,13.310606,23.9,1.1002167,0.22,141.4
GROWW.NS,BILLIONBRAINS GARAGE VN L,Financial Services,2026-10-01,180.11000061035156,CONTRACTION,0.53,low,,,-0.366,-1.0,-0.581,0.118,1.0,,0.0,45.713196,76.2,11.536638,0.0,94.3
GRPLTD.NS,GRP LIMITED,Consumer Cyclical,2026-10-01,1895.0,DISTRIBUTION,0.53,low,,,0.064,0.0,-0.543,0.799,1.0,,0.0,178.9424,95.9,5.6663914,0.18,140.2
GRSE.NS,GARDEN REACH SHIP&ENG LTD,Industrials,2026-10-01,2111.10009765625,ACCUMULATION,0.71,low,,,-0.567,-1.0,-0.5,-0.768,0.0,,0.0,30.236324,59.7,9.208081,0.9,43.8
GRWRHITECH.NS,GARWARE HI-TECH FILMS LTD,Basic Materials,2026-10-01,6925.5,DISTRIBUTION,0.71,low,EXPANSION,1/5,0.33,0.0,0.875,0.444,1.0,SHARK,0.0,41.477512,72.4,6.0570993,0.17,59.8
GSFC.NS,GUJ STATE FERT & CHEM LTD,Basic Materials,2026-10-01,146.89999389648438,ACCUMULATION,0.71,medium,,,-0.051,-1.0,0.201,-0.265,-1.0,,0.0,8.447384,9.7,0.47995085,3.32,14.399999999999999
GSLSU.NS,GLOBAL SURFACES LIMITED,Basic Materials,2026-10-01,29.959999084472656,ACCUMULATION,0.44,low,,,-0.048,0.0,0.5,-0.645,-1.0,,0.0,,,0.4690117,0.0,
GSS.NS,GSS INFOTECH LIMITED,Technology,2026-10-01,10.329999923706055,EXPANSION,0.67,low,,,0.805,1.0,0.619,0.797,-0.333,,0.0,,,0.08949456,0.0,
GTECJAINX.NS,G-TEC JAINX EDUCATION LTD,Consumer Defensive,2026-10-01,35.880001068115234,EXPANSION,0.78,low,,,0.653,0.0,0.889,0.896,-0.5,,0.0,,,75.37815,0.0,101.8
GTL.NS,GTL LTD,Communication Services,2026-10-01,6.820000171661377,DISTRIBUTION,0.36,low,CONTRACTION,2/5,-0.073,-1.0,-0.519,0.226,0.0,,0.0,0.12066525,0.1,-0.019698003,0.0,1965.1
GTLINFRA.NS,GTL INFRA.LTD,Technology,2026-10-01,1.0700000524520874,CONTRACTION,0.39,low,,,-0.301,-1.0,-0.65,0.096,-1.0,,0.0,1.2891567,0.8,-0.26729956,0.0,
GTPL.NS,GTPL HATHWAY LIMITED,Communication Services,2026-10-01,55.38999938964844,CONTRACTION,0.71,low,,,-0.61,-1.0,-0.546,0.106,0.429,,0.0,82.67164,89.4,0.54157907,3.65,-78.0
GUFICBIO.NS,GUFIC BIOSCIENCES LTD.,Healthcare,2026-10-01,418.3999938964844,DISTRIBUTION,0.53,medium,,,0.333,1.0,-0.523,0.854,0.0,,0.0,57.08049,83.1,6.3099475,0.02,70.7
GUJALKALI.NS,GUJARAT ALKALIES & CHEM,Basic Materials,2026-10-01,603.5999755859375,DISTRIBUTION,0.58,low,CONTRACTION,3/5,-0.469,-1.0,-0.5,0.359,0.0,,0.0,66.76991,86.5,0.85386413,2.86,
GUJAPOLLO.NS,GUJ. APOLLO IND. LTD.,Industrials,2026-10-01,324.8500061035156,CONTRACTION,0.53,medium,DISTRIBUTION,3/5,-0.413,1.0,-0.869,-0.783,0.25,,0.0,73.16441,87.6,0.8367463,0.61,-24.099999999999998
GUJENERGY.NS,GUJARAT ENERGY LIMITED,Utilities,2026-10-01,230.07000732421875,ACCUMULATION,0.71,high,,,-0.021,-1.0,0.904,-0.99,1.0,,0.0,8.869314,10.6,1.1687046,3.75,204.99999999999997
GUJRAFFIA.NS,GUJARAT RAFFIA INDUST LTD,Unknown,2026-10-01,40.27000045776367,CONTRACTION,0.53,low,EXPANSION,2/5,0.038,0.0,-0.341,0.461,1.0,,0.0,19.454107,39.7,0.9746829,0.0,39.2
GUJTHEM.NS,GUJARAT THEMIS BIOSYN LTD,Healthcare,2026-10-01,381.79998779296875,DISTRIBUTION,0.53,low,,,0.04,0.0,-0.515,0.673,0.0,,0.0,85.60538,90.2,14.457192,0.17,22.1
GULFOILLUB.NS,GULF OIL LUB. IND. LTD.,Basic Materials,2026-10-01,1093.0,EXPANSION,0.71,low,,,0.556,0.0,0.977,0.781,-0.667,,0.0,14.538441,27.7,3.5141757,5.33,28.4
GULFPETRO.NS,GP PETROLEUMS LIMITED,Energy,2026-10-01,62.45000076293945,EXPANSION,0.71,low,,,0.344,0.0,-0.5,0.877,1.0,SHARK,0.0,7.8356338,7.4,0.8964844,0.82,219.49999999999997
GULPOLY.NS,GULSHAN POLYOLS LIMITED,Basic Materials,2026-10-01,161.75,ACCUMULATION,0.36,low,,,-0.093,-1.0,-0.5,0.13,0.231,,0.0,6.8393235,5.4,1.4036899,0.9,307.2
GVKPIL.NS,GVK POW. & INFRA LTD.,Utilities,2026-10-01,2.509999990463257,ACCUMULATION,0.44,low,,,0.139,0.0,0.501,-0.083,-1.0,,0.0,,,-0.25841653,0.0,
GVPIL.NS,GE POWER INDIA LIMITED,Industrials,2026-10-01,679.5,EXPANSION,0.53,low,ACCUMULATION,2/5,0.256,0.0,0.523,-0.116,0.0,SHARK,0.0,13.349705,24.0,7.8417115,1.03,54.800000000000004
GVPTECH.NS,GVP INFOTECH LIMITED,Technology,2026-10-01,7.75,CONTRACTION,0.78,low,EXPANSION,2/5,0.439,0.0,0.081,0.957,-0.75,,0.0,,,1.5894176,2.52,74.5
GVT&D.NS,GE VERNOVA T&D INDIA LTD,Industrials,2026-10-01,4253.2001953125,CONTRACTION,0.71,low,,,-0.619,-1.0,-0.508,-0.967,1.0,,0.0,83.674995,89.8,40.47506,0.24,24.7
HAL.NS,HINDUSTAN AERONAUTICS LTD,Industrials,2026-10-01,4601.0,CONTRACTION,0.53,low,,,-0.283,-1.0,-0.506,0.503,0.0,,0.0,32.965534,62.9,7.4974413,0.43,14.899999999999999
HALEOSLABS.NS,HALEOS LABS LIMITED,Healthcare,2026-10-01,1490.0,EXPANSION,0.36,low,CONTRACTION,1/5,-0.087,0.0,0.467,0.184,0.333,,0.0,28.516747,57.1,2.1111364,0.1,-36.3
HAPPSTMNDS.NS,HAPPIEST MINDS TECHNO LTD,Technology,2026-10-01,304.70001220703125,DISTRIBUTION,0.53,low,,,0.186,1.0,-0.5,0.288,0.0,,0.0,20.615698,42.0,2.583758,2.35,18.3
HAPPYFORGE.NS,HAPPY FORGINGS LIMITED,Industrials,2026-10-01,2003.699951171875,ACCUMULATION,0.53,low,,,-0.162,-1.0,-0.5,0.851,1.0,,0.0,57.693638,83.6,8.883421,0.19,39.2
HARDWYN.NS,HARDWYN INDIA LIMITED,Industrials,2026-10-01,9.1899995803833,ACCUMULATION,0.53,low,,,-0.352,0.0,0.5,-0.907,-1.0,,0.0,48.36842,77.6,1.5513166,0.0,-22.900000000000002
HARIOMPIPE.NS,HARIOM PIPE INDUSTRIES L,Basic Materials,2026-10-01,332.3500061035156,CONTRACTION,0.89,low,,,-0.666,-1.0,-0.975,-0.103,0.111,,0.0,14.97072,28.9,1.5918593,0.22,-29.7
HARRMALAYA.NS,HARRISON MALAYALAM LTD,Consumer Defensive,2026-10-01,179.6699981689453,CONTRACTION,0.36,low,ACCUMULATION,2/5,-0.067,-1.0,0.75,0.192,1.0,,0.0,12.230769,19.9,1.8517334,0.0,-34.0
HARSHA.NS,HARSHA ENGINEERS INT LTD,Industrials,2026-10-01,474.5,EXPANSION,0.53,low,,,0.361,0.0,0.979,1.0,-0.333,,0.0,27.944641,56.1,3.0820293,0.32,-1.4000000000000001
HATHWAY.NS,HATHWAY CABLE & DATACOM,Communication Services,2026-10-01,9.319999694824219,CONTRACTION,0.89,low,,,-0.782,-1.0,-0.946,-0.182,1.0,,0.0,22.190475,45.3,0.39414698,0.0,-21.0
HATSUN.NS,HATSUN AGRO PRODUCT LTD.,Consumer Defensive,2026-10-01,1118.0999755859375,EXPANSION,0.71,low,CONTRACTION,2/5,-0.288,-1.0,-0.53,0.904,0.429,,0.0,70.144295,87.1,12.834168,1.82,-1.0999999999999999
HAVELLS.NS,HAVELLS INDIA LIMITED,Industrials,2026-10-01,1040.0,CONTRACTION,0.89,low,,,-0.72,-1.0,-0.5,-0.467,-0.333,,0.0,39.98462,71.3,6.8991594,1.18,-16.5
HAVISHA.NS,SRI HAVISHA HOSP & INFR L,Consumer Cyclical,2026-10-01,1.350000023841858,EXPANSION,0.67,low,,,0.235,0.0,0.367,0.339,-1.0,,0.0,,,1.7509727,0.0,
HBLENGINE.NS,HBL ENGINEERING LTD,Industrials,2026-10-01,779.3499755859375,EXPANSION,0.53,low,ACCUMULATION,1/5,-0.18,0.0,0.5,-0.219,0.0,,0.0,27.636522,55.5,9.671635,0.5,-23.9
HBSL.NS,HB STOCKHOLDINGS LIMITED,Financial Services,2026-10-01,57.029998779296875,EXPANSION,0.78,low,,,0.746,1.0,0.736,0.71,0.0,,0.0,,,0.51831317,2.02,6.6000000000000005
HCC.NS,HINDUSTAN CONSTRUCTION CO,Industrials,2026-10-01,20.229999542236328,DISTRIBUTION,0.53,low,CONTRACTION,1/5,-0.391,-1.0,-0.502,0.421,0.0,,0.0,29.31884,58.5,2.4910724,0.0,0.7000000000000001
HCG.NS,HEALTHCARE GLOB. ENT. LTD,Healthcare,2026-10-01,668.75,ACCUMULATION,0.36,low,CONTRACTION,2/5,-0.187,0.0,-0.921,0.172,-1.0,,0.0,437.09152,98.6,7.2633376,0.0,189.9
HCL-INSYS.NS,HCL INFOSYSTEMS LTD,Technology,2026-10-01,10.039999961853027,EXPANSION,0.67,medium,ACCUMULATION,3/5,-0.406,-1.0,0.345,-0.563,0.0,,0.0,,,-1.1146885,0.0,
HCLTECH.NS,HCL TECHNOLOGIES LTD,Technology,2026-10-01,1243.0999755859375,CONTRACTION,0.53,low,DISTRIBUTION,2/5,-0.237,0.0,-0.967,0.272,0.0,,0.0,19.359913,39.5,4.5571666,4.88,8.4
HDBFS.NS,HDB FINANCIAL SERVICES L,Financial Services,2026-10-01,618.2000122070312,ACCUMULATION,0.71,low,CONTRACTION,3/5,-0.62,-1.0,-0.949,-0.628,1.0,,0.0,18.492373,37.2,2.484068,0.64,38.3
HDFCAMC.NS,HDFC AMC LIMITED,Financial Services,2026-10-01,2308.10009765625,ACCUMULATION,0.71,low,CONTRACTION,3/5,-0.749,-1.0,-0.95,-0.844,0.0,,0.0,33.62127,63.9,10.71427,2.37,12.0
HDFCBANK.NS,HDFC BANK LTD,Financial Services,2026-10-01,721.2000122070312,ACCUMULATION,0.89,medium,,,-0.242,-1.0,0.055,-0.315,1.0,,0.0,15.753605,31.5,1.8313261,1.83,18.4
HDFCLIFE.NS,HDFC LIFE INS CO LTD,Financial Services,2026-10-01,534.2000122070312,ACCUMULATION,0.71,low,CONTRACTION,2/5,-0.519,-1.0,-0.672,-0.202,1.0,,0.0,58.25518,83.8,5.9486427,0.4,11.899999999999999
HDIL.NS,HOUSING DEV & INFRA LTD,Real Estate,2026-10-01,1.4500000476837158,ACCUMULATION,0.67,high,,,-0.411,-1.0,0.5,-0.732,1.0,,0.0,,,-0.015545097,0.0,
HEADSUP.NS,HEADS UP VENTURES LIMITED,Consumer Cyclical,2026-10-01,6.400000095367432,EXPANSION,0.67,low,DISTRIBUTION,2/5,-0.129,0.0,-0.56,0.174,0.8,,0.0,,,0.92272204,0.0,
HEALTHX.NS,HEALTH X PLATFORM LIMITED,Healthcare,2026-10-01,273.0,CONTRACTION,0.78,low,,,-0.862,-1.0,-0.885,-0.632,1.0,,0.0,,,1.3557403,0.0,-89.4
HECPROJECT.NS,HEC INFRA PROJECTS LTD,Industrials,2026-10-01,111.86000061035156,CONTRACTION,0.53,low,,,-0.351,-1.0,-0.701,-0.27,0.0,,0.0,9.585261,13.0,1.8435322,0.0,2.7
HEGAM.NS,HEG ADVANCED MATERIAL LTD,Industrials,2026-10-01,239.27999877929688,CONTRACTION,0.71,low,EXPANSION,1/5,0.29,1.0,0.5,-0.954,-1.0,,0.0,12.809422,21.8,,1.43,16.7
HEIDELBERG.NS,HEIDELBERGCEMENT (I) LTD,Basic Materials,2026-10-01,130.57000732421875,CONTRACTION,0.89,low,,,-0.699,-1.0,-0.5,-0.295,0.0,,0.0,25.452242,51.9,2.1514964,5.28,-36.7
HEMIPROP.NS,HEMISPHERE PROP IND LTD,Real Estate,2026-10-01,111.5,ACCUMULATION,0.67,low,CONTRACTION,2/5,-0.878,-1.0,-0.828,-0.805,-0.333,,0.0,,,7.3860626,0.0,
HERANBA.NS,HERANBA INDUSTRIES LTD,Basic Materials,2026-10-01,172.1199951171875,CONTRACTION,0.78,low,EXPANSION,3/5,0.491,0.0,0.962,0.332,0.0,,0.0,,,0.9041625,0.61,17.0
HERITGFOOD.NS,HERITAGE FOODS LTD,Consumer Defensive,2026-10-01,402.8999938964844,DISTRIBUTION,0.71,high,,,-0.086,1.0,-0.969,0.623,0.0,,0.0,27.690722,55.6,3.388647,0.62,-38.4
HEROMOTOCO.NS,HERO MOTOCORP LIMITED,Consumer Cyclical,2026-10-01,5168.0,EXPANSION,0.71,low,CONTRACTION,3/5,-0.483,0.0,-0.774,-0.291,0.0,,0.0,18.979763,38.7,4.784853,3.53,-17.2
HESTERBIO.NS,HESTER BIOSCIENCES LTD,Healthcare,2026-10-01,2126.800048828125,DISTRIBUTION,0.36,low,CONTRACTION,2/5,-0.087,-1.0,-0.502,0.543,1.0,,0.0,13.390418,24.3,5.022387,0.51,489.79999999999995
HEXATRADEX.NS,HEXA TRADEX LIMITED,Financial Services,2026-10-01,154.9600067138672,EXPANSION,0.67,medium,DISTRIBUTION,2/5,-0.015,0.0,-0.624,0.579,0.0,,0.0,,,0.18547712,0.0,
HEXT.NS,HEXAWARE TECHNOLOGIES LTD,Technology,2026-10-01,490.45001220703125,CONTRACTION,0.89,low,,,-0.816,-1.0,-0.819,-0.613,1.0,,0.0,22.487392,45.9,4.456003,2.88,-13.200000000000001
HFCL.NS,HFCL LIMITED,Technology,2026-10-01,238.36000061035156,DISTRIBUTION,0.58,low,EXPANSION,2/5,0.192,0.0,0.75,0.421,-0.5,,0.0,62.072918,85.4,7.1896963,0.09,
HGINFRA.NS,H.G.INFRA ENGINEERING LTD,Industrials,2026-10-01,419.8999938964844,CONTRACTION,0.58,low,,,-0.241,0.0,-0.532,-0.262,0.0,,0.0,14.656196,28.0,0.8381405,0.46,
HGM.NS,HANDSON GBL MNGMNT LTD,Technology,2026-10-01,40.36000061035156,CONTRACTION,0.44,low,,,-0.451,0.0,-0.561,-0.793,-1.0,,0.0,,,2.492435,0.0,
HGS.NS,HINDUJA GLOBAL SOLS. LTD.,Industrials,2026-10-01,367.04998779296875,CONTRACTION,0.44,low,,,-0.4,-1.0,-0.5,0.299,0.333,,0.0,,,0.20555079,1.35,
HIKAL.NS,HIKAL LIMITED,Healthcare,2026-10-01,218.13999938964844,EXPANSION,0.44,low,CONTRACTION,3/5,-0.288,-1.0,-0.729,0.864,0.429,,0.0,,,2.2436385,0.28,
HILINFRA.NS,HIGHWAY INFRASTRUCTURE L,Industrials,2026-10-01,45.060001373291016,ACCUMULATION,0.53,low,EXPANSION,2/5,0.098,1.0,0.534,-0.945,-1.0,,0.0,12.145553,19.7,1.3287333,0.0,-85.3
HILTON.NS,HILTON METAL FORGING LTD,Industrials,2026-10-01,16.860000610351562,CONTRACTION,0.53,low,ACCUMULATION,3/5,0.29,-1.0,0.5,0.661,1.0,,0.0,10.343558,14.6,0.3923759,0.0,1119.1000000000001
HIMATSEIDE.NS,HIMATSINGKA SEIDE LTD,Consumer Cyclical,2026-10-01,64.1500015258789,ACCUMULATION,0.53,low,,,-0.022,0.0,0.973,-0.543,0.0,,0.0,14.383409,27.2,0.38473997,0.38,-54.2
HINDALCO.NS,HINDALCO  INDUSTRIES  LTD,Basic Materials,2026-10-01,941.8499755859375,ACCUMULATION,0.53,low,CONTRACTION,2/5,-0.557,-1.0,-0.946,-0.983,0.0,,0.0,12.772579,21.7,1.5307565,0.53,75.2
HINDCOMPOS.NS,HINDUSTAN COMPOSITES LTD.,Consumer Cyclical,2026-10-01,380.79998779296875,CONTRACTION,0.89,high,ACCUMULATION,2/5,-0.111,-1.0,0.977,-0.477,1.0,,0.0,17.869545,36.3,0.4911685,0.52,16.400000000000002
HINDCON.NS,HINDCON CHEMICALS LIMITED,Basic Materials,2026-10-01,33.29999923706055,ACCUMULATION,0.71,low,EXPANSION,1/5,0.453,0.0,0.819,0.993,-1.0,,0.0,39.642857,70.8,2.9857438,0.0,81.0
HINDCOPPER.NS,HINDUSTAN COPPER LTD,Basic Materials,2026-10-01,462.1499938964844,ACCUMULATION,0.71,low,CONTRACTION,2/5,-0.736,-1.0,-0.949,-0.993,0.0,,0.0,39.26508,70.4,13.384014,0.91,162.5
HINDOILEXP.NS,HINDUSTAN OIL EXPLORATION,Energy,2026-10-01,167.30999755859375,CONTRACTION,0.71,low,,,-0.42,-1.0,-0.512,0.834,1.0,,0.0,88.52381,90.9,1.590868,0.0,-85.8
HINDPETRO.NS,HINDUSTAN PETROLEUM CORP,Energy,2026-10-01,345.0,ACCUMULATION,0.78,medium,,,-0.602,-1.0,0.064,-0.672,1.0,,0.0,43.949043,74.9,1.1199808,6.92,
HINDUNILVR.NS,HINDUSTAN UNILEVER LTD.,Consumer Defensive,2026-10-01,1836.0,ACCUMULATION,0.89,low,CONTRACTION,3/5,-0.842,-1.0,-0.8,-0.993,1.0,,0.0,40.709538,71.8,8.850923,2.34,-3.0
HINDWAREAP.NS,HINDWARE HME INOVATON LTD,Consumer Cyclical,2026-10-01,170.52999877929688,ACCUMULATION,0.44,low,,,0.004,0.0,0.56,-0.548,1.0,,0.0,,,1.9357291,0.0,
HINDZINC.NS,HINDUSTAN ZINC LIMITED,Basic Materials,2026-10-01,555.0499877929688,ACCUMULATION,0.53,low,CONTRACTION,1/5,-0.456,-1.0,-0.737,-0.652,0.0,,0.0,13.735461,25.3,10.363918,3.71,144.79999999999998
HIRECT.NS,HIRECT LIMITED,Industrials,2026-10-01,1123.800048828125,CONTRACTION,0.71,low,,,-0.591,-1.0,-0.508,0.143,0.0,,0.0,93.26141,91.8,18.51736,0.12,-26.200000000000003
HISARMETAL.NS,HISAR METAL IND. LIMITED,Basic Materials,2026-10-01,146.9199981689453,DISTRIBUTION,0.53,low,,,0.077,0.0,-0.506,0.569,0.0,,0.0,16.657597,34.3,1.2069135,0.67,328.6
HITECH.NS,HI-TECH PIPES LIMITED,Basic Materials,2026-10-01,71.41999816894531,ACCUMULATION,0.89,low,CONTRACTION,1/5,-0.553,-1.0,-0.386,-0.268,0.0,,0.0,19.198925,39.1,1.0590626,0.03,-4.2
HITECHCORP.NS,HITECH CORPORATION LTD,Consumer Cyclical,2026-10-01,340.25,EXPANSION,0.71,medium,ACCUMULATION,3/5,0.124,-1.0,0.938,0.559,0.143,,0.0,33.292564,63.3,2.054811,0.29,49.7
HITECHGEAR.NS,THE HI-TECH GEARS LIMITED,Consumer Cyclical,2026-10-01,601.75,CONTRACTION,0.53,low,ACCUMULATION,4/5,-0.026,0.0,0.956,-0.06,0.0,,0.0,57.254993,83.2,2.1620173,0.64,-20.7
HLEGLAS.NS,HLE GLASCOAT LIMITED,Industrials,2026-10-01,442.04998779296875,EXPANSION,0.53,low,,,-0.046,0.0,0.5,0.315,-1.0,,0.0,84.52199,90.0,5.682096,0.25,-81.2
HLVLTD.NS,HLV LIMITED,Consumer Cyclical,2026-10-01,6.309999942779541,ACCUMULATION,0.78,low,CONTRACTION,1/5,-0.561,-1.0,-0.325,-0.14,0.429,,0.0,90.14285,91.2,0.88623595,0.0,
HMAAGRO.NS,HMA AGRO INDUSTRIES LTD,Consumer Defensive,2026-10-01,23.469999313354492,EXPANSION,0.89,low,,,0.523,0.0,0.507,0.585,-0.667,,0.0,5.4836445,3.4,1.2419302,1.37,6197.3
HMT.NS,HMT LTD -,Industrials,2026-10-01,58.2400016784668,CONTRACTION,0.44,low,,,-0.452,-1.0,-0.503,0.147,0.167,,0.0,,,-1.024937,0.0,
HMVL.NS,HINDUSTAN MEDIA VENT LTD,Communication Services,2026-10-01,77.44000244140625,EXPANSION,0.89,low,,,0.519,0.0,0.5,0.575,1.0,,0.0,3.343696,1.4,0.35940874,0.0,399.7
HNDFDS.NS,HINDUSTAN FOODS LIMITED,Industrials,2026-10-01,574.5999755859375,CONTRACTION,0.53,low,ACCUMULATION,3/5,-0.183,-1.0,-0.5,0.767,-1.0,,0.0,43.662613,74.7,5.974277,0.0,34.8
HOMEFIRST.NS,HOME FIRST FIN CO IND LTD,Financial Services,2026-10-01,1125.699951171875,EXPANSION,0.53,low,CONTRACTION,3/5,-0.464,-1.0,-0.966,0.11,1.0,,0.0,20.33785,41.3,2.6957643,0.47,34.5
HONASA.NS,HONASA CONSUMER LIMITED,Consumer Defensive,2026-10-01,427.8999938964844,DISTRIBUTION,0.53,low,,,-0.15,0.0,-0.95,0.35,1.0,,0.0,56.081257,82.5,9.845382,0.7,118.39999999999999
HONAUT.NS,HONEYWELL AUTOMATION IND,Industrials,2026-10-01,33470.0,CONTRACTION,0.53,low,,,-0.386,-1.0,-0.983,0.438,-0.333,,0.0,53.779163,81.0,6.631092,0.33,20.9
HONDAPOWER.NS,HONDA I POWER PRODUCT LTD,Industrials,2026-10-01,1886.300048828125,CONTRACTION,0.71,low,,,-0.497,-1.0,-0.5,-0.415,1.0,,0.0,29.08264,58.1,2.3816016,7.9,17.1
HPAL.NS,HP ADHESIVES LIMITED,Basic Materials,2026-10-01,33.810001373291016,CONTRACTION,0.58,low,,,-0.337,-1.0,-0.525,0.847,1.0,,0.0,169.05,95.8,1.6434162,1.18,
HPIL.NS,HINDPRAKASH INDUSTRY LTD,Basic Materials,2026-10-01,114.44000244140625,CONTRACTION,0.71,low,,,-0.576,-1.0,-0.503,-0.8,1.0,,0.0,37.398693,68.4,2.3966994,0.0,780.3
HPL.NS,HPL ELECTRIC & POWER LTD,Industrials,2026-10-01,267.20001220703125,CONTRACTION,0.71,low,,,-0.573,-1.0,-0.502,-0.394,0.429,,0.0,18.843441,38.5,1.71761,0.37,1.3
HSCL.NS,HIMADRI SPECIALITY CHEM L,Basic Materials,2026-10-01,665.1500244140625,EXPANSION,0.71,low,,,0.234,0.0,0.56,0.377,-1.0,,0.0,41.75455,72.7,7.1302233,0.12,26.3
HTMEDIA.NS,HT MEDIA LIMITED,Communication Services,2026-10-01,22.3799991607666,DISTRIBUTION,0.58,low,CONTRACTION,1/5,-0.31,-1.0,-0.5,-0.077,-1.0,,0.0,11.134328,16.7,0.31759995,0.0,
HUBTOWN.NS,HUBTOWN LIMITED,Real Estate,2026-10-01,177.4199981689453,CONTRACTION,0.36,low,ACCUMULATION,2/5,-0.058,0.0,0.75,0.017,0.0,,0.0,27.169983,55.0,0.95660704,0.0,-68.60000000000001
HUDCO.NS,HSG & URBAN DEV CORPN LTD,Financial Services,2026-10-01,161.5399932861328,ACCUMULATION,0.53,medium,,,-0.289,-1.0,-0.427,-0.728,-0.111,,0.0,7.598306,6.8,1.4711534,3.6,35.0
HUHTAMAKI.NS,HUHTAMAKI INDIA LIMITED,Consumer Cyclical,2026-10-01,232.72000122070312,EXPANSION,0.36,low,ACCUMULATION,3/5,-0.022,-1.0,-0.5,0.725,1.0,,0.0,12.885936,22.2,1.3030891,0.84,75.3
HYBRIDFIN.NS,HYBRID FINANCIAL SERVICE,Financial Services,2026-10-01,17.360000610351562,CONTRACTION,0.53,low,ACCUMULATION,1/5,-0.19,0.0,0.985,-0.743,0.333,,0.0,19.954023,40.8,1.155177,0.0,-21.0
HYUNDAI.NS,HYUNDAI MOTOR INDIA LTD,Consumer Cyclical,2026-10-01,2024.0,DISTRIBUTION,0.71,medium,,,-0.123,1.0,-0.5,0.01,1.0,,0.0,33.21845,63.1,8.218422,1.03,-35.099999999999994
IBULLSLTD.NS,INDIABULLS LIMITED,Real Estate,2026-10-01,29.43000030517578,EXPANSION,0.58,low,,,0.58,1.0,0.507,0.656,0.0,,0.0,15.408378,30.3,2.2186203,0.0,
ICDSLTD.NS,ICDSLTD,Real Estate,2026-10-01,46.5,CONTRACTION,0.58,low,,,-0.335,-1.0,-0.53,0.856,0.0,,0.0,93.0,91.7,,0.0,
ICEMAKE.NS,ICE MAKE REFRIGERAT LTD,Industrials,2026-10-01,623.6500244140625,ACCUMULATION,0.78,low,CONTRACTION,3/5,-0.881,-1.0,-0.941,-0.641,1.0,,0.0,81.843834,89.2,7.3979836,0.36,
ICICIBANK.NS,ICICI BANK LTD.,Financial Services,2026-10-01,1310.5999755859375,DISTRIBUTION,0.53,low,CONTRACTION,3/5,-0.122,0.0,-0.5,-0.056,1.0,,0.0,16.943762,34.8,2.4710724,0.91,13.900000000000002
ICICIGI.NS,ICICI LOMBARD GIC LIMITED,Financial Services,2026-10-01,1563.0,ACCUMULATION,0.53,low,,,-0.323,0.0,0.53,-0.821,0.0,,0.0,32.33347,62.2,4.5773897,0.88,-46.0
ICICIPRULI.NS,ICICI PRU LIFE INS CO LTD,Financial Services,2026-10-01,448.04998779296875,ACCUMULATION,0.71,low,CONTRACTION,3/5,-0.64,-1.0,-0.879,-0.679,1.0,,0.0,38.525364,69.9,4.763702,0.37,28.299999999999997
ICIL.NS,INDO COUNT INDUSTRIES LTD,Consumer Cyclical,2026-10-01,443.6499938964844,EXPANSION,0.53,low,,,0.366,1.0,-0.219,0.682,0.0,,0.0,58.06937,83.7,3.7305965,0.33,67.30000000000001
ICRA.NS,ICRA LIMITED,Financial Services,2026-10-01,4318.2998046875,CONTRACTION,0.71,medium,ACCUMULATION,3/5,-0.596,-1.0,-0.5,-0.883,1.0,,0.0,21.302845,43.7,3.519784,1.65,32.300000000000004
IDBI.NS,IDBI BANK LIMITED,Financial Services,2026-10-01,86.56999969482422,CONTRACTION,0.71,low,EXPANSION,1/5,0.243,0.0,0.5,-0.159,0.5,,0.0,9.985005,13.8,1.317656,2.43,5.3
IDEA.NS,VODAFONE IDEA LIMITED,Communication Services,2026-10-01,12.640000343322754,CONTRACTION,0.58,low,,,-0.395,-1.0,-0.507,-0.377,1.0,,0.0,3.6217766,1.7,-3.8303032,0.0,
IDEAFORGE.NS,IDEAFORGE TECHNO LTD,Technology,2026-10-01,735.0,DISTRIBUTION,0.58,low,EXPANSION,1/5,0.181,0.0,0.777,0.358,-1.0,,0.0,835.2273,99.3,5.309773,0.0,
IDFCFIRSTB.NS,IDFC FIRST BANK LIMITED,Financial Services,2026-10-01,80.38999938964844,EXPANSION,0.53,low,CONTRACTION,2/5,-0.255,0.0,-0.946,-0.073,1.0,,0.0,31.03861,60.5,1.4223787,0.31,153.1
IEX.NS,INDIAN ENERGY EXC LTD,Financial Services,2026-10-01,105.9800033569336,CONTRACTION,0.53,low,,,-0.344,-1.0,-0.5,0.245,-1.0,,0.0,18.592983,37.8,6.9508758,3.74,11.600000000000001
IFBAGRO.NS,IFB AGRO INDUSTRIES LTD,Consumer Defensive,2026-10-01,866.9500122070312,CONTRACTION,0.53,medium,ACCUMULATION,3/5,0.266,0.0,0.875,-0.355,0.333,,0.0,13.618442,24.9,1.2061208,0.0,18.5
IFBIND.NS,IFB INDUSTRIES LTD,Consumer Cyclical,2026-10-01,1166.199951171875,EXPANSION,0.53,low,ACCUMULATION,3/5,-0.324,-1.0,-0.5,0.205,0.0,,0.0,29.4272,58.6,4.749725,0.0,64.60000000000001
IFCI.NS,IFCI LTD,Financial Services,2026-10-01,65.13999938964844,DISTRIBUTION,0.71,low,CONTRACTION,2/5,-0.357,0.0,-0.5,-0.026,0.0,,0.0,98.69697,92.5,1.9255669,0.0,-16.1
IFGLEXPOR.NS,IFGL REFRACTORIES LIMITED,Basic Materials,2026-10-01,189.57000732421875,CONTRACTION,0.53,low,,,-0.335,-1.0,-0.507,0.166,-1.0,,0.0,33.316345,63.4,1.1629777,1.12,57.8
IGARASHI.NS,IGARASHI MOTORS INDIA LTD,Consumer Cyclical,2026-10-01,398.95001220703125,ACCUMULATION,0.53,low,CONTRACTION,2/5,-0.305,-1.0,-0.834,0.613,0.0,,0.0,76.72116,88.2,2.69099,0.32,169.6
IGCL.NS,INDOGULF CROPSCIENCES LTD,Basic Materials,2026-10-01,54.619998931884766,CONTRACTION,0.71,low,,,-0.567,-1.0,-0.5,-0.766,0.0,,0.0,8.954099,11.0,0.6003385,0.0,-37.6
IGIL.NS,INTL GEMOLOGICAL INST LTD,Basic Materials,2026-10-01,311.95001220703125,ACCUMULATION,0.89,medium,,,-0.273,-1.0,0.328,-0.419,0.0,,0.0,26.324894,53.8,9.059887,1.61,31.0
IGL.NS,INDRAPRASTHA GAS LTD,Utilities,2026-10-01,142.7899932861328,CONTRACTION,0.89,low,,,-0.566,-1.0,-0.543,-0.063,1.0,,0.0,15.639648,31.1,1.7362808,2.06,-44.0
IGPL.NS,I G PETROCHEMICALS LTD,Basic Materials,2026-10-01,569.5499877929688,EXPANSION,0.58,low,,,0.674,1.0,0.911,0.947,-1.0,,0.0,21.500566,43.7,1.3158807,0.86,
IIFL.NS,IIFL FINANCE LIMITED,Financial Services,2026-10-01,583.7999877929688,EXPANSION,0.36,low,CONTRACTION,2/5,-0.247,-1.0,-0.947,0.109,-1.0,,0.0,11.887599,19.0,1.7836574,0.67,189.3
IIFLCAPS.NS,IIFL CAPITAL SERVICES LTD,Financial Services,2026-10-01,345.6000061035156,EXPANSION,0.71,low,ACCUMULATION,3/5,-0.004,0.0,0.68,-0.322,0.0,,0.0,19.97688,40.8,3.5052133,0.87,5.0
IITL.NS,INDUSTRIAL INV TRUST LTD,Financial Services,2026-10-01,132.55999755859375,CONTRACTION,0.39,low,ACCUMULATION,3/5,-0.069,-1.0,-0.5,0.757,1.0,,0.0,,,0.69398415,0.0,49.0
IKIO.NS,IKIO TECHNOLOGIES LIMITED,Technology,2026-10-01,190.9600067138672,DISTRIBUTION,0.53,low,CONTRACTION,2/5,-0.198,-1.0,-0.529,0.738,-0.333,,0.0,32.040268,61.8,2.4509075,0.0,409.90000000000003
IKS.NS,INVENTURUS KNOWLEDGE SO L,Healthcare,2026-10-01,1776.4000244140625,EXPANSION,0.53,low,,,0.404,1.0,-0.138,0.753,-1.0,,0.0,39.70496,70.9,10.6141815,0.0,27.800000000000004
IL&FSENGG.NS,IL&FS ENG AND CONS CO LTD,Industrials,2026-10-01,38.59000015258789,EXPANSION,0.53,low,DISTRIBUTION,3/5,0.006,0.0,-0.909,0.933,0.0,,0.0,47.641975,77.1,-0.15862577,0.0,37.4
IL&FSTRANS.NS,IL&FS TRANS NET LTD,Industrials,2026-10-01,1.8700000047683716,EXPANSION,0.58,low,ACCUMULATION,3/5,0.09,0.0,0.56,-0.328,-1.0,,0.0,,,-0.00413976,0.0,3.3000000000000003
IMAGICAA.NS,IMAGICAAWORLD ENT LTD,Communication Services,2026-10-01,50.70000076293945,DISTRIBUTION,0.53,low,,,0.102,0.0,-0.501,0.91,-1.0,,0.0,202.8,96.6,1.6046335,0.0,29.9
IMFA.NS,INDIAN METALS & FERRO,Basic Materials,2026-10-01,1176.800048828125,ACCUMULATION,0.36,low,CONTRACTION,2/5,-0.28,0.0,-0.945,-0.983,-1.0,,0.0,12.1094885,19.6,2.3364365,1.05,108.4
IMPAL.NS,IND MOTOR PART & ACC LTD,Consumer Cyclical,2026-10-01,1009.0999755859375,EXPANSION,0.53,low,CONTRACTION,3/5,-0.312,-1.0,-0.512,-0.08,1.0,,0.0,12.871173,22.1,0.5456084,3.18,6.3
INCREDIBLE.NS,INCREDIBLE INDUSTRIES LTD,Basic Materials,2026-10-01,31.3700008392334,EXPANSION,0.36,low,CONTRACTION,3/5,-0.361,-1.0,-0.88,0.007,-0.2,,0.0,12.39921,20.3,0.8849833,0.0,6.7
INDBANK.NS,INDBANK MERCH BANK,Financial Services,2026-10-01,25.200000762939453,CONTRACTION,0.53,low,,,-0.334,0.0,-0.5,-0.987,0.0,,0.0,15.365854,30.1,1.1472276,0.0,11.1
INDGN.NS,INDEGENE LIMITED,Healthcare,2026-10-01,593.5,EXPANSION,0.53,low,,,0.493,1.0,0.531,0.947,-1.0,,0.0,35.75301,66.5,4.555223,0.38,-0.2
INDHOTEL.NS,THE INDIAN HOTELS CO. LTD,Consumer Cyclical,2026-10-01,718.0,EXPANSION,0.53,low,DISTRIBUTION,1/5,0.013,0.0,-0.658,0.709,-1.0,,0.0,47.612732,77.0,7.8302217,0.45,20.8
INDIACEM.NS,THE INDIA CEMENTS LIMITED,Basic Materials,2026-10-01,295.1499938964844,CONTRACTION,0.78,low,,,-0.905,-1.0,-0.674,-0.993,1.0,,0.0,98.71237,92.5,0.90343374,0.0,
INDIAGLYCO.NS,INDIA GLYCOLS LTD,Basic Materials,2026-10-01,298.79998779296875,CONTRACTION,0.53,high,ACCUMULATION,1/5,0.262,0.0,0.984,-0.937,-1.0,,0.0,8.135039,8.5,0.6828887,4.07,32.2
INDIAMART.NS,INDIAMART INTERMESH LTD,Consumer Cyclical,2026-10-01,1620.300048828125,CONTRACTION,0.89,high,ACCUMULATION,3/5,-0.417,-1.0,0.496,-0.977,1.0,,0.0,19.812914,40.3,4.3897367,1.84,12.2
INDIANB.NS,INDIAN BANK,Financial Services,2026-10-01,793.1500244140625,DISTRIBUTION,0.53,low,EXPANSION,3/5,0.17,1.0,-0.5,-0.821,-1.0,,0.0,8.354224,9.5,1.2732917,2.26,47.5
INDIANCARD.NS,INDIAN CARD CLOTHING CO.,Consumer Cyclical,2026-10-01,188.3699951171875,CONTRACTION,0.53,low,,,-0.331,-1.0,-0.556,0.147,0.0,,0.0,18.668978,37.9,0.3262982,0.0,98.9
INDIANHUME.NS,INDIAN HUME PIPE CO. LTD.,Industrials,2026-10-01,346.1000061035156,CONTRACTION,0.71,low,DISTRIBUTION,2/5,0.046,0.0,-0.5,0.293,-1.0,,0.0,12.771217,21.7,1.2283504,0.57,7.5
INDIASHLTR.NS,INDIA SHELTER FIN CORP L,Financial Services,2026-10-01,645.5999755859375,ACCUMULATION,0.36,low,CONTRACTION,2/5,-0.257,0.0,-0.898,-0.702,1.0,SHARK,0.0,13.634636,25.0,2.195485,1.57,19.7
INDIGO.NS,INTERGLOBE AVIATION LTD,Industrials,2026-10-01,4929.89990234375,ACCUMULATION,0.44,low,,,-0.16,-1.0,0.396,0.123,-1.0,,0.0,,,27.333818,0.19,
INDIGOPNTS.NS,INDIGO PAINTS LIMITED,Basic Materials,2026-10-01,1053.5,ACCUMULATION,0.53,low,CONTRACTION,2/5,-0.289,-1.0,-0.818,0.662,0.0,,0.0,31.354168,60.9,4.3509145,0.46,61.0
INDIQUBE.NS,INDIQUBE SPACES LIMITED,Real Estate,2026-10-01,197.49000549316406,CONTRACTION,0.44,low,,,-0.181,-1.0,-0.51,0.966,-0.2,,0.0,,,8.13352,0.0,
INDNIPPON.NS,INDIA NIPPON ELECT  LTD,Consumer Cyclical,2026-10-01,1224.4000244140625,ACCUMULATION,0.53,medium,DISTRIBUTION,3/5,0.169,1.0,-0.888,0.651,-0.333,GARTLEY,0.0,24.116604,49.5,3.3722968,1.25,16.5
INDOAMIN.NS,INDO AMINES LIMITED,Basic Materials,2026-10-01,136.52000427246094,EXPANSION,0.89,low,,,0.443,0.0,0.512,0.833,-1.0,,0.0,12.388385,20.1,2.6137736,0.35,6.6000000000000005
INDOBORAX.NS,INDO BORAX & CHEMICAL LTD,Basic Materials,2026-10-01,469.5,CONTRACTION,0.53,low,EXPANSION,2/5,0.114,0.0,-0.194,0.648,-0.2,,0.0,26.721685,54.4,3.8973005,2.08,41.9
INDOCO.NS,INDOCO REMEDIES LTD.,Healthcare,2026-10-01,251.75,EXPANSION,0.58,low,,,0.289,0.0,0.628,0.884,0.0,,0.0,354.57748,98.3,2.2568355,0.08,
INDOFARM.NS,INDO FARM EQUIPMENT LTD,Industrials,2026-10-01,131.77000427246094,CONTRACTION,0.36,low,DISTRIBUTION,3/5,-0.22,1.0,-0.776,-0.708,0.0,,0.0,25.38921,51.7,1.1405795,0.0,4.1000000000000005
INDORAMA.NS,INDO RAMA SYNTHETICS LTD,Consumer Cyclical,2026-10-01,95.80999755859375,EXPANSION,0.53,low,,,0.207,0.0,-0.5,0.974,-1.0,,0.0,15.528362,30.7,4.810946,0.0,20.8
INDOSTAR.NS,INDOSTAR CAPITAL FIN LTD,Financial Services,2026-10-01,206.35000610351562,CONTRACTION,0.58,low,,,-0.502,-1.0,-0.5,0.242,-0.667,,0.0,,,0.8813367,0.0,-97.89999999999999
INDOTECH.NS,INDO TECH TRANSFORM LTD.,Industrials,2026-10-01,3347.60009765625,ACCUMULATION,0.53,low,,,-0.256,-1.0,-0.5,0.475,1.0,,0.0,35.837704,66.6,9.51039,0.31,34.1
INDOTHAI.NS,INDO THAI SEC LTD,Financial Services,2026-10-01,35.189998626708984,ACCUMULATION,0.71,high,,,-0.109,-1.0,0.5,-0.937,0.0,,0.0,6.4926195,4.8,1.5910118,0.6,28.599999999999998
INDOUS.NS,INDO US BIOTECH LTD,Basic Materials,2026-10-01,76.75,EXPANSION,0.36,low,ACCUMULATION,1/5,-0.093,0.0,0.505,-0.478,0.0,,0.0,13.464912,24.5,1.6687684,0.0,-35.4
INDOWIND.NS,INDOWIND ENERGY LTD,Utilities,2026-10-01,8.4399995803833,DISTRIBUTION,0.58,low,CONTRACTION,3/5,-0.576,-1.0,-0.836,0.147,1.0,,0.0,,,0.4451946,0.0,-13.100000000000001
INDRAMEDCO.NS,INDRAPRASTHA MEDICAL CORP,Healthcare,2026-10-01,338.6000061035156,ACCUMULATION,0.53,low,CONTRACTION,1/5,-0.2,0.0,-0.56,-0.212,0.0,SHARK,0.0,16.500975,34.0,4.1914244,1.15,8.5
INDSWFTLAB.NS,IND SWIFT LABORATORIES LT,Healthcare,2026-10-01,395.1499938964844,DISTRIBUTION,0.53,low,EXPANSION,3/5,0.36,1.0,-0.446,0.887,-0.6,,0.0,59.06577,84.3,2.3837676,0.0,181.29999999999998
INDTERRAIN.NS,IND TERRAIN FASHIONS LTD,Consumer Cyclical,2026-10-01,29.219999313354492,EXPANSION,0.58,low,,,0.43,1.0,0.986,0.02,0.143,,0.0,365.25,98.4,0.7943671,0.0,
INDUSINDBK.NS,INDUSIND BANK LIMITED,Financial Services,2026-10-01,886.8499755859375,ACCUMULATION,0.71,low,,,-0.401,-1.0,-0.5,-0.103,-1.0,,0.0,52.259872,80.2,1.0505311,0.17,71.7
INDUSTOWER.NS,INDUS TOWERS LIMITED,Communication Services,2026-10-01,376.25,EXPANSION,0.36,low,CONTRACTION,3/5,-0.454,0.0,-0.969,-0.914,0.0,,0.0,13.868412,26.0,2.3977032,3.75,0.7000000000000001
INFOBEAN.NS,INFOBEANS TECHNO. LTD.,Technology,2026-10-01,143.5800018310547,CONTRACTION,0.89,low,,,-0.724,-1.0,-0.501,-0.98,1.0,,0.0,16.409143,33.5,3.3663135,0.35,-7.3
INFOMEDIA.NS,INFOMEDIA PRESS LIMITED,Financial Services,2026-10-01,5.320000171661377,EXPANSION,0.44,low,CONTRACTION,1/5,-0.553,-1.0,-0.836,0.177,-1.0,,0.0,,,-0.4155276,0.0,
INFY.NS,INFOSYS LIMITED,Technology,2026-10-01,1035.0,CONTRACTION,0.71,medium,ACCUMULATION,1/5,-0.178,-1.0,0.5,-0.364,1.0,,0.0,13.31361,24.0,4.5422335,5.03,1.2
INGERRAND.NS,INGERSOLL-RAND INDIA LTD,Industrials,2026-10-01,4158.7998046875,DISTRIBUTION,0.53,low,,,0.171,1.0,-0.5,0.195,0.0,,0.0,49.19328,78.0,21.322258,1.81,19.5
INNOVACAP.NS,INNOVA CAPTAB LIMITED,Healthcare,2026-10-01,1168.0,EXPANSION,0.53,medium,DISTRIBUTION,2/5,0.293,1.0,-0.756,0.927,0.0,,0.0,43.40394,74.5,6.1275344,0.34,42.3
INNOVANA.NS,INNOVANA THINKLABS LTD,Technology,2026-10-01,290.20001220703125,CONTRACTION,0.89,low,,,-0.807,-1.0,-0.989,-0.24,1.0,,0.0,20.654804,42.1,3.5628786,0.0,-56.599999999999994
INOXGREEN.NS,INOX GREEN ENERGY SER LTD,Utilities,2026-10-01,159.0,ACCUMULATION,0.71,low,CONTRACTION,3/5,-0.61,-1.0,-0.938,-0.5,0.0,,0.0,50.316456,78.8,3.6455348,0.0,84.89999999999999
INOXINDIA.NS,INOX INDIA LIMITED,Industrials,2026-10-01,2168.300048828125,DISTRIBUTION,0.71,low,,,-0.057,0.0,-0.243,0.641,0.111,,0.0,77.57782,88.4,17.609272,0.1,-5.0
INOXWIND.NS,INOX WIND LIMITED,Industrials,2026-10-01,68.75,DISTRIBUTION,0.53,high,,,-0.271,1.0,-0.969,-0.116,-1.0,,0.0,33.70098,64.2,1.6114287,0.0,-58.4
INSECTICID.NS,INSECTICIDES (I) LTD,Basic Materials,2026-10-01,568.7000122070312,EXPANSION,0.71,low,CONTRACTION,3/5,-0.651,-1.0,-0.875,-0.367,0.333,,0.0,13.210221,23.8,1.3559299,0.68,-24.5
INSPIRISYS.NS,INSPIRISYS SOLUTIONS LTD,Technology,2026-10-01,83.83000183105469,EXPANSION,0.53,low,,,0.321,1.0,0.764,-0.482,0.0,,0.0,8.994636,11.2,3.3140938,0.0,-33.7
INTELLECT.NS,INTELLECT DESIGN ARENA,Technology,2026-10-01,610.9500122070312,CONTRACTION,0.71,low,,,-0.532,-1.0,-0.55,-0.278,1.0,,0.0,24.585514,50.3,2.6737301,0.65,8.0
INTENTECH.NS,INTENSE TECHNOLOGIES LTD,Technology,2026-10-01,81.9800033569336,EXPANSION,0.39,low,ACCUMULATION,1/5,-0.092,0.0,0.847,-0.669,-1.0,,0.0,,,1.5288216,1.23,-30.4
INTERARCH.NS,INTERARCH BLDNG SOLTN LTD,Industrials,2026-10-01,1666.9000244140625,CONTRACTION,0.89,low,,,-0.6,-1.0,-0.504,-0.383,0.0,,0.0,20.883238,42.9,3.1734037,0.75,-0.5
INTLCONV.NS,INTL CONVEYORS LIMITED,Industrials,2026-10-01,80.02999877929688,EXPANSION,0.89,low,,,0.549,0.0,0.977,0.219,-1.0,SHARK,0.0,3.7661176,1.7,1.202934,0.62,130.1
INVENTURE.NS,INVENTURE GRO & SEC LTD,Financial Services,2026-10-01,0.8500000238418579,CONTRACTION,0.71,low,,,-0.488,-1.0,-0.504,0.379,1.0,,0.0,28.333334,56.8,0.32258067,0.0,-13.100000000000001
IOB.NS,INDIAN OVERSEAS BANK,Financial Services,2026-10-01,30.3799991607666,CONTRACTION,0.53,low,,,-0.159,-1.0,-0.522,-0.113,1.0,,0.0,10.194631,14.3,1.5042583,0.0,45.6
IOC.NS,INDIAN OIL CORP LTD,Energy,2026-10-01,131.33999633789062,ACCUMULATION,0.58,low,CONTRACTION,2/5,-0.472,-1.0,-0.504,-0.649,0.0,,0.0,5.3739767,3.2,0.82385117,6.11,
IOLCP.NS,IOL CHEM AND PHARMA LTD,Healthcare,2026-10-01,209.38999938964844,DISTRIBUTION,0.53,low,EXPANSION,1/5,0.377,1.0,-0.405,0.914,0.0,,0.0,36.606644,67.5,3.4172733,0.48,89.8
IONEXCHANG.NS,ION EXCHANGE (INDIA) LTD,Industrials,2026-10-01,406.3999938964844,CONTRACTION,0.71,low,,,-0.576,-1.0,-0.984,0.681,1.0,,0.0,49.200966,78.1,3.5984983,0.3,-91.60000000000001
IPCALAB.NS,IPCA LABORATORIES LTD,Healthcare,2026-10-01,1943.199951171875,DISTRIBUTION,0.53,low,CONTRACTION,1/5,-0.182,-1.0,-0.539,0.811,0.0,,0.0,37.629745,68.7,6.1137104,0.31,72.3
IPL.NS,INDIA PESTICIDES LIMITED,Basic Materials,2026-10-01,130.67999267578125,ACCUMULATION,0.71,low,CONTRACTION,1/5,-0.558,-1.0,-0.293,-0.472,1.0,,0.0,13.991434,26.3,1.4904536,0.57,-34.9
IRB.NS,IRB INFRA DEV LTD.,Industrials,2026-10-01,17.0,DISTRIBUTION,0.71,low,CONTRACTION,2/5,-0.579,-1.0,-0.52,-0.795,1.0,,0.0,21.794872,44.5,0.9616473,1.14,51.300000000000004
IRCON.NS,IRCON INTERNATIONAL LTD,Industrials,2026-10-01,110.25,CONTRACTION,0.53,low,ACCUMULATION,2/5,-0.211,0.0,0.75,-0.828,1.0,,0.0,16.78082,34.5,1.5597811,1.62,-43.6
IRCTC.NS,INDIAN RAIL TOUR CORP LTD,Consumer Cyclical,2026-10-01,454.1000061035156,ACCUMULATION,0.71,low,CONTRACTION,2/5,-0.301,0.0,-0.493,-0.205,1.0,,0.0,26.037844,52.9,8.431588,1.98,-0.2
IREDA.NS,INDIAN RENEWABLE ENERGY,Financial Services,2026-10-01,111.0,EXPANSION,0.71,low,,,0.488,1.0,0.56,0.066,-1.0,,0.0,15.811966,31.8,2.2619824,1.34,37.1
IRFC.NS,INDIAN RAILWAY FIN CORP L,Financial Services,2026-10-01,77.05999755859375,ACCUMULATION,0.71,medium,,,-0.359,-1.0,0.237,-0.96,-1.0,,0.0,14.03643,26.4,1.7730023,3.66,10.4
IRIS.NS,IRIS REGTECH SOLUTION LTD,Technology,2026-10-01,225.10000610351562,DISTRIBUTION,0.78,low,,,0.047,0.0,-0.51,0.173,-1.0,,0.0,4.20905,2.2,2.3065414,0.0,
IRISDOREME.NS,IRIS CLOTHINGS LIMITED,Consumer Cyclical,2026-10-01,60.459999084472656,EXPANSION,0.53,low,DISTRIBUTION,1/5,0.028,0.0,-0.742,0.856,-1.0,,0.0,65.71739,86.2,8.069941,0.0,52.6
IRMENERGY.NS,IRM ENERGY LIMITED,Utilities,2026-10-01,257.70001220703125,CONTRACTION,0.53,low,EXPANSION,2/5,0.116,0.0,-0.5,0.493,1.0,,0.0,14.47753,27.7,1.0599269,0.57,142.9
ISFT.NS,INTRASOFT TECH. LTD,Consumer Cyclical,2026-10-01,97.91000366210938,EXPANSION,0.71,low,,,0.312,-1.0,0.597,0.983,1.0,,0.0,11.628266,17.8,0.59992033,0.0,10.9
ISGEC.NS,ISGEC HEAVY ENG LTD,Industrials,2026-10-01,919.7000122070312,EXPANSION,0.53,low,,,-0.021,0.0,0.588,0.329,1.0,,0.0,60.907284,85.1,2.4709702,0.68,-82.89999999999999
ISHANCH.NS,ISHAN DYES N CHEMICALS L,Basic Materials,2026-10-01,47.29999923706055,ACCUMULATION,0.39,low,,,-0.286,0.0,0.5,-1.0,-1.0,,0.0,,,0.8705254,0.0,-49.0
ITC.NS,ITC LTD,Consumer Defensive,2026-10-01,255.89999389648438,CONTRACTION,0.53,low,DISTRIBUTION,1/5,0.153,1.0,0.162,0.063,-1.0,,0.0,16.155302,32.7,4.4220567,6.09,-16.2
ITCHOTELS.NS,ITC HOTELS LIMITED,Consumer Cyclical,2026-10-01,158.50999450683594,ACCUMULATION,0.71,medium,,,0.022,0.0,0.56,-0.473,0.0,,0.0,38.19518,69.6,2.8322046,0.61,35.4
ITDC.NS,INDIA TOUR. DEV. CO. LTD.,Consumer Cyclical,2026-10-01,665.5999755859375,EXPANSION,0.53,low,DISTRIBUTION,1/5,0.294,1.0,0.071,0.698,0.0,,0.0,69.11734,87.0,13.504301,0.43,-3.6999999999999997
ITI.NS,ITI LTD,Technology,2026-10-01,241.5399932861328,CONTRACTION,0.78,low,,,-0.789,-1.0,-0.5,-0.762,0.333,,0.0,71.46153,87.3,12.1959095,0.0,
IVALUE.NS,IVALUE INFOSOLUTIONS LTD,Technology,2026-10-01,219.27999877929688,ACCUMULATION,0.71,low,EXPANSION,3/5,0.469,1.0,0.581,-0.608,0.0,,0.0,11.58373,17.7,2.109496,0.0,52.300000000000004
IVC.NS,IL&FS INVESTMENT MANAGERS,Financial Services,2026-10-01,7.809999942779541,EXPANSION,0.53,low,DISTRIBUTION,3/5,0.028,0.0,-0.506,0.619,0.0,,0.0,52.066666,80.0,1.2969114,15.38,120.39999999999999
IVP.NS,IVP LIMITED,Basic Materials,2026-10-01,224.80999755859375,EXPANSION,0.71,low,DISTRIBUTION,2/5,0.283,0.0,-0.835,0.967,0.0,,0.0,7.365989,6.3,1.4777784,0.66,1078.2
IXIGO.NS,LE TRAVENUES TECHNOLOGY L,Consumer Cyclical,2026-10-01,161.89999389648438,EXPANSION,0.71,low,ACCUMULATION,2/5,0.063,0.0,0.462,-0.212,1.0,,0.0,83.025635,89.6,3.5118542,0.0,70.3
IZMO.NS,IZMO LIMITED,Technology,2026-10-01,855.9500122070312,EXPANSION,0.36,low,DISTRIBUTION,3/5,-0.064,1.0,-0.942,-0.316,-1.0,,0.0,23.75,48.6,3.1316314,0.0,103.1
J&KBANK.NS,J & K BANK LTD.,Financial Services,2026-10-01,139.97999572753906,DISTRIBUTION,0.89,low,,,-0.138,0.0,-0.803,0.04,1.0,,0.0,6.6944046,5.2,0.90747607,1.43,-11.5
JAGRAN.NS,JAGRAN PRAKASHAN LIMITED,Communication Services,2026-10-01,61.54999923706055,ACCUMULATION,0.71,low,CONTRACTION,1/5,-0.403,-1.0,-0.5,-0.299,0.0,,0.0,7.1073904,5.9,0.6648376,11.24,-12.5
JAGSNPHARM.NS,JAGSONPAL PHARMACEUTICALS,Healthcare,2026-10-01,231.72999572753906,EXPANSION,0.71,low,,,0.681,1.0,0.984,0.738,-1.0,CRAB,0.0,34.586567,65.4,5.8816214,1.05,22.2
JAIBALAJI.NS,JAI BALAJI INDUSTRIES LTD,Basic Materials,2026-10-01,61.720001220703125,DISTRIBUTION,0.53,low,,,0.277,1.0,-0.538,0.646,-1.0,,0.0,39.06329,70.2,2.5401268,0.0,20.8
JAICORPLTD.NS,JAI CORP LIMITED,Basic Materials,2026-10-01,89.54000091552734,ACCUMULATION,0.71,low,CONTRACTION,1/5,-0.454,-1.0,-0.35,-0.464,1.0,,0.0,9.269152,12.1,1.0463091,0.55,-72.89999999999999
JAINREC.NS,JAIN RESOURCE RECYCLING L,Basic Materials,2026-10-01,282.5,ACCUMULATION,0.71,medium,,,-0.127,0.0,0.5,-1.0,0.0,,0.0,26.4761,54.1,6.384181,0.0,19.7
JAIPURKURT.NS,NANDANI CREATION LIMITED,Consumer Cyclical,2026-10-01,26.489999771118164,CONTRACTION,0.36,low,EXPANSION,3/5,0.276,1.0,0.975,-0.215,1.0,,0.0,25.471155,52.0,0.77259606,0.0,-6.3
JAMNAAUTO.NS,JAMNA AUTO IND LTD,Consumer Cyclical,2026-10-01,131.66000366210938,ACCUMULATION,0.36,low,EXPANSION,2/5,-0.035,1.0,-0.039,-0.752,-0.429,,0.0,22.544521,46.2,4.573592,1.83,6.1
JARO.NS,JARO INS OF TEC MG N RE L,Consumer Defensive,2026-10-01,408.3999938964844,CONTRACTION,0.53,low,,,-0.38,0.0,-0.967,-0.919,0.0,,0.0,15.428787,30.4,2.467793,1.43,48.3
JASH.NS,JASH ENGINEERING LIMITED,Industrials,2026-10-01,576.2999877929688,EXPANSION,0.58,low,,,0.548,1.0,0.501,0.917,0.0,,0.0,42.343864,73.4,6.9859624,0.27,
JAYAGROGN.NS,JAYANT AGRO ORGANICS LTD,Basic Materials,2026-10-01,211.22000122070312,DISTRIBUTION,0.71,low,,,0.518,1.0,-0.51,0.696,0.0,,0.0,11.669613,18.2,1.0394737,1.57,24.2
JAYBARMARU.NS,JAY BHARAT MARUTI LTD,Consumer Cyclical,2026-10-01,130.8000030517578,DISTRIBUTION,0.71,low,EXPANSION,3/5,0.585,1.0,0.977,0.017,-1.0,,0.0,10.242756,14.4,2.034025,0.55,-6.2
JAYNECOIND.NS,JAYASWAL NECO INDUSTR LTD,Basic Materials,2026-10-01,91.27999877929688,CONTRACTION,0.71,medium,ACCUMULATION,1/5,0.326,1.0,0.875,-0.907,1.0,,0.0,15.710843,31.4,3.1192973,0.0,108.5
JAYSREETEA.NS,JAYSHREE TEA & INDUSTRIES,Consumer Defensive,2026-10-01,83.6500015258789,CONTRACTION,0.44,low,,,-0.266,-1.0,-0.5,0.703,0.0,,0.0,,,0.6098006,0.57,
JBMA.NS,JBM AUTO LIMITED,Consumer Cyclical,2026-10-01,544.6500244140625,ACCUMULATION,0.71,low,CONTRACTION,2/5,-0.575,-1.0,-0.964,-0.205,0.0,,0.0,57.573997,83.6,11.281537,0.15,14.7
JETFREIGHT.NS,JET FREIGHT LOGISTICS LTD,Industrials,2026-10-01,19.59000015258789,ACCUMULATION,0.53,low,,,0.15,0.0,0.16,-0.385,-1.0,,0.0,12.018405,19.5,1.2837484,0.0,42.4
JGCHEM.NS,J.G.CHEMICALS LIMITED,Basic Materials,2026-10-01,610.2999877929688,DISTRIBUTION,0.71,low,EXPANSION,3/5,0.669,1.0,0.787,0.887,0.0,,0.0,31.852818,61.5,4.562718,0.17,59.0
JHS.NS,JHS SVEND. LAB. LTD,Consumer Defensive,2026-10-01,11.699999809265137,EXPANSION,0.78,low,,,0.467,0.0,0.556,0.997,1.0,,0.0,,,0.5854684,0.0,3.3000000000000003
JINDALPHOT.NS,JINDAL PHOTO LIMITED,Financial Services,2026-10-01,1031.800048828125,ACCUMULATION,0.58,low,CONTRACTION,3/5,-0.496,0.0,-0.795,-0.44,-0.111,,0.0,,,1.0359344,0.0,-75.0
JINDALPOLY.NS,JINDAL POLY FILMS LIMITED,Consumer Cyclical,2026-10-01,653.7000122070312,DISTRIBUTION,0.67,medium,,,-0.303,0.0,-0.984,0.076,0.0,,0.0,,,0.93823606,0.82,
JINDALSAW.NS,JINDAL SAW LIMITED,Basic Materials,2026-10-01,270.29998779296875,CONTRACTION,0.71,low,,,-0.508,-1.0,-0.507,0.474,1.0,,0.0,26.44814,54.0,1.3697935,0.72,-75.4
JINDALSTEL.NS,JINDAL STEEL LIMITED,Basic Materials,2026-10-01,1100.5,ACCUMULATION,0.53,low,,,-0.26,0.0,0.727,-0.765,0.0,,0.0,41.26359,72.3,2.1994956,0.18,-43.5
JINDRILL.NS,JINDAL DRILLING IND. LTD,Energy,2026-10-01,587.6500244140625,DISTRIBUTION,0.89,high,,,0.294,1.0,-0.473,0.649,1.0,,0.0,8.886286,10.7,0.93554586,0.17,-28.7
JINDWORLD.NS,JINDAL WORLDWIDE LTD,Consumer Cyclical,2026-10-01,45.81999969482422,DISTRIBUTION,0.53,low,CONTRACTION,3/5,-0.152,-1.0,-0.543,0.934,0.0,,0.0,53.90588,81.2,5.352803,0.0,85.8
JIOFIN.NS,JIO FIN SERVICES LTD,Financial Services,2026-10-01,212.5,ACCUMULATION,0.71,low,CONTRACTION,2/5,-0.548,-1.0,-0.945,-0.248,1.0,,0.0,66.19938,86.5,1.0050322,0.28,155.7
JISLDVREQS.NS,JAIN DVR EQUITY SHARES,Industrials,2026-10-01,18.709999084472656,CONTRACTION,0.67,low,,,-0.732,-1.0,-0.758,-0.439,0.111,,0.0,,,0.23471999,0.0,
JISLJALEQS.NS,JAIN IRRIGATION SYSTEMS,Industrials,2026-10-01,27.299999237060547,DISTRIBUTION,0.67,low,,,-0.098,0.0,-0.695,0.401,1.0,,0.0,,,0.34248292,0.0,
JITFINFRA.NS,JITF INFRALOGISTICS LTD,Industrials,2026-10-01,275.45001220703125,DISTRIBUTION,0.67,low,EXPANSION,2/5,0.151,0.0,0.25,0.203,-1.0,,0.0,,,-1.3793881,0.0,
JKCEMENT.NS,JK CEMENT LIMITED,Basic Materials,2026-10-01,4952.0,ACCUMULATION,0.53,low,,,-0.182,0.0,0.511,-0.305,-1.0,,0.0,40.480667,71.6,5.437241,0.39,-17.299999999999997
JKIL.NS,JKUMAR INFR.LTD.,Industrials,2026-10-01,461.8500061035156,CONTRACTION,0.53,low,,,-0.253,-1.0,-0.773,0.401,0.0,,0.0,9.170969,11.6,1.0310901,0.86,-5.6000000000000005
JKIPL.NS,JINKUSHAL INDUSTRIES LTD,Industrials,2026-10-01,96.51000213623047,DISTRIBUTION,0.71,low,CONTRACTION,2/5,-0.478,-1.0,-0.912,1.0,-1.0,,0.0,43.278027,74.4,1.9088212,0.0,-62.6
JKLAKSHMI.NS,JK LAKSHMI CEMENT LTD,Basic Materials,2026-10-01,476.6000061035156,ACCUMULATION,0.89,low,CONTRACTION,3/5,-0.733,-1.0,-0.516,-0.725,1.0,,0.0,16.00403,32.4,1.5227177,1.32,-28.1
JKPAPER.NS,JK PAPER LIMITED,Basic Materials,2026-10-01,382.6000061035156,DISTRIBUTION,0.53,medium,,,0.187,1.0,-0.832,0.578,0.0,,0.0,21.887873,44.8,1.2573324,1.02,60.199999999999996
JKTYRE.NS,JK TYRE & INDUSTRIES LTD,Consumer Cyclical,2026-10-01,340.3500061035156,CONTRACTION,0.71,low,,,-0.52,-1.0,0.461,-0.98,0.0,,0.0,14.772135,28.4,1.6189104,1.15,-73.4
JLHL.NS,JUPITER LIFE LINE HOSP L,Healthcare,2026-10-01,259.8500061035156,CONTRACTION,0.71,low,,,-0.517,-1.0,-0.5,0.295,0.0,,0.0,45.34904,75.7,5.5169854,0.08,-14.499999999999998
JMA.NS,JULLUNDUR MOT AGENCY LTD,Consumer Cyclical,2026-10-01,87.63999938964844,CONTRACTION,0.36,low,,,-0.029,-1.0,-0.507,0.39,0.0,,0.0,6.2466145,4.3,0.7287786,2.23,42.1
JMFINANCIL.NS,JM FINANCIAL LIMITED,Financial Services,2026-10-01,123.4000015258789,DISTRIBUTION,0.71,low,EXPANSION,2/5,0.475,1.0,0.857,0.096,1.0,,0.0,11.3628,17.1,1.1073622,1.36,-35.699999999999996
JNKINDIA.NS,JNK INDIA LIMITED,Industrials,2026-10-01,432.70001220703125,EXPANSION,0.71,low,,,0.342,0.0,0.984,0.383,0.0,,0.0,32.171005,62.0,4.2618785,0.07,917.5000000000001
JOCIL.NS,JOCIL LIMITED,Basic Materials,2026-10-01,145.22000122070312,DISTRIBUTION,0.71,medium,,,0.268,1.0,-0.506,0.783,0.0,,0.0,15.615053,31.0,0.60527503,2.38,-2.0
JPOLYINVST.NS,JIND POL INV & FIN CO LTD,Financial Services,2026-10-01,911.0,CONTRACTION,0.71,low,,,-0.632,-1.0,-0.539,-0.99,0.0,,0.0,1.184178,0.7,0.59663606,0.0,-77.9
JPPOWER.NS,JAIPRAKASH POWER VEN. LTD,Utilities,2026-10-01,14.800000190734863,ACCUMULATION,0.53,low,CONTRACTION,1/5,-0.283,0.0,-0.545,-0.586,-0.333,,0.0,21.142859,43.2,1.1362765,0.0,68.60000000000001
JSFB.NS,JANA SMALL FIN BANK LTD,Financial Services,2026-10-01,482.3999938964844,CONTRACTION,0.71,low,DISTRIBUTION,2/5,0.067,0.0,-0.942,0.601,-1.0,,0.0,13.414906,24.4,1.1361762,0.0,52.300000000000004
JSL.NS,JINDAL STAINLESS LIMITED,Basic Materials,2026-10-01,732.7000122070312,DISTRIBUTION,0.53,low,CONTRACTION,1/5,-0.21,0.0,-0.286,-0.334,1.0,,0.0,18.601168,37.9,13.412782,0.54,7.7
JSLL.NS,JEENA SIKHO LIFECARE LTD,Healthcare,2026-10-01,480.79998779296875,ACCUMULATION,0.53,low,CONTRACTION,1/5,-0.14,0.0,-0.501,-0.06,-1.0,,0.0,25.331928,51.5,12.798125,0.9,28.599999999999998
JSWCEMENT.NS,JSW CEMENT LIMITED,Basic Materials,2026-10-01,111.5999984741211,CONTRACTION,0.78,low,,,-0.847,-1.0,-0.945,-0.524,1.0,,0.0,19.82238,40.3,2.2851057,0.44,
JSWDULUX.NS,JSW DULUX LIMITED,Basic Materials,2026-10-01,3020.60009765625,DISTRIBUTION,0.89,low,,,0.115,0.0,-0.434,0.705,1.0,,0.0,7.0073776,5.7,5.610994,1.62,-12.4
JSWENERGY.NS,JSW ENERGY LIMITED,Utilities,2026-10-01,485.0,CONTRACTION,0.89,low,,,-0.833,-1.0,-0.97,-0.361,0.0,,0.0,38.009403,69.3,2.7697825,0.4,-36.6
JSWHL.NS,JSW HOLDINGS LIMITED,Financial Services,2026-10-01,11258.0,CONTRACTION,0.53,low,ACCUMULATION,2/5,-0.11,0.0,0.752,-0.193,1.0,,0.0,91.032585,91.4,0.37849328,0.0,-27.400000000000002
JSWINFRA.NS,JSW INFRASTRUCTURE LTD,Industrials,2026-10-01,357.45001220703125,EXPANSION,0.53,low,,,0.416,1.0,0.538,0.874,-0.75,,0.0,50.345074,78.9,6.8521643,0.25,-9.9
JSWSTEEL.NS,JSW STEEL LIMITED,Basic Materials,2026-10-01,1233.0,ACCUMULATION,0.53,low,CONTRACTION,1/5,-0.46,-1.0,-0.752,-0.887,-1.0,,0.0,12.159763,19.8,3.007948,0.57,112.99999999999999
JTEKTINDIA.NS,JTEKT INDIA LIMITED,Consumer Cyclical,2026-10-01,115.83999633789062,EXPANSION,0.36,low,,,0.09,1.0,0.977,-0.616,0.0,,0.0,44.045624,75.2,2.7098343,0.64,-42.5
JTLIND.NS,JTL INDUSTRIES LIMITED,Basic Materials,2026-10-01,86.2300033569336,DISTRIBUTION,0.53,low,ACCUMULATION,1/5,-0.109,-1.0,-0.323,0.887,-1.0,,0.0,27.816132,55.8,2.0792844,0.14,99.4
JUBLCPL.NS,JUBILANT AGRI N CON PRO L,Basic Materials,2026-10-01,2037.300048828125,EXPANSION,0.53,low,,,0.262,1.0,-0.071,0.507,-1.0,,0.0,24.115767,49.4,6.7123094,0.0,4.5
JUBLFOOD.NS,JUBILANT FOODWORKS LTD,Consumer Cyclical,2026-10-01,443.3999938964844,CONTRACTION,0.53,low,,,-0.41,-1.0,-0.947,0.656,0.0,,0.0,81.208786,89.1,12.722368,0.26,6.0
JUBLINGREA.NS,JUBILANT INGREVIA LIMITED,Basic Materials,2026-10-01,638.0,CONTRACTION,0.71,low,EXPANSION,2/5,0.519,1.0,0.969,0.106,1.0,,0.0,32.768364,62.7,3.224991,0.77,40.9
JUBLPHARMA.NS,JUBILANT PHARMOVA LTD,Healthcare,2026-10-01,999.2999877929688,EXPANSION,0.71,medium,DISTRIBUTION,2/5,-0.353,0.0,-0.75,0.339,0.0,,0.0,45.176308,75.6,2.2315068,0.49,-45.1
JUNIPER.NS,JUNIPER HOTELS LIMITED,Consumer Cyclical,2026-10-01,214.99000549316406,DISTRIBUTION,0.53,low,,,-0.078,0.0,-0.981,0.669,0.0,,0.0,28.85772,57.8,1.6676621,0.0,269.5
JUSTDIAL.NS,JUSTDIAL LTD.,Communication Services,2026-10-01,653.1500244140625,EXPANSION,0.36,low,CONTRACTION,1/5,-0.105,-1.0,-0.804,0.781,-1.0,,0.0,11.029213,16.5,1.087773,0.0,4.1000000000000005
JWL.NS,JUPITER WAGONS LIMITED,Industrials,2026-10-01,223.92999267578125,CONTRACTION,0.71,medium,ACCUMULATION,2/5,-0.433,-1.0,0.777,-0.669,0.0,,0.0,57.271095,83.3,3.234814,0.69,-13.600000000000001
JYOTHYLAB.NS,JYOTHY LABS LIMITED,Consumer Defensive,2026-10-01,182.91000366210938,CONTRACTION,0.71,low,,,-0.621,-1.0,-0.5,0.017,0.0,,0.0,23.662355,48.2,4.2280574,1.87,-50.8
JYOTICNC.NS,JYOTI CNC AUTOMATION LTD,Industrials,2026-10-01,1032.0999755859375,DISTRIBUTION,0.53,low,CONTRACTION,1/5,-0.248,-1.0,0.05,0.957,-1.0,,0.0,72.99151,87.5,11.73561,0.0,-20.0
JYOTISTRUC.NS,JYOTI STRUCTURES LTD,Industrials,2026-10-01,8.899999618530273,EXPANSION,0.71,medium,ACCUMULATION,1/5,-0.068,-1.0,0.266,0.199,0.0,,0.0,16.48148,33.9,2.2384305,0.0,74.4
KABRAEXTRU.NS,KABRA EXTRUSION TECHNIK L,Industrials,2026-10-01,765.2999877929688,EXPANSION,0.58,low,,,0.691,1.0,0.947,0.97,-1.0,,0.0,4783.125,99.9,6.062454,0.89,
KAJARIACER.NS,KAJARIA CERAMICS LTD,Industrials,2026-10-01,1225.0999755859375,EXPANSION,0.71,medium,ACCUMULATION,2/5,-0.015,-1.0,0.662,0.276,0.0,,0.0,35.675594,66.4,6.364255,0.97,55.50000000000001
KAKATCEM.NS,KAKATIYA CEM SUGAR &IND L,Basic Materials,2026-10-01,103.08999633789062,ACCUMULATION,0.67,low,CONTRACTION,2/5,-0.594,-1.0,-0.574,-0.207,-1.0,,0.0,,,0.43865097,2.85,
KALAMANDIR.NS,SAI SILKS (KALAMANDIR) L,Consumer Cyclical,2026-10-01,74.37000274658203,CONTRACTION,0.71,low,,,-0.49,-1.0,-0.541,-0.55,-1.0,,0.0,8.031318,8.0,0.86775416,1.97,-14.7
KALPATARU.NS,KALPATARU LIMITED,Real Estate,2026-10-01,273.5,ACCUMULATION,0.58,medium,,,-0.222,0.0,0.722,-1.0,-1.0,,0.0,46.513603,76.7,1.368102,0.0,
KALYANI.NS,KALYANI COMMERCIALS LTD,Consumer Cyclical,2026-09-30,144.99000549316406,DISTRIBUTION,0.78,medium,,,-0.048,0.0,-0.977,0.308,0.0,,0.0,5.9059067,3.9,,0.0,
KALYANIFRG.NS,KALYANI FORGE LIMITED,Consumer Cyclical,2026-10-01,944.75,DISTRIBUTION,0.53,low,,,0.092,0.0,-0.56,0.927,1.0,,0.0,27.794939,55.8,3.5955684,0.4,218.5
KALYANKJIL.NS,KALYAN JEWELLERS IND LTD,Consumer Cyclical,2026-10-01,528.5,EXPANSION,0.53,low,,,0.068,0.0,-0.5,0.772,-1.0,,0.0,38.07637,69.4,8.641128,0.45,32.0
KAMATHOTEL.NS,KAMAT HOTELS (I) LTD,Consumer Cyclical,2026-10-01,237.4499969482422,EXPANSION,0.71,low,,,0.768,1.0,0.967,0.831,-1.0,,0.0,16.353306,33.5,2.9249814,0.0,158.29999999999998
KAMDHENU.NS,KAMDHENU LIMITED,Basic Materials,2026-10-01,37.59000015258789,DISTRIBUTION,0.53,low,,,-0.095,-1.0,-0.985,0.88,1.0,,0.0,12.614094,21.1,2.6661465,1.05,33.900000000000006
KAMOPAINTS.NS,KAMDHENU VENTURES LIMITED,Basic Materials,2026-10-01,4.099999904632568,CONTRACTION,0.44,low,,,-0.248,-1.0,-0.584,0.84,-1.0,,0.0,,,0.721323,0.0,
KANANIIND.NS,KANANI INDUSTRIES LTD,Consumer Cyclical,2026-10-01,1.340000033378601,CONTRACTION,0.39,low,,,-0.169,-1.0,-0.507,0.43,1.0,,0.0,11.166667,16.7,0.35235342,0.0,
KANORICHEM.NS,KANORIACHEMICALS-,Basic Materials,2026-10-01,189.02000427246094,EXPANSION,0.78,low,DISTRIBUTION,1/5,0.174,0.0,-0.358,0.927,-1.0,,0.0,13.9395275,26.2,1.4415584,0.0,
KANPRPLA.NS,KANPUR PLASTIPACK LIMITED,Consumer Cyclical,2026-10-01,245.5500030517578,DISTRIBUTION,0.71,medium,,,0.3,1.0,-0.888,0.42,1.0,,0.0,13.012718,23.1,2.2389286,0.48,94.1
KANSAINER.NS,KANSAI NEROLAC PAINTS LTD,Basic Materials,2026-10-01,175.27000427246094,CONTRACTION,0.71,low,,,-0.6,-1.0,-0.5,-0.52,-1.0,,0.0,23.685135,48.3,2.1110764,1.4,4.8
KAPSTON.NS,KAPSTON SERVICES LIMITED,Industrials,2026-10-01,542.3499755859375,DISTRIBUTION,0.53,low,CONTRACTION,1/5,-0.19,-1.0,-0.506,0.748,0.0,,0.0,54.126743,81.3,14.1857605,0.0,38.5
KARMAENG.NS,KARMA ENERGY LIMITED,Utilities,2026-10-01,36.33000183105469,CONTRACTION,0.89,low,,,-0.728,-1.0,-0.789,-0.124,0.0,,0.0,47.802635,77.2,1.0295869,0.0,-27.500000000000004
KARURVYSYA.NS,KARUR VYSYA BANK LTD,Financial Services,2026-10-01,325.29998779296875,CONTRACTION,0.53,low,ACCUMULATION,2/5,-0.276,-1.0,-0.5,-0.53,1.0,,0.0,11.45826,17.4,2.2288911,0.8,44.9
KAUSHALYA.NS,KAUSHALYA INFRA DEV LTD.,Industrials,2026-10-01,834.0,CONTRACTION,0.44,low,ACCUMULATION,3/5,-0.168,-1.0,0.349,0.147,0.0,,0.0,,,0.37313452,0.0,
KAVDEFENCE.NS,KAVVERI DFS & WIR TEC LTD,Technology,2026-10-01,77.5999984741211,EXPANSION,0.67,low,,,0.267,0.0,0.5,0.301,-1.0,,0.0,,,2.4588087,0.0,
KAYA.NS,KAYA LIMITED,Consumer Defensive,2026-10-01,298.1499938964844,CONTRACTION,0.44,low,,,-0.457,-1.0,-0.501,0.13,-1.0,,0.0,,,-2.9642186,0.0,
KAYNES.NS,KAYNES TECHNOLOGY IND LTD,Technology,2026-10-01,3399.0,EXPANSION,0.53,low,,,0.22,1.0,0.634,0.245,0.0,,0.0,66.0513,86.3,4.902392,0.0,-24.4
KCP.NS,KCP LTD,Basic Materials,2026-10-01,154.1699981689453,CONTRACTION,0.36,low,ACCUMULATION,3/5,-0.017,-1.0,-0.166,0.207,1.0,,0.0,11.653062,18.0,1.1154361,0.65,126.4
KCPSUGIND.NS,KCPSUGARINDUS,Consumer Defensive,2026-10-01,26.709999084472656,DISTRIBUTION,0.71,low,EXPANSION,3/5,0.585,1.0,-0.5,0.84,-1.0,,0.0,7.925816,7.6,0.65918064,0.36,141.5
KDDL.NS,KDDL LIMITED,Consumer Cyclical,2026-10-01,3911.199951171875,EXPANSION,0.53,low,DISTRIBUTION,1/5,0.044,0.0,-0.693,0.867,0.0,,0.0,49.57161,78.3,4.452874,0.59,43.7
KEC.NS,KEC INTL. LIMITED,Industrials,2026-10-01,372.3500061035156,ACCUMULATION,0.89,low,CONTRACTION,3/5,-0.863,-1.0,-0.796,-0.798,0.0,,0.0,17.910053,36.4,1.6091671,1.46,-41.699999999999996
KECL.NS,KIRLOSKAR ELECTRIC CO LTD,Industrials,2026-10-01,120.43000030517578,DISTRIBUTION,0.58,low,CONTRACTION,1/5,-0.251,-1.0,-0.031,0.651,-0.667,,0.0,401.43332,98.5,6.067308,0.0,
KEEPLEARN.NS,DSJ KEEP LEARNING LTD,Consumer Defensive,2026-10-01,1.840000033378601,DISTRIBUTION,0.78,medium,,,0.024,0.0,-0.353,0.936,-1.0,,0.0,,,4.5208845,0.0,-65.5
KEI.NS,KEI INDUSTRIES LTD.,Industrials,2026-10-01,4502.0,DISTRIBUTION,0.71,medium,ACCUMULATION,3/5,-0.59,-1.0,-0.5,-0.858,0.0,,0.0,43.18465,74.3,6.4574795,0.1,40.0
KELLTONTEC.NS,KELLTON TECH SOL LTD,Technology,2026-10-01,12.420000076293945,EXPANSION,0.71,low,CONTRACTION,2/5,-0.419,-1.0,-0.947,-0.192,1.0,,0.0,7.0971427,5.8,0.8831058,0.0,-1.5
KERNEX.NS,KERNEX MICROSYS(I) LTD,Technology,2026-10-01,1643.5,ACCUMULATION,0.71,low,EXPANSION,3/5,0.244,0.0,0.378,0.123,-1.0,,0.0,14.4623375,27.5,11.111412,0.0,1371.5
KESORAMIND.NS,KESORAM INDUSTRIES LTD,Basic Materials,2026-10-01,10.729999542236328,CONTRACTION,0.67,low,,,-0.759,-1.0,-0.977,-0.301,1.0,,0.0,,,0.9006211,0.0,
KEYFINSERV.NS,KEYNOTE FIN SERV LTD.,Financial Services,2026-10-01,244.0500030517578,CONTRACTION,0.71,medium,ACCUMULATION,2/5,-0.424,-1.0,0.75,-0.75,1.0,,0.0,23.926472,49.0,0.93974906,0.41,-7.8
KFINTECH.NS,KFIN TECHNOLOGIES LIMITED,Technology,2026-10-01,832.0,CONTRACTION,0.71,low,,,-0.556,-1.0,-0.73,0.073,1.0,,0.0,42.147923,73.3,8.579443,1.43,-2.6
KHADIM.NS,KHADIM INDIA LIMITED,Consumer Cyclical,2026-10-01,113.4000015258789,DISTRIBUTION,0.71,high,,,-0.012,1.0,-0.984,0.934,1.0,,0.0,75.09934,88.0,1.2479366,0.0,-38.7
KHAICHEM.NS,KHAITAN CHEM & FERT LTD,Basic Materials,2026-10-01,49.220001220703125,CONTRACTION,0.53,low,,,-0.338,-1.0,-0.5,0.15,1.0,,0.0,8.189684,8.7,1.6424735,0.1,-49.0
KHAITANLTD.NS,KHAITAN (INDIA)LTD.,Industrials,2026-10-01,147.19000244140625,EXPANSION,0.71,low,DISTRIBUTION,1/5,0.279,0.0,-0.532,0.649,1.0,,0.0,10.053962,14.0,2.0855827,0.0,55.800000000000004
KHANDSE.NS,KHANDWALA SECURITIES LTD,Financial Services,2026-10-01,16.760000228881836,EXPANSION,0.67,medium,DISTRIBUTION,2/5,-0.102,0.0,-0.848,0.542,1.0,,0.0,,,0.9167989,0.0,
KICL.NS,KALYANI INVEST CO LTD,Financial Services,2026-10-01,4693.2001953125,CONTRACTION,0.78,low,,,-0.493,-1.0,-0.031,-0.193,0.0,,0.0,50.410313,78.9,0.17984253,0.21,
KILITCH.NS,KILITCH DRUGS INDIA LTD,Healthcare,2026-10-01,218.50999450683594,EXPANSION,0.53,low,,,0.184,0.0,0.5,0.83,1.0,,0.0,24.802496,50.6,2.7317505,0.0,-3.6999999999999997
KIMS.NS,KRISHNA INST OF MED SCI L,Healthcare,2026-10-01,736.25,CONTRACTION,0.71,low,,,-0.446,0.0,-0.66,-0.123,0.0,SHARK,0.0,144.9311,95.1,13.108697,0.0,-47.199999999999996
KINGFA.NS,KINGFA SCI & TEC IND LTD.,Basic Materials,2026-10-01,6586.5,DISTRIBUTION,0.71,low,EXPANSION,3/5,0.665,1.0,0.931,0.727,1.0,,0.0,38.632763,70.0,6.37859,0.31,101.6
KIOCL.NS,KIOCL LIMITED,Basic Materials,2026-10-01,323.8500061035156,CONTRACTION,0.58,low,,,-0.481,0.0,-0.5,-0.682,-0.333,,0.0,506.01566,98.8,11.33611,0.0,
KIRIINDUS.NS,KIRI INDUSTRIES LIMITED,Basic Materials,2026-10-01,544.5999755859375,EXPANSION,0.71,low,DISTRIBUTION,1/5,0.333,0.0,-0.639,0.97,-1.0,,0.0,0.5768884,0.4,0.5176604,0.0,2763.6
KIRLOSBROS.NS,KIRLOSKAR BROTHERS LTD,Industrials,2026-10-01,1767.5999755859375,DISTRIBUTION,0.53,low,EXPANSION,2/5,0.457,1.0,0.826,0.507,0.2,,0.0,37.584522,68.6,5.6964965,0.39,-0.2
KIRLOSENG.NS,KIRLOSKAR OIL ENG LTD,Industrials,2026-10-01,2242.699951171875,EXPANSION,0.36,low,,,0.211,1.0,0.896,-0.056,1.0,BUTTERFLY,0.0,60.077682,84.6,9.004404,0.3,-19.900000000000002
KIRLOSIND.NS,KIRLOSKAR INDUSTRIES LTD,Industrials,2026-10-01,3471.39990234375,DISTRIBUTION,0.71,low,CONTRACTION,2/5,-0.624,-1.0,-0.985,0.488,0.0,,0.0,24.005255,49.3,0.583754,0.36,-23.200000000000003
KIRLPNU.NS,KIRLOSKAR PNEUMATIC COM L,Industrials,2026-10-01,681.9500122070312,CONTRACTION,0.53,low,,,-0.323,-1.0,-0.534,0.243,0.0,,0.0,33.70984,64.2,7.0942607,0.89,25.6
KITEX.NS,KITEX GARMENTS LTD,Consumer Cyclical,2026-10-01,116.68000030517578,CONTRACTION,0.67,high,ACCUMULATION,3/5,-0.331,-1.0,0.914,-0.907,1.0,,0.0,,,2.2171972,0.42,
KKCL.NS,KEWAL KIRAN CLOTHING LTD,Consumer Cyclical,2026-10-01,475.6499938964844,DISTRIBUTION,0.53,low,CONTRACTION,3/5,-0.331,-1.0,-0.5,0.203,-1.0,,0.0,19.86842,40.6,3.1229892,0.87,18.8
KMEW.NS,KNOWLEDGE MARINE & EN W L,Industrials,2026-10-01,2950.10009765625,DISTRIBUTION,0.53,medium,ACCUMULATION,3/5,0.253,0.0,0.848,0.163,0.0,,0.0,59.143948,84.4,12.649267,0.0,456.9
KMSUGAR.NS,K M SUGAR MILLS LTD,Consumer Defensive,2026-10-01,27.739999771118164,DISTRIBUTION,0.71,low,EXPANSION,3/5,0.402,0.0,0.932,0.675,0.0,,0.0,5.304015,3.1,0.65123487,0.0,-40.400000000000006
KNAGRI.NS,KN AGRI RESOURCES LIMITED,Consumer Defensive,2026-10-01,200.5,ACCUMULATION,0.71,low,EXPANSION,3/5,0.626,1.0,0.511,0.669,1.0,,0.0,15.837283,31.9,1.3028024,0.0,41.6
KNRCON.NS,KNR CONSTRU LTD.,Industrials,2026-10-01,113.29000091552734,DISTRIBUTION,0.53,low,CONTRACTION,1/5,-0.299,-1.0,-0.986,0.791,1.0,,0.0,8.080599,8.2,0.64021206,0.21,-34.5
KOHINOOR.NS,KOHINOOR FOODS LIMITED,Consumer Defensive,2026-10-01,30.030000686645508,DISTRIBUTION,0.58,low,,,-0.029,-1.0,-0.5,0.9,0.0,,0.0,1.3130739,0.9,-1.186347,0.0,
KOKUYOCMLN.NS,KOKUYO CAMLIN LIMITED,Industrials,2026-10-01,74.7699966430664,ACCUMULATION,0.71,low,CONTRACTION,1/5,-0.446,-1.0,0.384,-0.166,-0.333,,0.0,33.986362,64.7,2.3292835,0.4,-27.400000000000002
KOLTEPATIL.NS,KOLTE PATIL DEV. LTD.,Real Estate,2026-10-01,418.79998779296875,DISTRIBUTION,0.58,medium,,,0.108,1.0,-0.5,0.377,-1.0,,0.0,71.467575,87.3,3.0772622,0.0,
KOPRAN.NS,KOPRAN LTD,Healthcare,2026-10-01,282.04998779296875,EXPANSION,0.53,low,,,0.433,1.0,0.5,0.98,1.0,,0.0,54.449806,81.5,2.5682466,1.08,-10.0
KOTAKBANK.NS,KOTAK MAHINDRA BANK LTD,Financial Services,2026-10-01,418.3500061035156,DISTRIBUTION,0.71,low,EXPANSION,2/5,0.498,1.0,0.314,0.679,1.0,,0.0,20.517412,41.9,2.2960906,0.16,22.5
KOTARISUG.NS,KOTHARI SUG & CHEM LTD.,Consumer Defensive,2026-10-01,25.68000030517578,DISTRIBUTION,0.71,medium,,,-0.163,0.0,-0.5,0.85,0.0,,0.0,38.90909,70.1,0.72003365,0.0,-93.60000000000001
KOTHARIPET.NS,KOTHARI PETROCHEM LTD,Basic Materials,2026-10-01,126.58000183105469,DISTRIBUTION,0.89,low,,,0.119,0.0,-0.689,0.742,0.0,,0.0,10.358429,14.6,2.0009801,1.55,-3.1
KOTHARIPRO.NS,KOTHARI PRODUCTS LTD,Industrials,2026-10-01,63.77000045776367,CONTRACTION,0.53,low,ACCUMULATION,3/5,-0.052,0.0,0.868,-0.153,-1.0,,0.0,18.755882,38.3,0.32548335,0.0,-58.5
KOTYARK.NS,KOTYARK INDUSTRIES LTD,Basic Materials,2026-10-01,28.229999542236328,EXPANSION,0.39,low,CONTRACTION,2/5,-0.465,-1.0,-0.945,0.123,-1.0,,0.0,,,1.766141,1.52,7.8
KPEL.NS,K.P. ENERGY LIMITED,Industrials,2026-10-01,218.0,ACCUMULATION,0.71,medium,,,-0.103,-1.0,0.609,-0.588,0.0,GARTLEY,0.0,8.101078,8.3,2.7915077,0.36,2.6
KPIGREEN.NS,KPI GREEN ENERGY LIMITED,Utilities,2026-10-01,345.6000061035156,ACCUMULATION,0.36,low,EXPANSION,3/5,0.066,1.0,0.559,-0.709,0.0,,0.0,14.974004,29.0,2.24858,0.28,-23.1
KPIL.NS,KALPATARU PROJECT INT LTD,Industrials,2026-10-01,1356.4000244140625,DISTRIBUTION,0.53,low,,,-0.05,0.0,-0.547,0.346,-1.0,,0.0,20.384731,41.3,2.9786441,0.8,45.1
KPITTECH.NS,KPIT TECHNOLOGIES LIMITED,Technology,2026-10-01,492.0,CONTRACTION,0.89,low,,,-0.737,-1.0,-0.501,-0.447,1.0,,0.0,23.14205,47.1,3.7825203,1.5,-31.8
KPRMILL.NS,KPR MILL LTD.,Consumer Cyclical,2026-10-01,1071.0,CONTRACTION,0.53,low,ACCUMULATION,1/5,-0.25,-1.0,-0.5,0.502,1.0,,0.0,40.11236,71.4,6.425216,0.45,21.6
KRBL.NS,KRBL LIMITED,Consumer Defensive,2026-10-01,375.8999938964844,CONTRACTION,0.36,low,,,-0.087,-1.0,-0.501,0.206,-1.0,,0.0,11.349638,17.0,1.4814377,1.18,73.2
KREBSBIO.NS,KREBS BIOCHEMICALS & IND,Healthcare,2026-10-01,68.05000305175781,ACCUMULATION,0.44,medium,,,0.193,-1.0,0.823,0.757,0.0,,0.0,,,-0.8974495,0.0,
KRIDHANINF.NS,KRIDHAN INFRA LIMITED,Basic Materials,2026-10-01,1.850000023841858,CONTRACTION,0.53,low,ACCUMULATION,3/5,0.036,1.0,0.925,-0.877,1.0,,0.0,18.5,37.4,-0.07114017,0.0,-96.89999999999999
KRISHANA.NS,KRISHANA PHOSCHEM LIMITED,Basic Materials,2026-10-01,184.58999633789062,DISTRIBUTION,0.53,low,EXPANSION,3/5,-0.024,0.0,-0.5,0.404,0.0,,0.0,31.128162,60.7,10.176976,0.05,54.0
KRISHIVAL.NS,KRISHIVAL FOODS LIMITED,Consumer Defensive,2026-10-01,394.5,DISTRIBUTION,0.53,low,,,0.104,1.0,-0.53,0.137,0.0,,0.0,42.694805,73.6,4.6010127,0.09,12.3
KRISHNADEF.NS,KRISHNA DEF AND ALD IND L,Industrials,2026-10-01,1000.9000244140625,ACCUMULATION,0.53,low,,,-0.211,0.0,-0.034,-0.811,1.0,,0.0,35.7592,66.5,7.723411,0.12,20.7
KRITI.NS,KRITI INDUSTRIES IND LTD,Industrials,2026-10-01,60.77000045776367,EXPANSION,0.67,low,,,0.345,0.0,0.838,0.197,0.5,,0.0,,,1.440901,0.0,
KRITIKA.NS,KRITIKA WIRES LIMITED,Basic Materials,2026-10-01,4.909999847412109,CONTRACTION,0.71,low,,,-0.43,-1.0,-0.531,-0.097,0.6,,0.0,20.458334,41.6,1.2968832,0.0,16.3
KRITINUT.NS,KRITI NUTRIENTS LIMITED,Consumer Defensive,2026-10-01,66.52999877929688,CONTRACTION,0.53,low,,,-0.24,-1.0,-0.5,0.19,0.0,,0.0,9.98949,13.8,1.4548436,0.34,-6.0
KRN.NS,KRN HEAT EXCHANGE N REF L,Technology,2026-10-01,1414.699951171875,CONTRACTION,0.53,low,DISTRIBUTION,1/5,0.016,0.0,-0.501,0.565,0.0,,0.0,91.21212,91.5,15.354142,0.0,164.79999999999998
KRONOX.NS,KRONOX LAB SCIENCES LTD,Basic Materials,2026-10-01,205.77000427246094,EXPANSION,0.71,low,,,0.719,1.0,0.987,0.98,-1.0,,0.0,26.414635,53.9,6.504299,0.23,16.3
KROSS.NS,KROSS LIMITED,Consumer Cyclical,2026-10-01,258.3999938964844,EXPANSION,0.71,low,,,0.369,0.0,0.502,0.974,-1.0,,0.0,28.807133,57.6,3.4036276,0.0,24.4
KRSNAA.NS,KRSNAA DIAGNOSTICS LTD,Healthcare,2026-10-01,554.8499755859375,CONTRACTION,0.53,low,ACCUMULATION,3/5,-0.226,-1.0,0.906,0.089,0.0,,0.0,18.700706,38.1,1.8359445,0.36,-19.3
KRYSTAL.NS,KRYSTAL INTEGRATED SER L,Industrials,2026-10-01,610.2000122070312,EXPANSION,0.71,low,DISTRIBUTION,3/5,0.013,0.0,-0.971,0.363,-1.0,,0.0,13.044037,23.2,1.7080286,0.24,51.4
KSB.NS,KSB LIMITED,Industrials,2026-10-01,806.4500122070312,ACCUMULATION,0.53,low,,,-0.115,0.0,0.874,-0.364,-0.143,,0.0,57.0736,83.1,8.259761,0.51,-18.8
KSCL.NS,KAVERI SEED CO. LTD.,Basic Materials,2026-10-01,715.0999755859375,ACCUMULATION,0.53,low,,,0.038,0.0,0.877,-0.296,-1.0,,0.0,14.885511,28.7,1.7255316,0.69,-14.2
KSHITIJPOL.NS,KSHITIJ POLYLINE LIMITED,Industrials,2026-10-01,3.940000057220459,EXPANSION,0.53,medium,DISTRIBUTION,1/5,0.27,1.0,-0.75,0.562,-1.0,,0.0,16.416668,33.6,1.3142096,0.0,83.0
KSL.NS,KALYANI STEELS LIMITED,Basic Materials,2026-10-01,913.0,EXPANSION,0.53,low,CONTRACTION,1/5,-0.252,-1.0,-0.943,0.768,-1.0,,0.0,15.08343,29.3,1.8934367,1.04,10.6
KSOLVES.NS,KSOLVES INDIA LIMITED,Technology,2026-10-01,241.13999938964844,ACCUMULATION,0.53,low,CONTRACTION,2/5,-0.063,0.0,-0.571,-0.05,0.0,,0.0,15.408307,30.3,19.440502,6.03,43.3
KTKBANK.NS,KARNATAKA BANK LIMITED,Financial Services,2026-10-01,321.6000061035156,DISTRIBUTION,0.71,low,,,0.215,0.0,-0.837,0.699,-1.0,,0.0,8.478777,9.8,0.91928005,1.52,43.3
KUANTUM.NS,KUANTUM PAPERS LIMITED,Basic Materials,2026-10-01,76.70999908447266,EXPANSION,0.71,medium,DISTRIBUTION,3/5,-0.325,0.0,-0.903,0.51,0.0,,0.0,18.528986,37.6,0.54497015,3.27,-48.3
LAGNAM.NS,LAGNAM SPINTEX LIMITED,Consumer Cyclical,2026-10-01,71.9000015258789,EXPANSION,0.53,medium,ACCUMULATION,2/5,0.236,-1.0,0.568,0.375,-1.0,,0.0,6.940155,5.5,0.9382503,0.0,198.8
LAKPRE.NS,LAKSHMI PRE SCRE LTD,Industrials,2026-10-01,5.25,CONTRACTION,0.39,low,ACCUMULATION,1/5,0.057,0.0,-0.208,-0.093,0.333,,0.0,,,0.22250478,0.0,33.7
LAL.NS,LORENZINI APPARELS LTD,Consumer Cyclical,2026-10-01,8.449999809265137,EXPANSION,0.53,medium,DISTRIBUTION,1/5,0.298,1.0,-0.647,0.837,0.25,,0.0,26.40625,53.9,2.8336685,0.0,124.9
LALPATHLAB.NS,DR. LAL PATH LABS LTD.,Healthcare,2026-10-01,2005.0999755859375,EXPANSION,0.71,low,,,0.467,0.0,0.889,0.977,0.0,,0.0,61.90491,85.3,13.348824,1.01,28.000000000000004
LAMBODHARA.NS,LAMBODHARA TEXTILES LTD.,Consumer Cyclical,2026-10-01,128.63999938964844,EXPANSION,0.89,low,,,0.706,0.0,0.894,0.93,0.0,,0.0,10.755853,15.9,1.0393472,0.39,65.7
LANCORHOL.NS,LANCOR HOLDINGS LIMITED,Real Estate,2026-10-01,31.59000015258789,DISTRIBUTION,0.71,low,,,0.333,0.0,-0.507,0.837,0.0,,0.0,4.024204,2.0,0.9680978,0.61,14779.499999999998
LANDMARK.NS,LANDMARK CARS LIMITED,Consumer Cyclical,2026-10-01,463.25,DISTRIBUTION,0.53,low,,,-0.124,0.0,-0.947,0.45,-1.0,,0.0,42.69585,73.7,3.2822485,0.32,110.5
LANDSMILL.NS,LANDSMILL GREEN LIMITED,Industrials,2026-10-01,1.0499999523162842,ACCUMULATION,0.89,high,,,-0.078,-1.0,0.969,-0.282,-1.0,,0.0,52.5,80.3,0.72363883,0.0,5381.900000000001
LAOPALA.NS,LA OPALA RG LIMITED,Consumer Cyclical,2026-10-01,156.11000061035156,ACCUMULATION,0.71,low,CONTRACTION,2/5,-0.593,-1.0,-0.945,-0.099,0.0,,0.0,18.584524,37.7,2.1122777,3.2,3.3000000000000003
LATENTVIEW.NS,LATENT VIEW ANALYTICS LTD,Industrials,2026-10-01,234.47999572753906,CONTRACTION,0.89,low,,,-0.776,-1.0,-0.945,-0.526,-0.111,,0.0,24.838984,50.8,2.7643447,0.0,-5.3
LATTEYS.NS,LATTEYS INDUSTRIES LTD,Industrials,2026-10-01,20.90999984741211,CONTRACTION,0.53,medium,ACCUMULATION,3/5,0.205,0.0,0.751,0.07,0.0,SHARK,0.0,33.725807,64.4,5.07032,0.0,93.60000000000001
LAURUSLABS.NS,LAURUS LABS LIMITED,Healthcare,2026-10-01,1984.0,EXPANSION,0.53,medium,DISTRIBUTION,1/5,0.286,1.0,-0.689,0.834,-1.0,,0.0,98.21782,92.3,20.20881,0.12,125.49999999999999
LAXMICOT.NS,LAXMI COTSPIN LIMITED,Consumer Cyclical,2026-10-01,13.300000190734863,ACCUMULATION,0.44,medium,,,0.071,-1.0,0.7,0.512,0.0,,0.0,,,0.38309765,0.0,
LAXMIDENTL.NS,LAXMI DENTAL LIMITED,Healthcare,2026-10-01,193.8699951171875,CONTRACTION,0.53,low,,,-0.391,0.0,-0.97,-0.594,0.0,,0.0,34.55793,65.2,4.3882837,0.0,22.8
LAXMIINDIA.NS,LAXMI INDIA FINANCE LTD,Financial Services,2026-10-01,119.0199966430664,DISTRIBUTION,0.53,low,,,0.124,-1.0,-0.503,0.998,0.2,,0.0,10.358573,14.7,1.3364774,0.0,69.5
LCCINFOTEC.NS,LCC INFOTECH LTD,Consumer Defensive,2026-10-01,3.9000000953674316,ACCUMULATION,0.44,low,EXPANSION,3/5,0.572,1.0,0.991,-0.274,-1.0,,0.0,,,1.541502,0.0,
LEMERITE.NS,LE MERITE EXPORTS LIMITED,Consumer Cyclical,2026-10-01,19.280000686645508,ACCUMULATION,0.78,medium,,,-0.458,-1.0,0.5,-0.603,-1.0,,0.0,87.63637,90.7,1.7727106,0.0,
LEMONTREE.NS,LEMON TREE HOTELS LTD,Consumer Cyclical,2026-10-01,107.66999816894531,ACCUMULATION,0.53,low,,,0.13,0.0,0.438,0.083,0.0,,0.0,36.252525,67.1,6.1252704,0.0,20.1
LENSKART.NS,LENSKART SOLUTIONS LTD,Healthcare,2026-10-01,691.1500244140625,DISTRIBUTION,0.53,low,,,0.125,0.0,-0.502,1.0,0.0,,0.0,183.32892,96.3,13.733731,0.0,269.20000000000005
LEXUS.NS,LEXUS GRANITO (INDIA) LTD,Industrials,2026-10-01,10.5600004196167,CONTRACTION,0.58,low,,,-0.666,-1.0,-0.705,-0.86,1.0,,0.0,12.571429,20.9,1.1843876,0.0,
LFIC.NS,LAKSHMI FIN IND CORP LTD,Financial Services,2026-10-01,133.82000732421875,DISTRIBUTION,0.58,low,,,-0.027,0.0,-0.598,0.303,0.0,,0.0,,,0.70128554,1.91,8.0
LGBBROSLTD.NS,LG BALAKRISHNAN & BROS,Consumer Cyclical,2026-10-01,1711.0999755859375,EXPANSION,0.36,medium,DISTRIBUTION,3/5,-0.161,1.0,-0.957,-0.397,-1.0,,0.0,17.111,35.1,2.5338292,1.27,0.1
LGEINDIA.NS,LG ELECTRONICS INDIA LTD,Technology,2026-10-01,1721.800048828125,ACCUMULATION,0.71,medium,,,0.176,-1.0,0.88,0.824,-1.0,,0.0,64.03124,86.0,15.246208,0.0,27.200000000000003
LGHL.NS,LAXMI GOLDORNA HOUSE LTD,Consumer Cyclical,2026-10-01,219.47000122070312,ACCUMULATION,0.39,low,,,-0.141,0.0,0.5,-0.493,1.0,,0.0,,,15.565248,0.0,-47.5
LIBAS.NS,LIBAS CONSU PRODUCTS LTD,Consumer Cyclical,2026-10-01,11.289999961853027,EXPANSION,0.78,medium,DISTRIBUTION,2/5,0.115,0.0,-0.687,0.59,-1.0,,0.0,8.684616,10.1,0.36401743,0.0,
LIBERTSHOE.NS,LIBERTY SHOES LTD,Consumer Cyclical,2026-10-01,216.77999877929688,CONTRACTION,0.53,low,EXPANSION,3/5,0.068,0.0,0.858,0.415,0.0,,0.0,43.183266,74.2,1.5693798,0.0,-79.5
LICHSGFIN.NS,LIC HOUSING FINANCE LTD,Financial Services,2026-10-01,509.0,ACCUMULATION,0.71,low,DISTRIBUTION,3/5,-0.031,0.0,-0.878,0.007,-1.0,,0.0,4.8782825,2.8,0.675909,1.89,9.9
LICI.NS,LIFE INSURA CORP OF INDIA,Financial Services,2026-10-01,391.8500061035156,ACCUMULATION,0.36,low,CONTRACTION,1/5,-0.009,0.0,-0.712,-0.298,1.0,,0.0,8.249474,8.8,2.8067677,2.53,19.0
LIKHITHA.NS,LIKHITHA INFRASTRUC LTD,Energy,2026-10-01,225.6199951171875,EXPANSION,0.53,low,,,0.271,1.0,0.501,0.585,1.0,,0.0,27.281738,55.2,2.1655293,0.0,-47.199999999999996
LINC.NS,LINC LIMITED,Industrials,2026-10-01,86.54000091552734,CONTRACTION,0.53,medium,DISTRIBUTION,3/5,-0.168,1.0,-0.567,-0.443,0.429,,0.0,16.328302,33.2,1.9955266,1.69,-17.599999999999998
LINCOLN.NS,LINCOLN PHARMA LTD,Healthcare,2026-10-01,582.0499877929688,CONTRACTION,0.36,low,,,-0.167,-1.0,-0.507,0.027,1.0,,0.0,12.090776,19.6,1.5384269,0.31,30.9
LINDEINDIA.NS,LINDE INDIA LIMITED,Basic Materials,2026-10-01,6247.5,ACCUMULATION,0.53,low,,,-0.152,0.0,0.56,-0.608,-0.2,,0.0,97.83119,92.2,12.488157,0.06,-2.4
LLOYDSENGG.NS,LLOYDS ENGG WORK LIMITED,Industrials,2026-10-01,98.30999755859375,ACCUMULATION,0.71,low,EXPANSION,3/5,0.57,1.0,0.619,0.662,-0.25,,0.0,57.491226,83.5,8.708477,0.25,112.00000000000001
LLOYDSENT.NS,LLOYDS ENTERPRISES LTD,Basic Materials,2026-10-01,77.94999694824219,ACCUMULATION,0.53,low,EXPANSION,3/5,0.245,1.0,0.619,0.359,0.0,,0.0,139.19643,95.0,2.8119473,0.32,-74.5
LLOYDSME.NS,LLOYDS METALS N ENERGY L,Basic Materials,2026-10-01,1776.800048828125,EXPANSION,0.71,low,,,0.39,1.0,0.355,0.205,-1.0,,0.0,20.727951,42.4,7.2090206,0.05,169.1
LMW.NS,LMW LIMITED,Industrials,2026-10-01,16548.0,DISTRIBUTION,0.53,low,EXPANSION,3/5,0.061,0.0,-0.5,0.742,1.0,,0.0,101.17388,92.7,6.167139,0.21,384.0
LODHA.NS,LODHA DEVELOPERS LIMITED,Real Estate,2026-10-01,1105.5999755859375,DISTRIBUTION,0.53,low,ACCUMULATION,3/5,-0.191,-1.0,-0.5,0.735,1.0,,0.0,26.83495,54.5,4.7427235,0.37,103.4
LOKESHMACH.NS,LOKESH MACHINES LTD,Industrials,2026-10-01,400.79998779296875,DISTRIBUTION,0.71,low,EXPANSION,2/5,0.354,0.0,0.612,0.804,0.0,,0.0,182.18181,96.1,3.5012317,0.0,121.8
LORDSCHLO.NS,LORDS CHLORO ALKALI LTD,Basic Materials,2026-10-01,138.80999755859375,EXPANSION,0.89,low,,,0.777,1.0,0.957,0.213,0.0,CRAB,0.0,11.396551,17.3,1.6420223,0.0,43.1
LOTUSDEV.NS,SRI LOTUS DEVLPRS N RTY L,Industrials,2026-10-01,230.07000732421875,EXPANSION,0.53,low,DISTRIBUTION,3/5,0.084,0.0,-0.666,1.0,0.0,,0.0,45.739563,76.2,5.8706307,0.22,77.60000000000001
LOTUSEYE.NS,LOTUS EYE HOSP & INST L,Healthcare,2026-10-01,115.68000030517578,ACCUMULATION,0.89,high,,,-0.358,-1.0,0.501,-0.749,-0.333,,0.0,1446.0,99.6,4.097188,0.0,12.6
LOVABLE.NS,LOVABLE LINGERIE LTD,Consumer Cyclical,2026-10-01,68.29000091552734,ACCUMULATION,0.71,low,DISTRIBUTION,1/5,0.416,1.0,0.024,0.475,-0.333,,0.0,12.764486,21.6,0.55865055,0.0,-1.6
LOYALTEX.NS,LOYAL TEXTILE MILLS LTD,Consumer Cyclical,2026-10-01,207.5,EXPANSION,0.67,low,,,0.741,1.0,0.721,0.503,0.0,,0.0,,,0.49008495,0.0,
LPDC.NS,LANDMARK PR.DEV.CO.LTD,Real Estate,2026-10-01,6.210000038146973,EXPANSION,0.39,low,CONTRACTION,1/5,-0.093,-1.0,-0.436,0.611,-1.0,,0.0,9.857143,13.5,1.9196291,0.0,
LT.NS,LARSEN & TOUBRO LTD.,Industrials,2026-10-01,3693.39990234375,ACCUMULATION,0.71,low,CONTRACTION,2/5,-0.746,-1.0,-0.947,-0.887,1.0,,0.0,30.599834,60.1,4.6488853,1.01,14.000000000000002
LTF.NS,L&T FINANCE LIMITED,Financial Services,2026-10-01,264.3500061035156,CONTRACTION,0.71,low,,,-0.658,-1.0,-0.922,-0.709,1.0,,0.0,20.864246,42.7,2.358457,1.04,28.7
LTFOODS.NS,LT FOODS LIMITED,Consumer Defensive,2026-10-01,399.1499938964844,CONTRACTION,0.53,low,,,-0.359,-1.0,-0.501,0.344,1.0,,0.0,21.622427,44.0,7.77676,1.0,8.9
LTM.NS,LTM LIMITED,Technology,2026-10-01,4007.0,CONTRACTION,0.71,low,,,-0.447,-1.0,-0.5,-0.209,1.0,,0.0,22.720572,46.5,4.8420033,1.85,16.900000000000002
LTTS.NS,L&T TECHNOLOGY SER. LTD.,Technology,2026-10-01,3267.800048828125,DISTRIBUTION,0.71,low,ACCUMULATION,1/5,-0.06,-1.0,0.5,0.434,1.0,,0.0,27.062527,54.6,5.3514085,1.8,13.0
LUMAXIND.NS,LUMAX INDUSTRIES LTD,Consumer Cyclical,2026-10-01,5550.0,EXPANSION,0.53,low,ACCUMULATION,3/5,-0.265,0.0,-0.5,-0.561,0.0,,0.0,27.68494,55.5,5.6544604,0.99,41.199999999999996
LUMAXTECH.NS,LUMAX AUTO TECH LTD,Consumer Cyclical,2026-10-01,1978.9000244140625,EXPANSION,0.53,low,CONTRACTION,1/5,-0.336,0.0,-0.87,-0.472,-1.0,,0.0,41.608494,72.5,11.144902,0.26,109.2
LUPIN.NS,LUPIN LIMITED,Healthcare,2026-10-01,2031.199951171875,ACCUMULATION,0.89,medium,,,-0.398,-1.0,0.063,-0.788,1.0,,0.0,16.81457,34.6,4.13672,0.89,16.1
LUXIND.NS,LUX INDUSTRIES LIMITED,Consumer Cyclical,2026-10-01,1092.0,EXPANSION,0.53,low,,,0.014,0.0,0.445,0.262,0.0,,0.0,32.13655,61.9,1.7907099,0.18,-6.1
LXCHEM.NS,LAXMI ORGANIC INDUS LTD,Basic Materials,2026-10-01,181.38999938964844,EXPANSION,0.71,low,,,0.496,1.0,0.021,0.964,0.0,,0.0,39.953743,71.1,2.531824,0.17,216.6
LYKALABS.NS,LYKA LABS LTD.,Healthcare,2026-10-01,81.55000305175781,EXPANSION,0.58,medium,DISTRIBUTION,3/5,0.433,1.0,-0.938,0.953,-1.0,,0.0,,,3.150108,0.0,121.39999999999999
M&M.NS,MAHINDRA & MAHINDRA LTD,Consumer Cyclical,2026-10-01,2860.0,DISTRIBUTION,0.36,low,EXPANSION,3/5,0.03,1.0,-0.5,-0.56,1.0,,0.6,17.405062,35.8,3.4332702,1.12,33.6
M&MFIN.NS,M&M FIN. SERVICES LTD,Financial Services,2026-10-01,319.75,EXPANSION,0.53,low,ACCUMULATION,3/5,-0.297,-1.0,-0.5,-0.268,-1.0,,0.0,13.635394,25.1,1.6673967,2.31,75.4
MAANALU.NS,MAAN ALUMINIUM LIMITED,Basic Materials,2026-10-01,99.33999633789062,CONTRACTION,0.71,low,,,-0.663,-1.0,-0.5,-0.993,0.0,,0.0,41.91561,73.0,2.1195245,0.0,13.600000000000001
MACPOWER.NS,MACPOWER CNC MACHINES LTD,Industrials,2026-10-01,2144.800048828125,EXPANSION,0.71,low,,,0.638,1.0,0.59,0.963,-1.0,,0.0,55.008976,82.0,12.245504,0.07,110.3
MADHAV.NS,MADHAV MARBLE & GRANITE,Industrials,2026-10-01,34.4900016784668,CONTRACTION,0.67,low,EXPANSION,3/5,0.186,0.0,0.289,0.268,1.0,,0.0,,,0.24881509,0.0,
MADHUCON.NS,MADHUCON PROJECTS LTD.,Industrials,2026-10-01,3.990000009536743,CONTRACTION,0.44,medium,ACCUMULATION,2/5,0.204,0.0,0.859,-0.247,-0.667,,0.0,,,-0.015669918,0.0,
MADRASFERT.NS,MADRAS FERTILISERS LTD,Basic Materials,2026-10-01,57.459999084472656,CONTRACTION,0.71,low,,,-0.555,-1.0,-0.5,-0.381,0.0,,0.0,13.059091,23.2,10.040189,0.0,-21.5
MAGADSUGAR.NS,MAGADH SUGAR & ENERGY LTD,Consumer Defensive,2026-10-01,511.75,DISTRIBUTION,0.39,low,ACCUMULATION,3/5,0.169,-1.0,0.719,0.857,0.0,,0.0,14.125034,26.6,0.81929815,2.35,
MAGNUM.NS,MAGNUM VENTURES LTD.,Basic Materials,2026-10-01,18.6200008392334,CONTRACTION,0.67,medium,DISTRIBUTION,3/5,-0.027,0.0,-0.8,0.72,0.333,,0.0,,,0.18693465,0.0,
MAHABANK.NS,BANK OF MAHARASHTRA,Financial Services,2026-10-01,80.5,EXPANSION,0.53,low,CONTRACTION,2/5,-0.22,-1.0,-0.529,-0.351,1.0,,0.0,8.222676,8.8,1.7349513,2.77,34.5
MAHAPEXLTD.NS,MAHA RASHTRA APEX COPR. L,Financial Services,2026-10-01,50.18000030517578,CONTRACTION,0.58,low,,,-0.347,0.0,-0.5,-0.213,1.0,,0.0,,,0.15408519,0.0,-85.39999999999999
MAHASTEEL.NS,MAHAMAYA STEEL INDS LTD,Basic Materials,2026-10-01,1182.5,CONTRACTION,0.71,low,,,-0.495,-1.0,-0.503,-0.478,1.0,,0.0,195.13202,96.5,12.225255,0.0,22.6
MAHEPC.NS,MAHINDRA EPC IRRIG LTD,Industrials,2026-10-01,96.30000305175781,CONTRACTION,0.78,low,,,-0.839,-1.0,-0.871,-0.566,0.0,,0.0,28.157894,56.4,1.4541337,0.0,
MAHESHWARI.NS,MAHESHWARI LOGISTICS LTD.,Industrials,2026-10-01,69.94999694824219,ACCUMULATION,0.71,low,DISTRIBUTION,1/5,0.387,1.0,0.352,0.545,-0.333,,0.0,13.123827,23.5,0.95978373,0.0,-24.8
MAHLIFE.NS,MAHINDRA LIFESPACE DEVLTD,Real Estate,2026-10-01,351.1499938964844,ACCUMULATION,0.53,low,,,0.121,0.0,0.403,0.079,-0.5,,0.0,22.409061,45.8,2.065564,0.97,66.9
MAHLOG.NS,MAHINDRA LOGISTIC LIMITED,Industrials,2026-10-01,416.3999938964844,ACCUMULATION,0.58,low,EXPANSION,1/5,0.263,0.0,0.873,0.546,-1.0,,0.0,98.43971,92.4,3.5169215,0.57,
MAHSCOOTER.NS,MAHARASHTRA SCOOTERS LTD,Financial Services,2026-10-01,12380.0,EXPANSION,0.71,low,CONTRACTION,3/5,-0.732,-1.0,-0.963,0.037,0.0,,0.0,50.743942,79.3,0.5119839,1.75,-90.60000000000001
MAHSEAMLES.NS,MAHARASHTRA SEAMLESS LTD,Basic Materials,2026-10-01,698.75,DISTRIBUTION,0.89,low,EXPANSION,2/5,0.631,1.0,0.012,0.904,1.0,,0.0,12.697619,21.4,1.3623301,1.36,15.7
MAITHANALL.NS,MAITHAN ALLOYS LTD,Basic Materials,2026-10-01,927.0,CONTRACTION,0.71,low,,,-0.46,-1.0,-0.51,-0.331,0.0,,0.0,9.285786,12.2,0.65054774,1.84,-26.700000000000003
MALLCOM.NS,MALLCOM (INDIA) LIMITED,Industrials,2026-10-01,935.2000122070312,CONTRACTION,0.89,low,,,-0.724,-1.0,-0.636,-0.258,-1.0,,0.0,21.794455,44.5,1.8328271,0.32,-33.4
MALUPAPER.NS,MALU PAPER MILLS LIMITED,Basic Materials,2026-10-01,31.040000915527344,EXPANSION,0.44,low,CONTRACTION,2/5,-0.331,-1.0,-0.586,0.593,1.0,,0.0,,,-2.0999932,0.0,
MAMATA.NS,MAMATA MACHINERY LIMITED,Industrials,2026-10-01,399.8999938964844,CONTRACTION,0.58,low,,,-0.491,-1.0,-0.298,0.079,-1.0,,0.0,110.16528,93.5,5.3172536,0.13,
MANAKALUCO.NS,MANAK ALUMINIUM CO. LTD.,Basic Materials,2026-10-01,33.7599983215332,CONTRACTION,0.71,low,ACCUMULATION,1/5,-0.483,-1.0,-0.5,-0.43,0.0,,0.0,25.194029,51.4,1.5658627,0.15,83.0
MANAKCOAT.NS,MAN COAT METAL & IND LTD,Industrials,2026-10-01,126.58999633789062,EXPANSION,0.53,low,DISTRIBUTION,3/5,-0.29,0.0,-0.904,0.226,0.0,,0.0,29.926712,59.3,2.9529495,0.04,0.7000000000000001
MANAKSIA.NS,MANAKSIA LTD.,Industrials,2026-10-01,59.560001373291016,ACCUMULATION,0.53,low,DISTRIBUTION,3/5,0.012,-1.0,-0.863,0.91,1.0,,0.0,6.210636,4.3,0.5395758,0.0,70.0
MANAKSTEEL.NS,MANAKSIA STEELS LTD,Basic Materials,2026-10-01,108.88999938964844,EXPANSION,0.71,low,DISTRIBUTION,3/5,0.285,0.0,-0.515,0.943,-1.0,,0.0,12.720794,21.5,2.187952,0.0,249.2
MANALIPETC.NS,MANALI PETROCHEMICALS LT,Basic Materials,2026-10-01,78.1500015258789,DISTRIBUTION,0.53,low,,,0.104,-1.0,-0.507,0.921,-1.0,,0.0,7.4641833,6.5,1.0479383,0.62,348.8
MANAPPURAM.NS,MANAPPURAM FINANCE LTD,Financial Services,2026-10-01,308.8999938964844,ACCUMULATION,0.71,medium,,,-0.329,-1.0,-0.031,-0.354,1.0,,0.0,18.881416,38.5,1.8077753,1.27,322.40000000000003
MANBA.NS,MANBA FINANCE LIMITED,Financial Services,2026-10-01,139.00999450683594,EXPANSION,0.71,low,,,0.478,0.0,0.502,0.916,-1.0,,0.0,14.286742,26.9,1.7079493,0.91,36.0
MANCREDIT.NS,MANGAL CREDIT N FINCORP L,Financial Services,2026-10-01,218.97000122070312,ACCUMULATION,0.53,low,DISTRIBUTION,2/5,-0.101,0.0,-0.932,0.527,-1.0,,0.0,25.91361,52.7,2.6771567,0.34,89.7
MANGALAM.NS,MANGALAM DRUG & CHEM LTD,Healthcare,2026-10-01,29.149999618530273,DISTRIBUTION,0.67,medium,,,0.069,0.0,-0.694,0.9,-1.0,,0.0,,,0.44762138,0.0,
MANGLMCEM.NS,MANGALAM CEMENT LTD,Basic Materials,2026-10-01,984.6500244140625,DISTRIBUTION,0.71,low,CONTRACTION,1/5,-0.479,-1.0,-0.501,0.587,-1.0,,0.0,23.60705,48.2,2.770431,0.15,-44.0
MANINDS.NS,MAN INDUSTRIES (I) LTD.,Basic Materials,2026-10-01,921.5499877929688,EXPANSION,0.53,low,,,0.134,0.0,-0.444,0.98,-1.0,,0.0,33.85562,64.7,3.208371,0.0,122.39999999999999
MANINFRA.NS,MAN INFRA LTD,Industrials,2026-10-01,124.30000305175781,DISTRIBUTION,0.53,low,EXPANSION,3/5,0.4,1.0,-0.354,0.953,-1.0,,0.0,23.147114,47.1,2.213871,1.28,28.9
MANKIND.NS,MANKIND PHARMA LIMITED,Healthcare,2026-10-01,2535.0,EXPANSION,0.71,low,ACCUMULATION,2/5,0.06,-1.0,0.53,0.708,0.0,,0.0,50.558437,79.1,6.420241,0.08,29.599999999999998
MANOMAY.NS,MANOMAY TEX INDIA LTD,Consumer Cyclical,2026-10-01,240.0800018310547,EXPANSION,0.71,low,,,0.419,1.0,0.604,0.288,1.0,,0.0,21.512545,43.8,2.5333982,0.0,11.3
MANORAMA.NS,MANORAMA INDUSTRIES LTD,Consumer Defensive,2026-10-01,1880.300048828125,DISTRIBUTION,0.53,low,,,0.073,0.0,-0.514,0.805,1.0,,0.0,43.67712,74.7,16.458778,0.04,67.60000000000001
MANORG.NS,MANGALAM ORGANICS LIMITED,Basic Materials,2026-10-01,436.79998779296875,CONTRACTION,0.89,low,,,-0.706,-1.0,-0.502,-0.433,-0.111,,0.0,18.30679,37.0,1.2501788,0.0,-40.6
MANUGRAPH.NS,MANUGRAPH INDIA LIMITED,Industrials,2026-10-01,16.459999084472656,EXPANSION,0.89,low,,,0.638,1.0,0.183,0.637,-1.0,,0.0,8.9945345,11.1,0.86259294,0.0,9.3
MANYAVAR.NS,VEDANT FASHIONS LIMITED,Consumer Cyclical,2026-10-01,519.2000122070312,CONTRACTION,0.53,low,,,-0.187,-1.0,-0.507,0.89,1.0,,0.0,32.674637,62.6,6.4143906,1.45,14.7
MAPMYINDIA.NS,C.E. INFO SYSTEMS LIMITED,Technology,2026-10-01,845.75,CONTRACTION,0.71,low,,,-0.476,-1.0,-0.5,-0.1,-0.75,,0.0,33.64161,64.1,5.1178794,0.41,7.9
MARALOVER.NS,MARAL OVERSEAS LTD,Consumer Cyclical,2026-10-01,57.70000076293945,DISTRIBUTION,0.78,high,,,0.449,1.0,-0.589,0.662,1.0,,0.0,10.969582,16.2,2.160644,0.0,
MARATHON.NS,MARATHON NXTGEN REALT LTD,Real Estate,2026-10-01,388.1000061035156,CONTRACTION,0.53,low,,,-0.416,-1.0,-0.507,0.03,1.0,,0.0,12.687153,21.4,1.1298038,0.26,-16.1
MARICO.NS,MARICO LIMITED,Consumer Defensive,2026-10-01,781.3499755859375,ACCUMULATION,0.71,low,CONTRACTION,1/5,-0.517,-1.0,-0.599,-0.467,0.0,,0.0,53.73796,80.9,24.092688,0.51,25.0
MARINE.NS,MARINE ELECTRICAL (I) LTD,Industrials,2026-10-01,436.54998779296875,EXPANSION,0.71,low,,,0.437,0.0,0.79,0.957,0.0,,0.0,94.902176,92.0,12.307583,0.07,48.699999999999996
MARKOLINES.NS,MARKOLINES PAVEMENT TEC L,Industrials,2026-10-01,167.25999450683594,CONTRACTION,0.71,low,DISTRIBUTION,3/5,0.124,0.0,-0.512,0.477,1.0,,0.0,13.777594,25.5,1.8234544,0.0,18.8
MARKSANS.NS,MARKSANS PHARMA LIMITED,Healthcare,2026-10-01,325.6000061035156,EXPANSION,0.53,low,DISTRIBUTION,1/5,0.039,0.0,-0.726,0.881,-1.0,,0.0,28.536373,57.1,4.8806815,0.28,169.5
MARUTI.NS,MARUTI SUZUKI INDIA LTD.,Consumer Cyclical,2026-10-01,11386.0,CONTRACTION,0.89,low,,,-0.737,-1.0,-0.5,-0.722,0.0,,0.0,24.972584,51.2,3.3407006,1.17,-9.1
MASFIN.NS,MAS FINANCIAL SERV LTD,Financial Services,2026-10-01,272.8500061035156,CONTRACTION,0.53,low,,,-0.499,-1.0,-0.739,-0.993,-1.0,,0.0,12.550598,20.7,1.6625842,0.71,26.8
MASKINVEST.NS,MASK INVESTMENTS LIMITED,Financial Services,2026-10-01,143.41000366210938,ACCUMULATION,0.58,low,EXPANSION,3/5,0.501,1.0,0.858,0.395,0.0,,0.0,551.57697,99.1,0.73371637,0.0,
MASTEK.NS,MASTEK LTD,Technology,2026-10-01,1555.5999755859375,CONTRACTION,0.36,low,,,-0.099,-1.0,-0.5,0.384,1.0,,0.0,11.914828,19.1,1.559838,1.54,15.0
MASTERTR.NS,MASTER TRUST LIMITED,Financial Services,2026-10-01,81.66000366210938,CONTRACTION,0.36,low,,,0.035,-1.0,-0.576,0.718,-0.6,,0.0,7.4507303,6.4,1.2015362,0.0,27.800000000000004
MATRIMONY.NS,MATRIMONY.COM LIMITED,Communication Services,2026-10-01,497.0,ACCUMULATION,0.53,low,DISTRIBUTION,3/5,-0.004,0.0,-0.848,0.83,0.0,,0.0,23.366243,47.8,4.97637,0.95,127.1
MAWANASUG.NS,MAWANA SUGARS LIMITED,Consumer Defensive,2026-10-01,138.83999633789062,EXPANSION,0.58,low,,,0.394,0.0,0.952,0.917,1.0,,0.0,19.749643,40.1,1.0351229,2.76,
MAXESTATES.NS,MAX ESTATES LIMITED,Real Estate,2026-10-01,566.25,EXPANSION,0.71,low,CONTRACTION,1/5,-0.499,-1.0,-0.938,0.943,1.0,,0.0,745.0658,99.3,3.8245664,0.0,-27.0
MAXHEALTH.NS,MAX HEALTHCARE INS LTD,Healthcare,2026-10-01,940.9500122070312,EXPANSION,0.53,low,CONTRACTION,3/5,-0.381,0.0,-0.947,-0.195,-1.0,,0.0,63.235886,85.7,8.520551,0.22,4.7
MAXIND.NS,MAX INDIA LIMITED,Healthcare,2026-10-01,162.77999877929688,EXPANSION,0.67,low,,,0.737,1.0,0.559,0.652,1.0,,0.0,,,2.0939567,0.0,
MAYURUNIQ.NS,MAYUR UNIQUOTERS LTD,Consumer Cyclical,2026-10-01,711.5499877929688,DISTRIBUTION,0.53,low,CONTRACTION,2/5,-0.302,-1.0,-0.981,0.353,0.0,,0.0,14.92971,28.7,2.729728,0.82,37.8
MAZDA.NS,MAZDA LIMITED,Industrials,2026-10-01,288.1499938964844,CONTRACTION,0.71,medium,ACCUMULATION,3/5,0.239,-1.0,0.921,0.993,-1.0,,0.0,19.274248,39.4,1.9429685,1.32,49.2
MAZDOCK.NS,MAZAGON DOCK SHIPBUIL LTD,Industrials,2026-10-01,2064.0,DISTRIBUTION,0.71,low,ACCUMULATION,3/5,-0.461,-1.0,-0.5,-0.344,1.0,,0.0,31.107763,60.5,8.534957,0.99,21.5
MBAPL.NS,MADHYA BHARAT AGRO P. LTD,Basic Materials,2026-10-01,165.8300018310547,EXPANSION,0.71,low,,,0.501,1.0,0.328,0.752,-1.0,,0.0,46.977337,76.8,13.217759,0.06,16.900000000000002
MBECL.NS,MCNALLY BHARAT ENGIN CO L,Industrials,2026-10-01,494.0,EXPANSION,0.58,low,,,0.278,-1.0,0.5,0.973,-1.0,,0.0,0.4505737,0.3,2.884739,0.0,
MBEL.NS,M AND B ENGINEERING LTD,Industrials,2026-10-01,251.75,ACCUMULATION,0.71,high,,,0.084,0.0,0.85,-1.0,-1.0,,0.0,14.34473,27.0,2.1732373,0.4,22.0
MBLINFRA.NS,MBL INFRASTRUCTURE LTD,Industrials,2026-10-01,23.110000610351562,CONTRACTION,0.44,low,ACCUMULATION,2/5,0.071,-1.0,0.665,0.547,1.0,,0.0,,,0.35878965,0.0,
MCL.NS,M TEK COPPER LIMITED,Basic Materials,2026-10-01,54.63999938964844,ACCUMULATION,0.71,medium,,,-0.143,0.0,0.822,-0.9,-1.0,,0.0,33.11515,63.1,2.9557502,0.0,0.3
MCLEODRUSS.NS,MCLEOD RUSSEL INDIA LTD.,Consumer Defensive,2026-10-01,42.5099983215332,ACCUMULATION,0.44,low,EXPANSION,1/5,0.268,1.0,0.665,-0.86,0.0,,0.0,,,-8.803064,0.0,
MCLOUD.NS,MAGELLANIC CLOUD LIMITED,Technology,2026-10-01,24.25,CONTRACTION,0.53,low,ACCUMULATION,3/5,-0.172,-1.0,0.625,-0.122,0.0,,0.0,12.967915,22.5,2.0712333,0.12,-14.6
MCX.NS,MULTI COMMODITY EXCHANGE,Financial Services,2026-10-01,3204.0,CONTRACTION,0.36,low,EXPANSION,3/5,-0.051,1.0,-0.459,-0.745,-1.0,BUTTERFLY,0.0,53.046356,80.7,19.378134,0.24,103.49999999999999
MEDANTA.NS,GLOBAL HEALTH LIMITED,Healthcare,2026-10-01,1357.300048828125,ACCUMULATION,0.71,low,DISTRIBUTION,2/5,-0.172,0.0,-0.761,0.577,1.0,,0.0,65.856384,86.2,9.203844,0.04,-0.2
MEDIASSIST.NS,MEDI ASSIST HEALTH SER L,Healthcare,2026-10-01,298.5,ACCUMULATION,0.71,low,CONTRACTION,2/5,-0.517,-1.0,-0.743,-0.326,0.0,,0.0,23.5782,48.0,2.5943437,0.66,23.599999999999998
MEDICAMEQ.NS,MEDICAMEN BIOTECH LIMITED,Healthcare,2026-10-01,318.6000061035156,ACCUMULATION,0.71,medium,DISTRIBUTION,2/5,-0.136,0.0,-0.819,0.817,1.0,,0.0,43.763737,74.8,1.3596674,0.31,-1.6
MEDICO.NS,MEDICO REMEDIES LIMITED,Healthcare,2026-10-01,21.860000610351562,ACCUMULATION,0.53,low,,,-0.368,-1.0,-0.5,-0.617,1.0,,0.0,13.168675,23.5,2.3890712,0.0,38.5
MEDPLUS.NS,MEDPLUS HEALTH SERV LTD,Healthcare,2026-10-01,654.2999877929688,ACCUMULATION,0.71,medium,,,-0.604,-1.0,0.5,-0.917,0.0,,0.0,37.28205,68.2,3.9762022,0.0,-21.7
MEGASTAR.NS,MEGASTAR FOODS LIMITED,Consumer Defensive,2026-10-01,267.17999267578125,EXPANSION,0.89,medium,ACCUMULATION,3/5,-0.19,-1.0,0.5,-0.26,1.0,,0.0,30.99536,60.3,2.9392738,0.0,38.1
MEIL.NS,MANGAL ELECTRICAL IND L,Industrials,2026-10-01,262.1000061035156,CONTRACTION,0.36,low,,,-0.187,0.0,-0.507,-0.783,-1.0,,0.0,13.919278,26.1,1.2095566,0.0,101.49999999999999
MENONBE.NS,MENON BEARINGS LIMITED,Consumer Cyclical,2026-10-01,288.3999938964844,DISTRIBUTION,0.53,low,ACCUMULATION,1/5,-0.159,-1.0,-0.5,0.864,1.0,,0.0,36.692112,67.6,8.71984,1.35,67.30000000000001
MEP.NS,MEP INFRA. DEVELOPERS LTD,Industrials,2026-10-01,0.6700000166893005,CONTRACTION,0.67,low,EXPANSION,1/5,0.265,0.0,0.781,0.013,0.0,,0.0,,,-0.009167409,0.0,
METROBRAND.NS,METRO BRANDS LIMITED,Consumer Cyclical,2026-10-01,833.5,CONTRACTION,0.71,low,,,-0.585,0.0,-0.949,-0.77,1.0,,0.0,55.939598,82.4,11.393461,0.71,-4.8
METROPOLIS.NS,METROPOLIS HEALTHCARE LTD,Healthcare,2026-10-01,537.9000244140625,DISTRIBUTION,0.36,low,CONTRACTION,2/5,-0.139,0.0,-0.67,0.113,1.0,,0.0,55.16923,82.1,7.3701086,0.37,25.8
MFML.NS,MAHALAXMI FABRIC MILLS LT,Consumer Cyclical,2026-10-01,18.719999313354492,CONTRACTION,0.39,low,EXPANSION,1/5,0.3,1.0,0.945,-0.395,-1.0,,0.0,,,0.2035026,0.0,-98.5
MFSL.NS,MAX FINANCIAL SERV LTD,Financial Services,2026-10-01,1392.0,ACCUMULATION,0.71,low,CONTRACTION,3/5,-0.718,-1.0,-0.886,-0.987,1.0,,0.0,440.50632,98.7,9.047539,0.0,37.2
MGEL.NS,MANGALAM GLOBAL ENT LTD,Consumer Defensive,2026-10-01,15.34000015258789,EXPANSION,0.71,low,,,0.183,0.0,-0.5,0.233,-1.0,,0.0,10.727273,15.7,2.0323265,0.06,31.0
MGL.NS,MAHANAGAR GAS LTD.,Utilities,2026-10-01,1045.4000244140625,CONTRACTION,0.71,medium,DISTRIBUTION,3/5,-0.284,0.0,-0.843,0.229,1.0,,0.0,14.42528,27.4,1.6065775,3.4,-39.300000000000004
MHLXMIRU.NS,MAHALAXMI RUBTECH LIMITED,Consumer Cyclical,2026-10-01,175.0,EXPANSION,0.89,low,,,0.585,0.0,0.969,0.37,-1.0,,0.0,8.042279,8.0,2.0493963,0.0,29.9
MHRIL.NS,MAHINDRA HOLIDAYS LTD,Consumer Cyclical,2026-10-01,194.85000610351562,ACCUMULATION,0.78,medium,,,-0.429,-1.0,0.56,-0.563,-1.0,,0.0,74.08745,87.8,5.051723,0.0,
MICEL.NS,MIC ELECTRONICS LTD,Technology,2026-10-01,36.0,EXPANSION,0.78,low,,,0.518,0.0,0.95,0.362,-0.8,,0.0,,,4.019203,0.0,27.900000000000002
MIDHANI.NS,MISHRA DHATU NIGAM LTD,Basic Materials,2026-10-01,433.6000061035156,CONTRACTION,0.71,low,EXPANSION,2/5,0.411,1.0,0.367,0.275,0.0,,0.0,60.055405,84.5,5.300021,0.57,27.0
MIDWESTLTD.NS,MIDWEST LIMITED,Basic Materials,2026-10-01,904.1500244140625,ACCUMULATION,0.71,low,CONTRACTION,3/5,-0.736,-1.0,-0.942,-1.0,1.0,,0.0,29.45114,58.7,3.2621129,0.0,26.700000000000003
MINDACORP.NS,MINDA CORPORATION LTD,Consumer Cyclical,2026-10-01,667.3499755859375,ACCUMULATION,0.71,low,EXPANSION,1/5,0.222,0.0,0.5,0.389,0.0,,0.0,31.79371,61.5,5.9522643,0.23,215.49999999999997
MINDTECK.NS,MINDTECK (INDIA) LIMITED,Technology,2026-10-01,150.92999267578125,ACCUMULATION,0.53,low,,,-0.149,0.0,0.619,-0.96,0.0,,0.0,15.511819,30.5,1.5887034,0.65,-4.5
MIRZAINT.NS,MIRZA INTERNATIONAL LIMIT,Consumer Cyclical,2026-10-01,27.649999618530273,CONTRACTION,0.67,low,,,-0.721,-1.0,-0.504,-0.658,1.0,,0.0,,,0.6789775,0.0,
MITCON.NS,MITCON CON & ENG SER LTD,Industrials,2026-10-01,80.33999633789062,EXPANSION,0.53,low,CONTRACTION,1/5,-0.139,-1.0,-0.503,0.522,-1.0,,0.0,14.877777,28.6,0.8862365,0.0,179.1
MITTAL.NS,MITTAL LIFE STYLE LIMITED,Consumer Cyclical,2026-10-01,0.699999988079071,CONTRACTION,0.53,low,,,-0.271,-1.0,-0.533,-0.083,1.0,,0.0,14.0,26.4,0.48309177,0.0,1931.3
MKPL.NS,M K PROTEINS LIMITED,Consumer Defensive,2026-10-01,3.9000000953674316,ACCUMULATION,0.71,low,CONTRACTION,1/5,-0.537,0.0,-0.564,-0.583,1.0,,0.0,30.000002,59.4,1.9393338,0.0,-60.699999999999996
MMFL.NS,MM FORGINGS LTD,Industrials,2026-10-01,571.9500122070312,DISTRIBUTION,0.53,low,EXPANSION,3/5,0.064,0.0,-0.5,0.472,-1.0,,0.0,16.248579,32.9,2.8316321,1.34,78.10000000000001
MMP.NS,MMP INDUSTRIES LIMITED,Basic Materials,2026-10-01,449.6000061035156,DISTRIBUTION,0.58,low,CONTRACTION,3/5,-0.4,-1.0,-0.844,0.943,0.333,,0.0,22.810757,46.6,3.2975416,0.42,
MMTC.NS,MMTC LIMITED,Industrials,2026-10-01,56.290000915527344,CONTRACTION,0.71,low,ACCUMULATION,1/5,-0.509,-1.0,-0.5,-0.596,1.0,,0.0,19.016891,38.7,3.9825952,0.0,135.5
MOBIKWIK.NS,ONE MOBIKWIK SYSTEMS LTD,Technology,2026-10-01,196.22999572753906,CONTRACTION,0.67,low,,,-0.724,-1.0,-0.903,-0.268,1.0,,0.0,,,2.8506472,0.0,
MODIRUBBER.NS,MODI RUBBER LTD,Real Estate,2026-10-01,119.72000122070312,ACCUMULATION,0.89,low,CONTRACTION,3/5,-0.73,-1.0,-0.5,-0.597,-0.6,,0.0,11972.0,100.0,0.4431842,0.0,-12.9
MODIS.NS,MODIS NAVNIRMAN LTD,Real Estate,2026-10-01,367.8500061035156,EXPANSION,0.71,low,,,0.443,0.0,0.969,0.803,1.0,,0.0,23.29639,47.4,4.6001377,0.0,26.400000000000002
MODISONLTD.NS,MODISON LIMITED,Industrials,2026-10-01,486.04998779296875,DISTRIBUTION,0.53,low,,,0.19,0.0,-0.504,0.91,1.0,,0.0,15.528754,30.8,5.7425566,1.3,603.7
MODTHREAD.NS,MODERN THREADS INDIA LTD,Consumer Cyclical,2026-10-01,45.65999984741211,CONTRACTION,0.78,medium,DISTRIBUTION,3/5,0.329,1.0,-0.5,0.153,1.0,,0.0,8.780769,10.4,,0.0,
MOHITIND.NS,MOHIT INDUSTRIES LTD,Consumer Cyclical,2026-10-01,22.780000686645508,EXPANSION,0.67,medium,DISTRIBUTION,3/5,-0.218,0.0,-0.907,0.254,1.0,,0.0,,,0.32542393,0.0,
MOIL.NS,MOIL LIMITED,Basic Materials,2026-10-01,232.66000366210938,ACCUMULATION,0.89,high,,,-0.315,-1.0,0.373,-0.983,-0.333,,0.0,15.583389,30.9,1.7479696,5.94,70.1
MOKSH.NS,MOKSH ORNAMENTS LIMITED,Consumer Cyclical,2026-10-01,9.1899995803833,EXPANSION,0.53,low,CONTRACTION,3/5,-0.442,-1.0,-0.894,-0.873,0.0,,0.0,7.3519998,6.2,0.59443724,0.0,28.199999999999996
MOL.NS,MEGHMANI ORGANICS LIMITED,Basic Materials,2026-10-01,55.130001068115234,CONTRACTION,0.53,low,ACCUMULATION,1/5,-0.211,-1.0,-0.5,0.656,0.0,,0.0,21.790514,44.4,0.89568007,0.0,280.0
MOLDTECH.NS,MOLD-TEK TECHNOLOGIES LTD,Industrials,2026-10-01,204.77999877929688,DISTRIBUTION,0.53,medium,,,0.366,1.0,-0.502,0.967,-0.25,,0.0,32.046947,61.8,4.562936,0.97,1215.1
MOLDTKPAC.NS,MOLD-TEK PACKAGING LTD,Consumer Cyclical,2026-10-01,658.8499755859375,EXPANSION,0.53,low,CONTRACTION,1/5,-0.237,0.0,-0.765,-0.037,0.0,,0.0,28.745636,57.3,3.173804,0.91,14.2
MONARCH.NS,MONARCH NETWORTH CAP LTD,Financial Services,2026-10-01,342.70001220703125,CONTRACTION,0.71,low,,,-0.249,-1.0,-0.5,0.601,1.0,,0.0,15.030703,29.3,2.7951782,0.3,-0.2
MONEYBOXX.NS,MONEYBOXX FINANCE LIMITED,Financial Services,2026-10-01,54.0,ACCUMULATION,0.53,low,,,-0.039,1.0,0.717,-1.0,0.0,,0.0,284.21054,97.6,1.2725645,0.0,-15.0
MONTECARLO.NS,MONTE CARLO FASHIONS LTD.,Consumer Cyclical,2026-10-01,522.8499755859375,DISTRIBUTION,0.39,low,CONTRACTION,2/5,-0.228,-1.0,-0.574,0.277,0.6,BUTTERFLY,0.0,10.337089,14.5,1.1947387,3.79,
MOREPENLAB.NS,MOREPEN LAB. LTD,Healthcare,2026-10-01,133.72000122070312,DISTRIBUTION,0.53,low,EXPANSION,1/5,0.214,0.0,-0.137,0.993,-1.0,,0.0,52.234375,80.2,6.0323906,0.16,424.7
MOSCHIP.NS,MOSCHIP TECHNOLOGIES LTD,Technology,2026-10-01,198.02999877929688,CONTRACTION,0.53,low,,,-0.362,0.0,-0.502,0.054,-1.0,,0.0,148.89473,95.4,9.39243,0.0,-77.5
MOTHERSON.NS,SAMVRDHNA MTHRSN INTL LTD,Consumer Cyclical,2026-10-01,157.02999877929688,EXPANSION,0.53,low,,,0.112,0.0,-0.033,0.48,0.0,,0.0,37.747597,69.0,4.0355163,0.31,101.6
MOTILALOFS.NS,MOTILAL OSWAL FIN LTD,Financial Services,2026-10-01,989.9000244140625,CONTRACTION,0.53,low,,,-0.347,-1.0,-0.55,0.421,0.0,,0.0,30.732693,60.2,4.6227202,1.11,9.6
MOTISONS.NS,MOTISONS JEWELLERS LTD,Consumer Cyclical,2026-10-01,17.8799991607666,EXPANSION,0.71,low,,,0.312,0.0,0.278,0.97,-1.0,,0.0,26.294117,53.5,3.7180285,0.0,37.6
MOTOGENFIN.NS,MOTOR & GENERAL FINANCE L,Real Estate,2026-10-01,25.079999923706055,DISTRIBUTION,0.71,low,,,0.226,0.0,-0.502,0.405,-1.0,,0.0,0.65261513,0.6,0.43691096,0.0,884.9
MPHASIS.NS,MPHASIS LIMITED,Technology,2026-10-01,2250.199951171875,CONTRACTION,0.71,low,,,-0.458,-1.0,-0.5,-0.103,1.0,,0.0,22.511003,46.1,3.7878518,2.88,10.8
MPSLTD.NS,MPS LIMITED,Communication Services,2026-10-01,2628.39990234375,CONTRACTION,0.53,low,EXPANSION,2/5,0.332,1.0,-0.5,0.827,0.0,,0.0,23.694221,48.5,7.4796033,2.89,43.0
MRF.NS,MRF LTD,Consumer Cyclical,2026-10-01,123715.0,DISTRIBUTION,0.36,low,EXPANSION,2/5,0.161,1.0,0.5,-0.329,1.0,,0.0,21.703472,44.2,2.5015686,0.37,-1.0
MRPL.NS,MRPL,Energy,2026-10-01,164.75999450683594,CONTRACTION,0.58,low,EXPANSION,1/5,0.347,1.0,0.019,-0.305,-0.6,,0.0,9.189068,11.9,2.0264435,2.36,
MSPL.NS,MSP STEEL & POWER LTD.,Basic Materials,2026-10-01,32.52000045776367,EXPANSION,0.89,high,ACCUMULATION,3/5,-0.239,-1.0,0.767,-0.723,1.0,,0.0,51.61905,79.8,1.7891725,0.0,23.200000000000003
MSTCLTD.NS,MSTC LIMITED,Industrials,2026-10-01,705.7999877929688,DISTRIBUTION,0.53,low,,,0.316,1.0,-0.501,0.765,-1.0,,0.0,21.188831,43.3,5.496542,2.2,37.5
MSUMI.NS,MOTHERSON SUMI WRNG IND L,Consumer Cyclical,2026-10-01,33.529998779296875,CONTRACTION,0.71,low,,,-0.667,-1.0,-0.5,-0.709,1.0,,0.0,35.67021,66.3,10.285275,1.7,1.6
MTARTECH.NS,MTAR TECHNOLOGIES LIMITED,Industrials,2026-10-01,7797.0,DISTRIBUTION,0.71,medium,ACCUMULATION,3/5,0.118,0.0,0.749,-0.278,-0.6,,0.0,178.58452,95.9,29.148754,0.0,364.5
MTEDUCARE.NS,MT EDUCARE LTD,Consumer Defensive,2026-10-01,1.6699999570846558,CONTRACTION,0.67,medium,DISTRIBUTION,3/5,0.35,1.0,-0.503,0.553,0.0,,0.0,,,-2.3389356,0.0,
MTNL.NS,MAHANAGAR TELEPHONE NIGAM,Communication Services,2026-10-01,24.65999984741211,CONTRACTION,0.67,medium,ACCUMULATION,1/5,-0.208,-1.0,0.509,-0.132,0.0,,0.0,,,-0.0518792,0.0,
MUFIN.NS,MUFIN GREEN FINANCE LTD,Financial Services,2026-10-01,130.58999633789062,CONTRACTION,0.53,low,ACCUMULATION,3/5,-0.163,0.0,-0.5,-0.152,-1.0,,0.0,61.02336,85.2,3.9990814,0.0,302.3
MUFTI.NS,CREDO BRANDS MARKETING L,Consumer Cyclical,2026-10-01,70.23999786376953,CONTRACTION,0.53,low,,,-0.347,-1.0,-0.698,0.309,1.0,,0.0,10.594268,15.3,1.0467958,2.77,-63.7
MUKANDLTD.NS,MUKAND LTD.,Basic Materials,2026-10-01,172.66000366210938,EXPANSION,0.89,low,,,0.648,0.0,0.99,0.603,-0.333,,0.0,3.944711,1.9,1.6388401,1.11,97.6
MUKKA.NS,MUKKA PROTEINS LIMITED,Consumer Defensive,2026-10-01,25.700000762939453,EXPANSION,0.53,low,DISTRIBUTION,3/5,0.091,-1.0,-0.527,0.89,1.0,,0.0,11.077587,16.6,1.5384616,0.0,1145.1000000000001
MUKTAARTS.NS,MUKTA ARTS LIMITED,Communication Services,2026-10-01,55.91999816894531,DISTRIBUTION,0.67,medium,,,0.009,0.0,-0.625,0.653,1.0,,0.0,,,-1.960798,0.0,
MUNJALAU.NS,MUNJAL AUTO IND. LTD.,Consumer Cyclical,2026-10-01,104.06999969482422,EXPANSION,0.71,low,,,0.304,0.0,0.593,0.621,1.0,,0.0,20.731075,42.4,2.3253267,0.89,63.2
MUNJALSHOW.NS,MUNJAL SHOWA LTD,Consumer Cyclical,2026-10-01,124.52999877929688,ACCUMULATION,0.71,low,,,-0.353,-1.0,-0.213,-0.199,-1.0,,0.0,20.05314,41.0,0.7345689,3.56,35.5
MURUDCERA.NS,MURUDESHWAR CERAMICS LTD,Industrials,2026-10-01,28.059999465942383,CONTRACTION,0.71,low,,,-0.383,0.0,-0.615,-0.116,1.0,,0.0,17.214724,35.3,0.38964105,1.64,-58.099999999999994
MUTHOOTCAP.NS,MUTHOOT CAP SERV LTD,Financial Services,2026-10-01,218.0800018310547,CONTRACTION,0.58,low,,,-0.26,-1.0,-0.5,0.673,0.8,,0.0,14.957477,28.8,0.53501725,0.0,
MUTHOOTFIN.NS,MUTHOOT FINANCE LIMITED,Financial Services,2026-10-01,2697.10009765625,ACCUMULATION,0.53,low,CONTRACTION,1/5,-0.403,-1.0,-0.621,-0.99,0.0,,0.0,9.520633,12.7,2.6669106,1.1,38.800000000000004
MUTHOOTMF.NS,MUTHOOT MICROFIN LIMITED,Financial Services,2026-10-01,174.08999633789062,CONTRACTION,0.53,low,ACCUMULATION,3/5,-0.284,-1.0,-0.5,-0.483,0.0,,0.0,11.899521,19.0,1.0232402,0.0,1215.3
MVGJL.NS,MANOJ VAIBHAV GEM N JEW L,Consumer Cyclical,2026-10-01,206.69000244140625,EXPANSION,0.71,medium,DISTRIBUTION,2/5,0.519,1.0,-0.875,0.95,1.0,,0.0,8.280849,9.0,1.2125425,0.0,33.900000000000006
MWL.NS,MANGALAM WORLDWIDE LTD,Basic Materials,2026-10-01,43.130001068115234,ACCUMULATION,0.53,low,EXPANSION,2/5,0.328,1.0,0.502,-0.136,0.0,,0.0,24.645716,50.4,4.2745295,0.07,17.8
NACLIND.NS,NACL INDUSTRIES LIMITED,Basic Materials,2026-10-01,130.41000366210938,CONTRACTION,0.71,low,ACCUMULATION,3/5,-0.461,-1.0,-0.5,-0.344,-1.0,,0.0,260.82,97.3,4.4719157,0.0,59.8
NAGREEKCAP.NS,NAGREEKA CAP & INFR.LTD,Financial Services,2026-10-01,25.34000015258789,EXPANSION,0.71,medium,DISTRIBUTION,3/5,0.112,1.0,-0.938,-0.09,1.0,,0.0,4.727612,2.5,1.1201485,0.0,-0.8999999999999999
NAGREEKEXP.NS,NAGREEKA EXPORTS LTD.,Consumer Cyclical,2026-10-01,21.290000915527344,CONTRACTION,0.71,medium,ACCUMULATION,2/5,0.05,0.0,0.925,-0.542,-1.0,,0.0,20.872551,42.8,0.41000658,0.0,12.7
NAHARCAP.NS,NAHAR CAP & FIN.,Financial Services,2026-10-01,237.30999755859375,DISTRIBUTION,0.36,low,CONTRACTION,3/5,-0.087,-1.0,-0.503,0.157,0.0,,0.0,3.3367546,1.4,0.2472891,0.61,487.4
NAHARINDUS.NS,NAHAR INDS ENT LTD,Consumer Cyclical,2026-10-01,127.73999786376953,DISTRIBUTION,0.53,low,EXPANSION,1/5,0.099,-1.0,-0.5,0.894,-1.0,,0.0,7.6445246,7.0,0.52911717,0.0,510.50000000000006
NAHARPOLY.NS,NAHAR POLY FILMS LIMITED,Consumer Cyclical,2026-10-01,225.63999938964844,CONTRACTION,0.53,low,ACCUMULATION,2/5,-0.073,-1.0,0.887,-0.18,0.0,,0.0,7.67483,7.1,0.63975775,0.67,-35.9
NAHARSPING.NS,NAHAR SPINNING MILLS LTD.,Consumer Cyclical,2026-10-01,255.5,DISTRIBUTION,0.36,low,ACCUMULATION,3/5,-0.073,-1.0,-0.5,0.323,0.0,,0.0,11.68267,18.3,0.61345124,0.38,337.8
NAM-INDIA.NS,NIPPON L I A M LTD,Financial Services,2026-10-01,1046.0,CONTRACTION,0.71,low,ACCUMULATION,3/5,-0.516,-1.0,-0.5,-0.563,0.0,,0.0,41.425743,72.3,14.326019,2.01,27.200000000000003
NARMADA.NS,NARMADA AGROBASE LIMITED,Basic Materials,2026-10-01,12.3100004196167,CONTRACTION,0.89,low,,,-0.988,-1.0,-0.96,-0.993,1.0,,0.0,26.19149,53.2,1.5739676,0.0,-26.0
NATCAPSUQ.NS,NATURAL CAPSULES LIMITED,Healthcare,2026-10-01,162.16000366210938,CONTRACTION,0.44,low,,,-0.414,-1.0,-0.501,0.259,-1.0,,0.0,,,0.75990534,0.0,
NATCOPHARM.NS,NATCO PHARMA LTD.,Healthcare,2026-10-01,821.2999877929688,ACCUMULATION,0.53,medium,,,-0.301,-1.0,0.779,-0.656,-1.0,,0.0,12.962437,22.4,1.5949988,0.73,-56.99999999999999
NATHBIOGEN.NS,NATH BIO-GENES (I) LTD,Basic Materials,2026-10-01,137.74000549316406,EXPANSION,0.71,low,CONTRACTION,1/5,-0.467,-1.0,-0.767,-0.263,-1.0,,0.0,5.7367764,3.8,0.4525636,1.4,-13.5
NATIONALUM.NS,NATIONAL ALUMINIUM CO LTD,Basic Materials,2026-10-01,334.8999938964844,DISTRIBUTION,0.53,low,CONTRACTION,2/5,-0.433,-1.0,-0.846,-0.887,1.0,,0.0,9.112925,11.4,2.846603,1.17,90.9
NAUKRI.NS,INFO EDGE (I) LTD,Communication Services,2026-10-01,1200.0,CONTRACTION,0.53,low,ACCUMULATION,2/5,-0.163,-1.0,-0.5,0.847,1.0,,0.0,48.721073,77.7,2.0501747,1.18,50.6
NAVA.NS,NAVA LIMITED,Industrials,2026-10-01,552.5,ACCUMULATION,0.53,low,,,-0.196,0.0,0.793,-0.825,0.0,,0.0,20.66193,42.2,1.7879102,1.52,-10.0
NAVINFLUOR.NS,NAVIN FLUORINE INT. LTD,Basic Materials,2026-10-01,8136.5,DISTRIBUTION,0.53,low,CONTRACTION,3/5,-0.353,-1.0,-0.502,0.09,0.0,,0.0,52.772736,80.5,10.491278,0.18,107.69999999999999
NAVKARCORP.NS,NAVKAR CORPORATION LTD.,Industrials,2026-10-01,85.06999969482422,CONTRACTION,0.71,low,ACCUMULATION,1/5,-0.451,-1.0,-0.5,-0.305,1.0,,0.0,31.981201,61.7,0.65398216,0.0,401.90000000000003
NAVKARURB.NS,NAVKAR URBANSTRUCTURE LTD,Basic Materials,2026-10-01,0.8500000238418579,ACCUMULATION,0.71,medium,,,-0.205,0.0,0.502,-1.0,0.0,,0.0,28.333334,56.8,1.3843648,0.58,7.1
NAVNETEDUL.NS,NAVNEET EDUCATION LTD,Communication Services,2026-10-01,123.87000274658203,CONTRACTION,0.53,medium,ACCUMULATION,1/5,-0.294,-1.0,0.5,-0.92,0.8,,0.0,8.106676,8.3,1.332437,3.67,-10.2
NAZARA.NS,NAZARA TECHNOLOGIES LTD,Communication Services,2026-10-01,384.70001220703125,DISTRIBUTION,0.67,low,EXPANSION,3/5,0.587,0.0,0.892,0.868,0.333,,0.0,,,4.857446,0.0,
NBCC.NS,NBCC (INDIA) LIMITED,Industrials,2026-10-01,77.4000015258789,ACCUMULATION,0.71,low,CONTRACTION,1/5,-0.605,-1.0,-0.626,-0.722,0.0,,0.0,28.145454,56.3,6.9573035,1.38,17.2
NBIFIN.NS,N.B.I. IND. FIN. CO. LTD,Financial Services,2026-10-01,1857.9000244140625,CONTRACTION,0.58,low,,,-0.481,-1.0,-0.583,0.4,1.0,,0.0,39.47939,70.6,0.20807742,0.04,
NCC.NS,NCC LIMITED,Industrials,2026-10-01,130.05999755859375,CONTRACTION,0.36,low,,,-0.144,-1.0,-0.501,0.222,0.0,,0.0,11.664575,18.1,1.0377238,1.71,12.6
NCLIND.NS,NCL INDUSTRIES LIMITED,Basic Materials,2026-10-01,170.02999877929688,EXPANSION,0.53,low,,,0.198,0.0,0.786,-0.137,-0.8,,0.0,6.4429708,4.6,0.77385205,2.3,-14.299999999999999
NDGL.NS,NAGA DHUNSERI GROUP LTD,Financial Services,2026-10-01,2411.0,CONTRACTION,0.44,low,,,-0.338,-1.0,-0.5,0.485,-1.0,,0.0,,,,0.1,
NDL.NS,NANDAN DENIM LIMITED,Consumer Cyclical,2026-10-01,2.5399999618530273,CONTRACTION,0.39,low,,,-0.03,-1.0,-0.502,0.897,-0.2,,0.0,,,0.5623201,0.0,32.1
NDLVENTURE.NS,NDL VENTURES LIMITED,Communication Services,2026-10-01,125.23999786376953,ACCUMULATION,0.53,low,,,-0.158,0.0,0.927,-0.559,0.25,,0.0,521.8333,98.8,6.4087605,0.4,-63.3
NDRAUTO.NS,NDR AUTO COMPONENTS LTD,Consumer Cyclical,2026-10-01,715.8499755859375,ACCUMULATION,0.71,medium,,,0.103,0.0,0.56,-0.15,-1.0,,0.0,26.318012,53.7,4.759799,0.56,20.599999999999998
NDTV.NS,NDTV LTD,Communication Services,2026-10-01,68.08000183105469,ACCUMULATION,0.67,medium,DISTRIBUTION,3/5,-0.252,0.0,-0.922,0.166,0.333,,0.0,,,5.9887404,0.0,
NECCLTD.NS,NORTH EAST CARRY CORP LTD,Industrials,2026-10-01,18.40999984741211,EXPANSION,0.53,low,CONTRACTION,1/5,-0.3,-1.0,-0.969,0.943,-1.0,,0.0,23.602564,48.1,0.7097694,0.0,13.0
NECLIFE.NS,NECTAR LIFESCIENCES LTD.,Healthcare,2026-10-01,10.229999542236328,CONTRACTION,0.44,low,,,-0.338,-1.0,-0.502,0.487,0.0,,0.0,,,0.3530508,0.0,
NELCAST.NS,NELCAST LIMITED,Industrials,2026-10-01,121.02999877929688,CONTRACTION,0.36,low,EXPANSION,2/5,0.196,1.0,0.97,-0.187,0.0,,0.0,25.69639,52.4,1.7648516,0.57,-58.9
NELCO.NS,NELCO LTD,Technology,2026-10-01,889.2000122070312,EXPANSION,0.53,low,CONTRACTION,1/5,-0.266,-1.0,-0.79,0.725,-1.0,,0.0,538.9091,98.9,15.749482,0.11,30.0
NEOGEN.NS,NEOGEN CHEMICALS LIMITED,Basic Materials,2026-10-01,2407.10009765625,EXPANSION,0.53,low,DISTRIBUTION,1/5,0.041,0.0,-0.535,0.699,-1.0,,0.0,181.80515,96.0,7.7751975,0.04,66.8
NESCO.NS,NESCO LTD.,Industrials,2026-10-01,1028.199951171875,CONTRACTION,0.53,low,,,-0.389,0.0,-0.949,-0.387,1.0,,0.0,17.382923,35.6,2.4177809,0.67,3.9
NESTLEIND.NS,NESTLE INDIA LIMITED,Consumer Defensive,2026-10-01,1307.699951171875,CONTRACTION,0.71,low,ACCUMULATION,2/5,-0.455,-1.0,-0.5,-0.318,0.0,,0.0,66.11223,86.4,48.898777,0.92,48.3
NETWEB.NS,NETWEB TECH INDIA LTD,Technology,2026-10-01,4520.2998046875,CONTRACTION,0.53,low,ACCUMULATION,2/5,-0.192,0.0,-0.5,-0.268,-1.0,,0.0,98.41715,92.3,35.49286,0.07,179.9
NETWORK18.NS,NETWORK18 MEDIA & INV LTD,Communication Services,2026-10-01,25.43000030517578,ACCUMULATION,0.67,low,CONTRACTION,1/5,-0.539,-1.0,-0.365,-0.252,0.0,,0.0,,,0.7890409,0.0,
NEUEON.NS,NEUEON CORPORATION LTD,Basic Materials,2026-10-01,15.260000228881836,ACCUMULATION,0.44,low,EXPANSION,1/5,0.3,1.0,0.527,-0.626,-1.0,,0.0,,,3.9228792,0.0,
NEULANDLAB.NS,NEULAND LAB LTD.,Healthcare,2026-10-01,21505.0,DISTRIBUTION,0.53,low,ACCUMULATION,2/5,-0.169,-1.0,-0.5,0.825,1.0,,0.0,55.343952,82.3,14.719169,0.16,962.4000000000001
NEWGEN.NS,NEWGEN SOFTWARE TECH LTD,Technology,2026-10-01,456.3500061035156,CONTRACTION,0.53,low,ACCUMULATION,2/5,-0.211,-1.0,-0.5,0.656,0.0,,0.0,20.537806,41.9,3.6243854,1.28,26.3
NEXTMEDIA.NS,NEXT MEDIAWORKS LIMITED,Communication Services,2026-10-01,3.5799999237060547,CONTRACTION,0.67,low,,,-0.57,-1.0,-0.501,-0.21,1.0,,0.0,,,-0.6716698,0.0,
NFL.NS,NATIONAL FERT. LTD,Basic Materials,2026-10-01,63.849998474121094,CONTRACTION,0.58,low,,,-0.459,-1.0,-0.584,-0.523,1.0,,0.0,8.605121,9.8,1.1022112,1.6,
NGIL.NS,NAKODA GROUP OF IND. LTD,Consumer Defensive,2026-10-01,38.43000030517578,EXPANSION,0.71,low,,,0.227,0.0,0.56,0.347,-1.0,,0.0,40.03125,71.3,2.2936437,0.0,86.0
NGLFINE.NS,NGL FINE CHEM LIMITED,Healthcare,2026-10-01,2924.0,CONTRACTION,0.71,medium,ACCUMULATION,3/5,0.149,0.0,0.619,-0.023,0.0,,0.0,31.505226,61.0,5.4867725,0.06,99.1
NH.NS,NARAYANA HRUDAYALAYA LTD.,Healthcare,2026-10-01,1741.4000244140625,ACCUMULATION,0.53,low,CONTRACTION,3/5,-0.477,0.0,-0.947,-0.596,0.0,,0.0,43.00815,74.1,7.7949867,0.25,5.4
NHPC.NS,NHPC LTD,Utilities,2026-10-01,71.75,ACCUMULATION,0.71,low,CONTRACTION,3/5,-0.704,-1.0,-0.904,-0.483,0.0,,0.0,26.282051,53.4,1.7436633,2.21,2.9000000000000004
NIACL.NS,THE NEW INDIA ASSU CO LTD,Financial Services,2026-10-01,160.2100067138672,DISTRIBUTION,0.58,low,CONTRACTION,2/5,-0.465,-1.0,-0.501,0.374,0.0,,0.0,34.23291,65.1,0.6850446,0.9,
NIBE.NS,NIBE LIMITED,Industrials,2026-10-01,1234.5,DISTRIBUTION,0.44,low,CONTRACTION,2/5,-0.373,-1.0,-0.54,0.42,-0.167,,0.0,,,5.151133,0.11,
NIBL.NS,NRB INDUS. BEARINGS LTD.,Industrials,2026-10-01,31.31999969482422,ACCUMULATION,0.44,low,,,-0.041,0.0,0.414,-0.536,0.0,,0.0,,,-0.63658535,0.0,
NIITLTD.NS,NIIT LIMITED,Consumer Defensive,2026-10-01,84.94000244140625,DISTRIBUTION,0.53,low,EXPANSION,2/5,0.021,0.0,-0.5,0.583,0.0,,0.0,124.911766,94.4,1.0960424,1.16,84.7
NIITMTS.NS,NIIT LEARNING SYSTEMS LTD,Consumer Defensive,2026-10-01,191.0800018310547,CONTRACTION,0.36,low,,,-0.136,0.0,-0.746,-0.707,0.0,,0.0,10.475878,14.9,1.7023324,1.59,16.400000000000002
NILAINFRA.NS,NILA INFRASTRUCTURES LTD,Real Estate,2026-10-01,6.570000171661377,ACCUMULATION,0.71,high,,,0.026,-1.0,0.516,-0.414,-1.0,,0.0,10.428572,14.8,1.381413,0.0,25.7
NILASPACES.NS,NILA SPACES LIMITED,Real Estate,2026-10-01,11.220000267028809,CONTRACTION,0.53,low,,,-0.163,0.0,-0.697,-0.437,1.0,,0.0,14.384616,27.3,2.5173886,0.0,44.5
NILKAMAL.NS,NILKAMAL LIMITED,Consumer Cyclical,2026-10-01,1871.800048828125,CONTRACTION,0.53,low,EXPANSION,2/5,0.339,1.0,-0.5,0.856,0.0,,0.0,22.422136,45.8,1.770779,1.05,60.099999999999994
NINSYS.NS,NINTEC SYSTEMS LIMITED,Technology,2026-10-01,804.6500244140625,ACCUMULATION,0.71,low,EXPANSION,3/5,0.287,0.0,0.619,0.527,-1.0,,0.0,44.480377,75.4,16.29935,0.0,20.200000000000003
NIPPOBATRY.NS,INDO-NATIONAL LIMITED,Industrials,2026-10-01,314.45001220703125,EXPANSION,0.58,high,ACCUMULATION,2/5,0.167,-1.0,0.936,0.147,0.0,,0.0,,,0.77959394,1.15,108.5
NIRAJ.NS,NIRAJ CEMENT STRUC LTD,Industrials,2026-10-01,27.739999771118164,EXPANSION,0.89,low,,,0.684,0.0,0.898,0.837,-1.0,,0.0,6.969849,5.6,0.62054,0.0,257.1
NIRAJISPAT.NS,NIRAJ ISPAT IND LTD,Consumer Cyclical,2026-10-01,300.0,DISTRIBUTION,0.78,medium,,,0.438,1.0,-0.502,0.659,-1.0,,0.0,11.72333,18.4,,0.0,
NITCO.NS,NITCO LIMITED,Industrials,2026-10-01,84.18000030517578,ACCUMULATION,0.44,low,CONTRACTION,1/5,-0.559,-1.0,-0.82,0.143,0.0,,0.0,,,5.24486,0.0,
NITINSPIN.NS,NITIN SPINNERS LIMITED,Consumer Cyclical,2026-10-01,594.5999755859375,DISTRIBUTION,0.53,low,CONTRACTION,2/5,-0.204,-1.0,-0.507,0.362,0.429,,0.0,15.776068,31.6,2.273683,0.5,83.6
NITIRAJ.NS,NITIRAJ ENGINEERS LTD,Technology,2026-10-01,200.89999389648438,DISTRIBUTION,0.58,medium,,,-0.252,0.0,-0.975,0.592,0.5,,0.0,85.8547,90.3,2.5084906,0.66,
NIVABUPA.NS,NIVA BUPA HEALTH INS CO L,Financial Services,2026-10-01,72.9800033569336,EXPANSION,0.71,low,CONTRACTION,3/5,-0.553,-1.0,-0.954,-0.256,-1.0,,0.0,72.98,87.5,3.5182955,0.0,92.9
NKIND.NS,NK INDUSTRIES LTD,Consumer Defensive,2026-10-01,59.959999084472656,ACCUMULATION,0.44,low,EXPANSION,3/5,0.28,1.0,0.537,-0.696,-1.0,,0.0,,,-0.09954147,0.0,
NLCINDIA.NS,NLC INDIA LIMITED,Utilities,2026-10-01,253.1999969482422,ACCUMULATION,0.53,low,CONTRACTION,1/5,-0.484,-1.0,0.057,-0.993,0.0,,0.0,10.656566,15.6,1.6310018,1.47,-39.300000000000004
NMDC.NS,NMDC LTD.,Basic Materials,2026-10-01,74.63999938964844,CONTRACTION,0.53,low,,,-0.501,-1.0,-0.522,-0.993,0.0,,0.0,8.92823,10.9,1.9230175,2.61,0.4
NOCIL.NS,NOCIL LIMITED,Basic Materials,2026-10-01,168.85000610351562,EXPANSION,0.53,low,CONTRACTION,1/5,-0.29,-1.0,-0.969,0.808,0.0,,0.0,42.746838,73.9,1.590299,0.88,60.8
NOIDATOLL.NS,NOIDA TOLL BRIDGE CO LTD,Industrials,2026-10-01,3.559999942779541,ACCUMULATION,0.53,low,CONTRACTION,1/5,-0.296,-1.0,-0.874,-0.31,-0.111,,0.0,2.3267975,1.2,-5.2122984,0.0,27.500000000000004
NORBTEAEXP.NS,NORBEN TEA & EXPORTS LTD,Consumer Defensive,2026-10-01,69.04000091552734,EXPANSION,0.58,medium,ACCUMULATION,1/5,0.136,0.0,0.985,-0.84,0.0,,0.0,,,5.702486,0.0,13.3
NORTHARC.NS,NORTHERN ARC CAPITAL LTD,Financial Services,2026-10-01,288.70001220703125,CONTRACTION,0.36,low,,,-0.078,0.0,-0.978,-0.334,1.0,,0.0,10.768371,15.9,1.1974087,0.0,41.099999999999994
NOVAAGRI.NS,NOVA AGRITECH LIMITED,Basic Materials,2026-10-01,22.219999313354492,ACCUMULATION,0.53,low,CONTRACTION,1/5,-0.401,-1.0,-0.582,0.123,0.0,,0.0,15.538462,30.8,1.0526814,0.0,0.1
NPST.NS,NETWORK PEOPLE SRV TECH L,Technology,2026-10-01,1766.5,EXPANSION,0.53,low,CONTRACTION,2/5,-0.237,-1.0,-0.919,0.97,0.667,,0.0,80.077065,88.8,11.940974,0.11,53.7
NRAIL.NS,N R AGARWAL INDS LTD,Basic Materials,2026-10-01,659.5,EXPANSION,0.71,low,,,0.538,1.0,0.5,0.522,-1.0,,0.0,18.073444,36.6,1.3765222,0.3,111.3
NRBBEARING.NS,NRB BEARING LIMITED,Consumer Cyclical,2026-10-01,542.5999755859375,EXPANSION,0.71,low,,,0.593,1.0,0.531,0.97,0.25,,0.0,35.65046,66.3,5.4632044,2.29,14.799999999999999
NRL.NS,NUPUR RECYCLERS LIMITED,Industrials,2026-10-01,156.61000061035156,EXPANSION,0.53,low,,,0.397,1.0,-0.387,0.973,-1.0,,0.0,63.149193,85.6,8.064782,0.0,83.0
NSIL.NS,NALWA SONS INVESTMENT LTD,Financial Services,2026-10-01,5163.5,DISTRIBUTION,0.53,low,CONTRACTION,3/5,-0.48,-1.0,-0.546,0.04,0.0,,0.0,45.96315,76.3,0.17465515,0.0,3.4000000000000004
NSLNISP.NS,NMDC STEEL LIMITED,Basic Materials,2026-10-01,40.95000076293945,CONTRACTION,0.71,low,,,-0.492,-1.0,-0.532,-0.434,0.0,,0.0,146.25,95.1,0.90917164,0.0,97.6
NTPC.NS,NTPC LTD,Utilities,2026-10-01,315.1000061035156,CONTRACTION,0.53,low,,,-0.504,-1.0,-0.819,-0.993,1.0,,0.0,9.618438,13.0,1.5044595,3.83,11.799999999999999
NTPCGREEN.NS,NTPC GREEN ENERGY LIMITED,Utilities,2026-10-01,91.08999633789062,ACCUMULATION,0.71,medium,,,0.107,0.0,0.541,-0.114,0.6,,0.0,126.51388,94.6,4.115016,0.0,38.3
NUCLEUS.NS,NUCLEUS SOFTWARE EXPORTS,Technology,2026-10-01,646.9500122070312,DISTRIBUTION,0.53,medium,,,-0.156,1.0,-0.5,-0.417,-1.0,,0.0,16.149525,32.6,1.8774214,1.92,-32.2
NURECA.NS,NURECA LIMITED,Healthcare,2026-10-01,349.8500061035156,EXPANSION,0.71,low,,,0.733,1.0,0.979,0.953,-1.0,,0.0,77.57206,88.3,1.8467784,0.0,277.2
NUVAMA.NS,NUVAMA WEALTH MANAGE LTD,Financial Services,2026-10-01,1701.4000244140625,DISTRIBUTION,0.53,low,ACCUMULATION,1/5,-0.163,-1.0,-0.002,0.454,1.0,,0.0,29.168524,58.4,7.5133915,1.69,15.8
NUVOCO.NS,NUVOCO VISTAS CORP LTD,Basic Materials,2026-10-01,322.1000061035156,ACCUMULATION,0.71,low,EXPANSION,2/5,0.28,0.0,0.918,0.202,0.0,,0.0,29.796484,59.2,1.1246823,0.0,20.0
NYKAA.NS,FSN E COMMERCE VENTURES,Consumer Cyclical,2026-10-01,324.95001220703125,CONTRACTION,0.53,low,,,-0.378,-1.0,-0.583,0.07,0.0,,0.0,361.05557,98.3,64.7053,0.0,243.1
OAL.NS,ORIENTAL AROMATICS LTD,Basic Materials,2026-10-01,532.2000122070312,DISTRIBUTION,0.53,low,,,-0.013,0.0,-0.988,0.937,-1.0,,0.0,332.625,98.1,2.695202,0.09,398.9
OBCL.NS,OBCL LIMITED,Industrials,2026-10-01,54.38999938964844,EXPANSION,0.78,low,CONTRACTION,2/5,-0.813,-1.0,-0.938,-0.408,0.0,,0.0,,,1.3652108,0.0,-35.3
OBEROIRLTY.NS,OBEROI REALTY LIMITED,Real Estate,2026-10-01,1754.5999755859375,EXPANSION,0.53,low,ACCUMULATION,3/5,-0.118,-1.0,-0.055,0.585,-1.0,,0.0,24.238153,49.8,3.5598135,0.45,28.999999999999996
OCCLLTD.NS,OCCL LIMITED,Basic Materials,2026-10-01,193.49000549316406,EXPANSION,0.78,low,,,0.613,0.0,0.969,0.996,1.0,,0.0,12.916556,22.4,,1.49,
ODIGMA.NS,ODIGMA CONSULTANCY SOL L,Communication Services,2026-10-01,21.110000610351562,CONTRACTION,0.78,high,ACCUMULATION,2/5,-0.247,-1.0,0.636,-1.0,-1.0,,0.0,,,1.2821914,0.0,40.1
OFSS.NS,ORACLE FIN SERV SOFT LTD.,Technology,2026-10-01,10420.0,CONTRACTION,0.53,low,EXPANSION,1/5,0.003,0.0,-0.5,0.51,0.0,,0.0,26.637354,54.3,13.09733,6.26,120.5
OIL.NS,OIL INDIA LTD,Energy,2026-10-01,444.0,DISTRIBUTION,0.53,low,,,0.316,1.0,-0.502,-0.235,0.0,,0.0,8.643177,10.0,1.2450297,2.9,91.4
OILCOUNTUB.NS,OIL COUNTRY TUBULAR LTD.,Energy,2026-10-01,78.13999938964844,EXPANSION,0.67,low,,,0.884,1.0,0.794,0.857,-1.0,,0.0,,,2.057778,0.0,
OLAELEC.NS,OLA ELECTRIC MOBILITY LTD,Consumer Cyclical,2026-10-01,37.08000183105469,EXPANSION,0.67,low,,,0.316,0.0,0.395,0.553,0.0,,0.0,,,4.8963428,0.0,
OLECTRA.NS,OLECTRA GREENTECH LIMITED,Industrials,2026-10-01,1096.199951171875,CONTRACTION,0.71,low,,,-0.328,0.0,-0.623,-0.182,1.0,,0.0,50.609417,79.2,7.3341584,0.05,-0.3
OMAXAUTO.NS,OMAX AUTOS LTD,Consumer Cyclical,2026-10-01,201.13999938964844,EXPANSION,0.89,low,,,0.4,0.0,0.53,0.07,-1.0,,0.0,10.625462,15.5,1.2404717,3.74,48.5
OMAXE.NS,OMAXE LIMITED,Real Estate,2026-10-01,108.77999877929688,DISTRIBUTION,0.44,low,CONTRACTION,1/5,-0.201,-1.0,-0.5,0.897,1.0,,0.0,,,-2.2067595,0.0,
OMFREIGHT.NS,OM FREIGHT FORWARDERS LTD,Industrials,2026-10-01,97.5,EXPANSION,0.71,low,,,0.441,0.0,0.738,0.752,-1.0,,0.0,16.33166,33.3,1.5820473,0.0,124.8
OMINFRAL.NS,OM INFRA LIMITED,Industrials,2026-10-01,76.08000183105469,CONTRACTION,0.58,low,DISTRIBUTION,3/5,-0.163,0.0,-0.34,0.269,1.0,,0.0,21.98844,44.8,0.9620516,0.65,
ONELIFECAP.NS,ONELIFE CAP ADVISORS LTD,Financial Services,2026-10-01,41.56999969482422,EXPANSION,0.78,low,,,0.755,1.0,0.504,0.637,0.0,,0.0,8.347389,9.4,2.0273104,0.02,
ONEPOINT.NS,ONE POINT ONE SOL LTD,Industrials,2026-10-01,74.37000274658203,EXPANSION,0.71,low,,,0.586,1.0,0.5,0.844,0.0,,0.0,43.49123,74.6,4.407111,0.0,72.8
ONESOURCE.NS,ONESOURCE SPECL PHARMA L,Healthcare,2026-10-01,1508.0,EXPANSION,0.44,low,CONTRACTION,3/5,-0.376,0.0,-0.875,-0.252,-0.091,,0.0,,,2.9720142,0.0,
ONGC.NS,OIL AND NATURAL GAS CORP.,Energy,2026-10-01,222.3699951171875,ACCUMULATION,0.36,low,CONTRACTION,3/5,-0.233,0.0,-0.938,-0.993,1.0,,0.0,6.4287367,4.5,0.75252116,6.42,21.4
ONIDA.NS,ONIDA ELECTRONICS LIMITED,Consumer Cyclical,2026-10-01,31.34000015258789,DISTRIBUTION,0.44,low,CONTRACTION,2/5,-0.466,0.0,-0.512,-0.887,0.0,,0.0,,,4.877062,0.0,
ONMOBILE.NS,ONMOBILE GLOBAL LTD.,Communication Services,2026-10-01,48.779998779296875,EXPANSION,0.67,medium,ACCUMULATION,2/5,-0.205,-1.0,0.481,-0.096,0.0,,0.0,,,0.830425,0.0,
ONWARDTEC.NS,ONWARD TECHNOLOGIES LTD,Technology,2026-10-01,291.29998779296875,EXPANSION,0.71,low,CONTRACTION,2/5,-0.318,-1.0,-0.419,0.585,0.111,,0.0,15.396405,30.2,2.614596,2.77,-12.3
OPTIEMUS.NS,OPTIEMUS INFRACOM LTD,Technology,2026-10-01,803.7000122070312,EXPANSION,0.71,low,,,0.375,0.0,0.507,0.993,1.0,,0.0,99.71464,92.6,9.177905,0.0,45.800000000000004
ORBTEXP.NS,ORBIT EXPORTS LIMITED,Consumer Cyclical,2026-10-01,243.64999389648438,DISTRIBUTION,0.71,low,EXPANSION,3/5,0.767,1.0,0.875,0.816,0.0,,0.0,15.323899,29.8,2.131298,0.39,64.1
ORCHASP.NS,ORCHASP LIMITED,Technology,2026-10-01,1.2799999713897705,CONTRACTION,0.71,low,,,-0.74,0.0,-0.961,-1.0,1.0,,0.0,64.0,85.9,0.3919167,0.0,-48.4
ORCHPHARMA.NS,ORCHID PHARMA LIMITED,Healthcare,2026-10-01,990.0,EXPANSION,0.53,medium,DISTRIBUTION,2/5,0.163,1.0,0.022,0.629,0.0,,0.0,300.91187,97.8,3.8979294,0.0,-78.4
ORICONENT.NS,ORICON ENTERPRISES LTD,Consumer Cyclical,2026-10-01,49.97999954223633,ACCUMULATION,0.71,medium,,,-0.535,-1.0,-0.146,-0.993,0.0,,0.0,33.77027,64.6,0.67270553,0.39,25.8
ORIENTALTL.NS,ORIENTAL TRIMEX LTD,Industrials,2026-10-01,4.809999942779541,ACCUMULATION,0.53,low,CONTRACTION,3/5,-0.228,0.0,-0.875,-0.237,1.0,,0.0,17.178572,35.2,0.21939427,0.0,37.6
ORIENTBELL.NS,ORIENT BELL LIMITED,Industrials,2026-10-01,398.54998779296875,DISTRIBUTION,0.58,high,,,0.268,1.0,-0.501,0.94,-0.667,,0.0,27.85115,55.9,1.7829821,0.25,
ORIENTCEM.NS,ORIENT CEMENT LTD.,Basic Materials,2026-10-01,115.91000366210938,ACCUMULATION,0.53,low,CONTRACTION,3/5,-0.326,-1.0,-0.941,0.694,0.0,,0.0,11.363726,17.2,1.109792,0.42,-62.5
ORIENTCER.NS,ORIENT CERATECH LIMITED,Basic Materials,2026-10-01,44.119998931884766,EXPANSION,0.53,low,DISTRIBUTION,3/5,-0.078,0.0,-0.9,0.49,-1.0,,0.0,18.460249,37.1,1.7591707,0.78,99.2
ORIENTELEC.NS,ORIENT ELECTRIC LIMITED,Consumer Cyclical,2026-10-01,154.4600067138672,DISTRIBUTION,0.36,low,ACCUMULATION,1/5,-0.084,0.0,-0.5,0.163,0.0,,0.0,29.992233,59.4,4.335841,0.95,79.7
ORIENTHOT.NS,ORIENT HOTELS LTD,Consumer Cyclical,2026-10-01,140.0,DISTRIBUTION,0.71,high,,,-0.058,1.0,-0.987,0.755,-1.0,,0.0,37.533512,68.5,3.2810707,0.46,-20.1
ORIENTLTD.NS,ORIENT PRESS LIMITED,Consumer Cyclical,2026-10-01,77.91999816894531,CONTRACTION,0.44,low,,,-0.207,-1.0,-0.5,0.88,1.0,,0.0,,,1.2012457,0.0,
ORIENTPPR.NS,ORIENT PAPER AND INDS LTD,Basic Materials,2026-10-01,16.229999542236328,DISTRIBUTION,0.67,low,,,-0.074,0.0,-0.547,0.326,-0.429,,0.0,,,0.2345579,0.0,
ORIENTTECH.NS,ORIENT TECHNOLOGIES LTD,Technology,2026-10-01,229.25,EXPANSION,0.78,low,CONTRACTION,3/5,-0.791,-1.0,-0.876,-0.391,-1.0,,0.0,,,3.1190476,0.0,-48.4
ORISSAMINE.NS,ORISSA MIN DEV CO LTD,Basic Materials,2026-10-01,3538.60009765625,CONTRACTION,0.58,low,,,-0.522,-1.0,-0.5,0.172,-0.333,,0.0,645.7299,99.1,-38.853268,0.0,
ORKLAINDIA.NS,ORKLA INDIA LIMITED,Consumer Defensive,2026-10-01,537.2000122070312,CONTRACTION,0.71,low,,,-0.617,-1.0,-0.545,-0.7,1.0,,0.0,24.986048,51.3,2.6563027,0.0,11.1
ORTINGLOBE.NS,ORTIN GLOBAL LIMITED,Healthcare,2026-10-01,14.520000457763672,CONTRACTION,0.67,low,,,-0.721,-1.0,-0.661,-0.503,1.0,,0.0,,,10.917294,0.0,
OSIAHYPER.NS,OSIA HYPER RETAIL LIMITED,Consumer Cyclical,2026-10-01,2.200000047683716,ACCUMULATION,0.36,low,,,0.178,0.0,0.96,-0.248,1.0,,0.0,1.6058395,1.0,0.08963494,0.0,-52.1
OSWALAGRO.NS,OSWAL AGRO MILLS LTD,Real Estate,2026-10-01,33.11000061035156,ACCUMULATION,0.58,medium,,,-0.234,-1.0,0.966,-0.285,1.0,,0.0,,,0.49519166,0.0,-70.6
OSWALGREEN.NS,OSWAL GREENTECH LIMITED,Financial Services,2026-10-01,19.280000686645508,ACCUMULATION,0.58,low,,,0.325,0.0,0.682,-0.046,0.0,,0.0,,,0.20751265,0.0,26.400000000000002
OSWALPUMPS.NS,OSWAL PUMPS LIMITED,Industrials,2026-10-01,264.25,ACCUMULATION,0.36,low,,,-0.125,0.0,0.501,-1.0,0.0,,0.0,8.726882,10.1,1.6993787,0.0,-43.1
OSWALSEEDS.NS,SHREEOSWAL S AND CHE LTD,Basic Materials,2026-10-01,12.390000343322754,CONTRACTION,0.36,low,,,-0.145,-1.0,-0.987,0.409,0.385,,0.0,9.315789,12.3,2.2268152,0.0,68.60000000000001
PACEDIGITK.NS,PACE DIGITEK LIMITED,Technology,2026-10-01,167.35000610351562,ACCUMULATION,0.71,low,EXPANSION,1/5,0.48,1.0,0.738,-0.504,-1.0,,0.0,11.851983,18.8,1.4916925,0.0,13.200000000000001
PAGEIND.NS,PAGE INDUSTRIES LTD,Consumer Cyclical,2026-10-01,36660.0,ACCUMULATION,0.53,low,EXPANSION,2/5,0.091,0.0,0.556,0.407,0.0,,0.0,54.16987,81.4,27.212923,2.2,-4.0
PAISALO.NS,PAISALO DIGITAL LIMITED,Financial Services,2026-10-01,79.9000015258789,EXPANSION,0.53,low,DISTRIBUTION,1/5,-0.067,0.0,-0.938,0.669,0.0,,0.0,28.844767,57.7,4.023365,0.13,30.0
PAKKA.NS,PAKKA LIMITED,Basic Materials,2026-10-01,72.26000213623047,EXPANSION,0.58,medium,DISTRIBUTION,3/5,-0.146,0.0,-0.886,0.874,1.0,,0.0,49.834484,78.6,0.70319194,0.0,
PALASHSECU.NS,PALASH SECURITIES LTD,Consumer Defensive,2026-10-01,84.5,ACCUMULATION,0.78,low,EXPANSION,3/5,0.355,0.0,0.394,0.35,1.0,,0.0,5.2257266,3.0,0.17472577,0.0,
PALREDTEC.NS,PALRED TECHNOLOGIES LTD,Technology,2026-10-01,41.77000045776367,CONTRACTION,0.44,low,,,-0.358,-1.0,-0.5,0.427,1.0,,0.0,,,1.1926789,0.0,
PANACEABIO.NS,PANACEA BIOTEC LTD,Healthcare,2026-10-01,359.04998779296875,EXPANSION,0.39,low,ACCUMULATION,1/5,-0.016,0.0,0.572,-0.129,1.0,,0.0,,,2.795534,0.0,-43.2
PANACHE.NS,PANACHE DIGILIFE LIMITED,Technology,2026-10-01,516.1500244140625,DISTRIBUTION,0.53,low,ACCUMULATION,2/5,-0.225,-1.0,-0.5,0.599,0.556,,0.0,49.250957,78.1,7.19724,0.0,338.5
PANAMAPET.NS,PANAMA PETROCHEM LTD,Energy,2026-10-01,487.1000061035156,DISTRIBUTION,0.89,low,EXPANSION,2/5,0.791,1.0,0.5,0.664,-1.0,,0.0,6.1556935,4.2,2.0063183,0.62,624.8000000000001
PANSARI.NS,PANSARI DEVELOPERS LTD,Real Estate,2026-10-01,260.0,CONTRACTION,0.53,low,ACCUMULATION,1/5,-0.062,1.0,-0.407,-0.84,0.0,,0.0,22.968199,46.9,2.9423747,0.0,26.5
PAR.NS,PAR DRUGS AND CHEM LTD,Healthcare,2026-10-01,123.94999694824219,EXPANSION,0.53,low,DISTRIBUTION,2/5,0.077,-1.0,-0.514,0.927,-1.0,,0.0,11.638497,18.0,1.3692803,0.0,41.6
PARACABLES.NS,PARAMOUNT COMM LTD,Technology,2026-10-01,56.5099983215332,CONTRACTION,0.53,low,,,-0.363,-1.0,-0.521,0.407,1.0,,0.0,28.396984,56.9,2.2166,0.0,6.5
PARADEEP.NS,PARADEEP PHOSPHATES LTD,Basic Materials,2026-10-01,151.22000122070312,CONTRACTION,0.53,low,ACCUMULATION,2/5,-0.158,-1.0,-0.5,0.417,-1.0,,0.0,14.653101,28.0,2.3127275,0.97,53.400000000000006
PARAGMILK.NS,PARAG MILK FOODS LTD.,Consumer Defensive,2026-10-01,264.0,EXPANSION,0.71,low,CONTRACTION,2/5,-0.653,-1.0,-0.718,0.106,-1.0,,0.0,26.11276,52.9,2.6212318,0.4,-20.1
PARAS.NS,PARAS DEF AND SPCE TECH L,Industrials,2026-10-01,1276.0,CONTRACTION,0.53,low,EXPANSION,2/5,0.021,0.0,-0.5,0.583,-0.143,,0.0,109.34019,93.3,14.162043,0.08,42.699999999999996
PARASPETRO.NS,PARAS PETROFILS LTD.,Consumer Cyclical,2026-10-01,2.0199999809265137,DISTRIBUTION,0.58,low,CONTRACTION,2/5,-0.422,-1.0,-0.5,0.523,0.0,,0.0,,,3.9071565,0.0,-34.2
PARIN.NS,PARIN ENTERPRISES LIMITED,Consumer Cyclical,2026-10-01,703.8499755859375,DISTRIBUTION,0.53,low,ACCUMULATION,2/5,0.03,1.0,0.948,-0.829,0.0,,0.0,125.46345,94.4,10.38663,0.0,-26.8
PARKHOTELS.NS,PARKHOTELS,Consumer Cyclical,2026-10-01,103.55000305175781,CONTRACTION,0.71,low,ACCUMULATION,2/5,-0.418,-1.0,0.5,-0.311,1.0,,0.0,34.632107,65.5,1.6365333,0.71,-14.399999999999999
PARSVNATH.NS,PARSVNATH DEVELOPER LTD,Real Estate,2026-10-01,2.130000114440918,ACCUMULATION,0.67,medium,,,-0.359,-1.0,0.5,-0.577,-1.0,,0.0,,,-0.041176133,0.0,
PASHUPATI.NS,PASHUPATI COTSPIN LIMITED,Consumer Cyclical,2026-10-01,78.98999786376953,CONTRACTION,0.78,high,ACCUMULATION,3/5,-0.17,-1.0,0.888,-0.983,0.333,,0.0,,,7.301719,0.07,265.0
PASUPTAC.NS,PASUPATI ACRYLON LIMITED,Consumer Cyclical,2026-10-01,69.63999938964844,EXPANSION,0.71,low,DISTRIBUTION,3/5,0.222,0.0,-0.875,0.761,-1.0,,0.0,6.502334,4.9,1.424801,0.0,1465.1
PATANJALI.NS,PATANJALI FOODS LIMITED,Consumer Defensive,2026-10-01,355.1499938964844,ACCUMULATION,0.53,low,CONTRACTION,3/5,-0.386,0.0,-0.875,-0.689,0.0,,0.0,19.610712,39.9,2.9480367,1.12,86.1
PATELENG.NS,PATEL ENGINEERING LTD.,Industrials,2026-10-01,25.920000076293945,ACCUMULATION,0.89,low,EXPANSION,3/5,0.57,0.0,0.686,0.593,-1.0,,0.0,8.846416,10.6,0.60637254,0.0,21.7
PATELRMART.NS,PATEL RETAIL LIMITED,Consumer Cyclical,2026-10-01,211.0,CONTRACTION,0.71,low,EXPANSION,3/5,0.718,1.0,0.875,0.614,1.0,,0.0,15.278783,29.7,1.9367038,0.0,37.4
PATINTLOG.NS,PATEL INT. LOG. LTD,Industrials,2026-10-01,13.229999542236328,EXPANSION,0.71,low,DISTRIBUTION,1/5,0.205,0.0,-0.745,0.565,-1.0,,0.0,8.82,10.5,0.74330014,1.53,53.300000000000004
PAVNAIND.NS,PAVNA INDUSTRIES LIMITED,Consumer Cyclical,2026-10-01,15.359999656677246,CONTRACTION,0.78,low,EXPANSION,3/5,0.794,1.0,0.938,0.342,0.0,,0.0,8.126984,8.4,1.0781974,0.0,
PAYTM.NS,ONE 97 COMMUNICATIONS LTD,Technology,2026-10-01,1656.0,DISTRIBUTION,0.53,low,CONTRACTION,2/5,-0.346,-1.0,-0.985,0.603,1.0,,0.0,164.44887,95.7,6.6247687,0.0,79.60000000000001
PCBL.NS,PCBL CHEMICAL LIMITED,Basic Materials,2026-10-01,321.5,EXPANSION,0.53,low,DISTRIBUTION,1/5,0.074,0.0,-0.61,0.904,-0.333,,0.0,48.786037,77.8,3.157471,1.36,64.8
PCJEWELLER.NS,PC JEWELLER LTD,Consumer Cyclical,2026-10-01,12.819999694824219,EXPANSION,0.53,low,DISTRIBUTION,3/5,0.125,0.0,-0.907,0.944,0.0,,0.0,14.568182,27.8,1.1989151,0.0,37.2
PDMJEPAPER.NS,PUDUMJEE PAPER PRO. LTD,Basic Materials,2026-10-01,95.55999755859375,DISTRIBUTION,0.89,medium,,,0.14,0.0,-0.717,0.95,1.0,SHARK,0.0,9.964546,13.6,1.3553071,0.62,-7.000000000000001
PDSL.NS,PDS LIMITED,Industrials,2026-10-01,347.54998779296875,ACCUMULATION,0.53,low,,,-0.128,-1.0,-0.203,0.69,-1.0,,0.0,41.974636,73.1,2.7829823,0.94,45.0
PEARLPOLY.NS,PEARL POLYMERS LTD,Consumer Cyclical,2026-10-01,17.09000015258789,EXPANSION,0.78,medium,DISTRIBUTION,2/5,0.256,1.0,-0.04,0.407,-1.0,,0.0,,,0.99441403,0.0,-18.8
PENIND.NS,PENNAR INDUSTRIES LTD,Industrials,2026-10-01,173.6199951171875,EXPANSION,0.71,low,,,0.295,0.0,0.824,0.322,-1.0,,0.0,16.472485,33.8,2.0151117,0.0,10.9
PENINLAND.NS,PENINSULA LAND LIMITED,Real Estate,2026-10-01,14.619999885559082,EXPANSION,0.67,low,,,0.076,0.0,0.065,0.162,-1.0,,0.0,,,6.8063316,0.0,
PERSISTENT.NS,PERSISTENT SYSTEMS LTD,Technology,2026-10-01,5367.0,DISTRIBUTION,0.53,low,,,-0.065,0.0,-0.5,0.397,0.0,,0.0,44.013447,75.0,9.973223,0.68,13.700000000000001
PETRONET.NS,PETRONET LNG LIMITED,Energy,2026-10-01,285.5,DISTRIBUTION,0.71,low,EXPANSION,3/5,0.356,0.0,-0.322,0.745,1.0,,0.0,10.178253,14.1,1.9213428,3.51,35.099999999999994
PFC.NS,POWER FIN CORP LTD.,Financial Services,2026-10-01,318.0,ACCUMULATION,0.53,low,CONTRACTION,3/5,-0.574,-1.0,-0.928,-0.921,1.0,,0.0,4.0288863,2.0,0.73422116,4.79,2.1
PFIZER.NS,PFIZER LTD,Healthcare,2026-10-01,3858.89990234375,CONTRACTION,0.53,low,,,-0.347,0.0,-0.5,-0.551,-1.0,,0.0,23.995148,49.2,4.200337,1.94,6.6000000000000005
PFOCUS.NS,PRIME FOCUS LIMITED,Communication Services,2026-10-01,301.54998779296875,DISTRIBUTION,0.58,low,CONTRACTION,3/5,-0.603,0.0,-0.984,-0.628,-0.4,,0.0,216.94244,96.7,11.217543,0.0,
PFS.NS,PTC INDIA FIN SERV LTD,Financial Services,2026-10-01,28.809999465942383,CONTRACTION,0.71,low,EXPANSION,2/5,0.503,1.0,0.937,0.073,-1.0,,0.0,8.302593,9.1,0.6008342,0.0,-70.5
PGEL.NS,PG ELECTROPLAST LTD,Technology,2026-10-01,481.1000061035156,CONTRACTION,0.53,low,,,-0.315,-1.0,-0.5,0.397,-1.0,,0.0,67.19274,86.7,4.509326,0.05,13.8
PGHH.NS,P&G HYGIENE & HEALTH CARE,Consumer Defensive,2026-10-01,6639.0,CONTRACTION,0.89,low,,,-0.995,-1.0,-0.988,-0.993,0.0,,0.0,27.27721,55.2,28.604296,1.77,-34.300000000000004
PGHL.NS,PROCTER & GAMBLE HEALTH L,Healthcare,2026-10-01,5360.0,ACCUMULATION,0.71,low,,,0.078,0.0,0.56,-0.247,0.0,,0.0,24.896652,51.0,16.961756,2.79,45.300000000000004
PGIL.NS,PEARL GLOBAL IND LIMITED,Consumer Cyclical,2026-10-01,1263.0,EXPANSION,0.71,low,,,0.42,0.0,0.738,0.94,-1.0,,0.0,37.600475,68.6,7.9849277,0.82,48.199999999999996
PHOENIXLTD.NS,THE PHOENIX MILLS LTD,Real Estate,2026-10-01,1930.0,EXPANSION,0.53,low,ACCUMULATION,2/5,0.163,0.0,0.618,0.033,-1.0,,0.0,54.67422,81.8,6.2803645,0.13,23.3
PICCADIL.NS,PICCADILY AGRO INDUSTRI L,Consumer Defensive,2026-10-01,581.0499877929688,ACCUMULATION,0.53,low,,,-0.222,-1.0,-0.012,0.217,0.0,,0.0,40.322693,71.5,6.2389936,0.17,16.3
PIDILITIND.NS,PIDILITE INDUSTRIES LTD,Basic Materials,2026-10-01,1464.0,EXPANSION,0.53,low,CONTRACTION,3/5,-0.46,-1.0,-0.946,0.106,1.0,,0.0,56.459698,82.7,13.755391,0.78,29.7
PIGL.NS,POWER INSTRUMENT (G) LTD,Industrials,2026-10-01,93.87000274658203,EXPANSION,0.36,low,CONTRACTION,1/5,-0.232,-1.0,-0.91,0.292,0.0,,0.0,11.631971,17.9,1.3018696,0.2,11.799999999999999
PIIND.NS,PI INDUSTRIES LTD,Basic Materials,2026-10-01,2236.0,ACCUMULATION,0.71,low,CONTRACTION,1/5,-0.606,-1.0,0.453,-0.877,0.0,,0.0,29.156343,58.3,3.0204787,0.65,-39.0
PILANIINVS.NS,PILANI INV & IND COR LTD,Financial Services,2026-10-01,3892.300048828125,CONTRACTION,0.67,low,,,-0.687,-1.0,-0.5,-0.562,-0.2,,0.0,,,0.271534,0.23,
PILITA.NS,PIL ITALICA LIFESTYLE LTD,Consumer Cyclical,2026-10-01,7.449999809265137,CONTRACTION,0.53,low,,,-0.342,-1.0,0.332,0.301,0.0,,0.0,57.307693,83.3,2.0862503,0.0,-87.8
PINELABS.NS,PINE LABS LIMITED,Technology,2026-10-01,167.58999633789062,CONTRACTION,0.71,low,,,-0.669,-1.0,-0.984,-0.692,1.0,,0.0,152.35454,95.5,3.245101,0.0,308.9
PIONEEREMB.NS,PIONEER EMBROIDERIES LTD,Consumer Cyclical,2026-10-01,20.06999969482422,EXPANSION,0.78,low,DISTRIBUTION,2/5,-0.11,0.0,-0.212,0.327,0.0,,0.0,,,0.39602983,0.0,-88.7
PIRAMALFIN.NS,PIRAMAL FINANCE LIMITED,Financial Services,2026-10-01,2023.300048828125,DISTRIBUTION,0.53,low,CONTRACTION,2/5,-0.189,-1.0,-0.503,0.749,1.0,,0.0,27.121984,54.7,1.5912526,0.54,66.10000000000001
PITTIENG.NS,PITTI ENGINEERING LIMITED,Industrials,2026-10-01,1123.800048828125,DISTRIBUTION,0.53,medium,,,0.353,1.0,-0.507,0.92,-1.0,,0.0,33.436478,63.6,4.2032113,0.22,28.9
PIXTRANS.NS,PIX TRANSMISSIONS LIMITED,Industrials,2026-10-01,1809.300048828125,CONTRACTION,0.71,low,EXPANSION,1/5,0.23,0.0,0.141,0.697,1.0,,0.0,18.704641,38.2,3.5385027,0.52,89.3
PKTEA.NS,THE P K TEA PROD CO LTD,Consumer Defensive,2026-10-01,1037.699951171875,ACCUMULATION,0.78,low,EXPANSION,3/5,0.627,0.0,0.887,0.807,1.0,,0.0,,,0.71477133,0.07,26.1
PLASTIBLEN.NS,PLASTIBLENDS INDIA LTD,Basic Materials,2026-10-01,193.6199951171875,EXPANSION,0.89,low,,,0.659,0.0,0.97,0.798,0.0,,0.0,11.777371,18.7,1.1214596,1.5,67.5
PLATIND.NS,PLATINUM INDUSTRIES LTD,Basic Materials,2026-10-01,202.0,DISTRIBUTION,0.71,low,CONTRACTION,3/5,-0.538,-1.0,-0.503,0.162,1.0,,0.0,22.052402,45.0,2.4996288,0.0,-12.4
PLAZACABLE.NS,PLAZA WIRES LIMITED,Industrials,2026-10-01,57.119998931884766,DISTRIBUTION,0.53,low,CONTRACTION,2/5,-0.184,-1.0,-0.655,0.917,0.0,,0.0,23.314285,47.5,1.9342386,0.0,316.5
PNB.NS,PUNJAB NATIONAL BANK,Financial Services,2026-10-01,109.56999969482422,EXPANSION,0.36,low,CONTRACTION,3/5,-0.077,0.0,-0.942,-0.368,-1.0,,0.0,5.700833,3.7,0.805342,2.65,174.3
PNBGILTS.NS,PNB GILTS LIMITED,Financial Services,2026-10-01,71.62999725341797,CONTRACTION,0.71,low,,,-0.458,-1.0,-0.544,-0.017,0.0,,0.0,12.610915,21.1,0.7560293,2.7,-49.6
PNBHOUSING.NS,PNB HOUSING FIN LTD.,Financial Services,2026-10-01,1092.0,CONTRACTION,0.36,low,,,-0.145,-1.0,-0.5,0.533,1.0,,0.0,12.311162,20.1,1.4804009,0.71,4.5
PNC.NS,PNC MEDIA AND ENT LTD,Communication Services,2026-10-01,18.09000015258789,ACCUMULATION,0.67,medium,,,-0.172,-1.0,0.53,-0.047,0.0,,0.0,,,0.4284192,0.0,
PNCINFRA.NS,PNC INFRATECH LTD.,Industrials,2026-10-01,138.16000366210938,DISTRIBUTION,0.36,low,ACCUMULATION,1/5,-0.015,0.0,0.5,-0.56,0.0,,0.0,4.8392296,2.8,0.52070415,0.45,-23.1
PNGJL.NS,P N GADGIL JEWELLERS LTD,Consumer Cyclical,2026-10-01,581.9500122070312,DISTRIBUTION,0.53,low,CONTRACTION,2/5,-0.323,-1.0,-0.59,0.142,0.6,,0.0,17.704596,36.1,4.0242167,0.0,51.9
POCL.NS,PONDY OXIDES & CHEM LTD,Basic Materials,2026-10-01,437.0,ACCUMULATION,0.71,low,,,-0.201,0.0,0.099,-0.901,-1.0,,0.0,24.19712,49.7,4.2279005,0.44,42.6
PODDARMENT.NS,PODDAR PIGMENTS LIMITED,Basic Materials,2026-10-01,253.64999389648438,ACCUMULATION,0.53,low,CONTRACTION,2/5,-0.295,-1.0,-0.984,0.853,-1.0,,0.0,17.675957,35.9,0.7677081,1.56,11.600000000000001
POKARNA.NS,POKARNA LIMITED,Industrials,2026-10-01,699.0999755859375,CONTRACTION,0.71,low,ACCUMULATION,2/5,-0.472,-1.0,-0.5,-0.387,0.0,,0.0,22.824028,46.7,2.5292504,0.09,50.6
POLICYBZR.NS,PB FINTECH LIMITED,Financial Services,2026-10-01,980.0,DISTRIBUTION,0.71,low,CONTRACTION,3/5,-0.5,-1.0,-0.635,-0.365,-0.333,,0.0,60.60606,85.0,6.1941032,0.0,92.60000000000001
POLYCAB.NS,POLYCAB INDIA LIMITED,Industrials,2026-10-01,7990.0,ACCUMULATION,0.71,low,CONTRACTION,2/5,-0.638,-1.0,-0.696,-0.854,0.0,,0.0,41.784332,72.8,9.94605,0.59,32.5
POLYMED.NS,POLY MEDICURE LIMITED,Healthcare,2026-10-01,1638.0999755859375,CONTRACTION,0.71,low,DISTRIBUTION,3/5,-0.087,0.0,-0.5,0.841,-0.333,,0.0,52.621265,80.4,5.3456163,0.21,-7.6
POLYPLEX.NS,POLYPLEX CORPORATION LTD,Basic Materials,2026-10-01,1028.0,CONTRACTION,0.58,low,,,-0.374,-1.0,-0.5,0.692,-0.143,,0.0,20.801296,42.7,0.7611342,0.19,
PONNIERODE.NS,PONNIE SUGARS (ERODE) LTD,Consumer Defensive,2026-10-01,372.3500061035156,EXPANSION,0.78,low,,,0.963,1.0,0.952,0.917,0.0,,0.0,6.4711504,4.7,0.5635366,1.34,
POONAWALLA.NS,POONAWALLA FINCORP LTD,Financial Services,2026-10-01,433.3999938964844,ACCUMULATION,0.53,low,,,-0.168,0.0,-0.498,-0.172,0.0,,0.0,45.429768,75.8,3.383981,0.0,391.59999999999997
POWERGRID.NS,POWER GRID CORP. LTD.,Utilities,2026-10-01,254.5500030517578,ACCUMULATION,0.71,low,CONTRACTION,3/5,-0.639,-1.0,-0.911,-0.874,-1.0,,0.0,12.46572,20.6,2.3558319,3.93,-0.8999999999999999
POWERINDIA.NS,HITACHI ENERGY INDIA LTD,Industrials,2026-10-01,31290.0,CONTRACTION,0.53,low,,,-0.32,0.0,-0.771,-0.507,-0.6,,0.0,121.61374,94.1,26.945126,0.03,123.50000000000001
POWERMECH.NS,POWER MECH PROJECTS LTD.,Industrials,2026-10-01,2476.199951171875,EXPANSION,0.71,low,,,0.449,1.0,0.619,0.176,-1.0,,0.0,20.017784,40.9,3.1084805,0.06,51.9
PPAP.NS,PPAP AUTOMOTIVE LIMITED,Consumer Cyclical,2026-10-01,228.49000549316406,DISTRIBUTION,0.39,low,CONTRACTION,1/5,-0.301,-1.0,-0.716,0.161,-1.0,,0.0,6.985326,5.6,0.9454707,1.07,
PPL.NS,PRAKASH PIPES LIMITED,Industrials,2026-10-01,243.5500030517578,DISTRIBUTION,0.36,low,CONTRACTION,1/5,-0.117,-1.0,-0.965,0.633,-0.25,,0.0,11.794189,18.8,1.215829,1.34,59.3
PPLPHARMA.NS,PIRAMAL PHARMA LIMITED,Healthcare,2026-10-01,197.97000122070312,CONTRACTION,0.44,low,,,-0.219,-1.0,-0.501,0.844,0.0,,0.0,,,3.218815,0.08,
PRABHA.NS,PRABHA ENERGY LIMITED,Energy,2026-10-01,218.30999755859375,DISTRIBUTION,0.58,low,CONTRACTION,2/5,-0.29,-1.0,-0.515,1.0,-1.0,,0.0,2425.6665,99.8,4.798444,0.0,
PRAENG.NS,PRAJAY ENG. SYN. LTD.,Real Estate,2026-10-01,20.09000015258789,CONTRACTION,0.67,low,EXPANSION,3/5,0.095,0.0,0.192,0.094,-1.0,,0.0,,,0.289019,0.0,
PRAJIND.NS,PRAJ INDUSTRIES LTD,Industrials,2026-10-01,303.25,CONTRACTION,0.53,low,ACCUMULATION,2/5,-0.316,-1.0,-0.5,0.238,1.0,,0.0,183.78789,96.4,4.257933,1.18,117.39999999999999
PRAKASH.NS,PRAKASH INDUSTRIES LTD,Basic Materials,2026-10-01,118.69000244140625,CONTRACTION,0.36,low,ACCUMULATION,3/5,0.152,0.0,0.875,-0.268,1.0,,0.0,6.790046,5.4,0.5923305,1.45,-22.0
PRAKASHSTL.NS,PRAKASH STEELAGE LTD,Basic Materials,2026-10-01,3.559999942779541,EXPANSION,0.71,low,CONTRACTION,2/5,-0.711,-1.0,-0.868,0.023,1.0,,0.0,89.0,91.1,6.939571,0.0,-56.99999999999999
PRAXIS.NS,PRAXIS HOME RETAIL LTD,Consumer Cyclical,2026-10-01,4.389999866485596,ACCUMULATION,0.44,medium,,,-0.02,0.0,0.612,-0.671,0.0,,0.0,,,-1.0565583,0.0,
PRECAM.NS,PRECISION CAMSHAFTS LTD.,Consumer Cyclical,2026-10-01,109.9000015258789,ACCUMULATION,0.53,low,CONTRACTION,1/5,-0.221,0.0,0.435,-0.318,-1.0,,0.0,25.49884,52.1,1.249247,0.86,-55.1
PRECOT.NS,PRECOT LIMITED,Consumer Cyclical,2026-10-01,638.3499755859375,DISTRIBUTION,0.53,low,CONTRACTION,1/5,-0.334,-1.0,-0.951,0.2,-0.333,,0.0,14.9741955,29.0,1.593437,0.64,135.4
PRECWIRE.NS,PRECISION WIRES INDIA LTD,Industrials,2026-10-01,501.3999938964844,EXPANSION,0.71,low,,,0.543,1.0,0.978,0.195,1.0,,0.0,52.229164,80.1,11.867736,0.36,71.5
PREMEXPLN.NS,PREMIER EXPLOSIVES LTD,Basic Materials,2026-10-01,682.0499877929688,ACCUMULATION,0.53,low,,,-0.326,-1.0,0.5,0.195,-1.0,,0.0,109.478325,93.4,12.725051,0.07,-80.0
PREMIER.NS,PREMIER LIMITED,Industrials,2026-10-01,2.5999999046325684,EXPANSION,0.44,medium,DISTRIBUTION,2/5,-0.027,1.0,-0.771,-0.311,0.0,,0.0,,,-0.022948937,0.0,
PREMIERENE.NS,PREMIER ENERGIES LIMITED,Technology,2026-10-01,878.0499877929688,CONTRACTION,0.71,low,ACCUMULATION,2/5,-0.38,-1.0,-0.5,-0.02,-1.0,,0.0,23.57814,47.9,9.182991,0.17,50.4
PREMIERPOL.NS,PREMIER POLYFILM LTD,Basic Materials,2026-10-01,90.63999938964844,EXPANSION,0.71,low,,,0.469,0.0,0.986,0.89,-1.0,,0.0,27.137726,54.8,6.4429913,0.16,51.300000000000004
PRESTIGE.NS,PRESTIGE ESTATE LTD,Real Estate,2026-10-01,1486.0999755859375,CONTRACTION,0.53,low,ACCUMULATION,2/5,-0.085,0.0,0.75,-0.106,1.0,,0.0,56.334347,82.6,3.9335835,0.13,-19.400000000000002
PRICOLLTD.NS,PRICOL LIMITED,Consumer Cyclical,2026-10-01,734.5,DISTRIBUTION,0.53,low,EXPANSION,2/5,0.011,0.0,-0.5,0.545,-1.0,,0.0,33.416744,63.5,7.1338387,0.54,34.300000000000004
PRIMESECU.NS,PRIME SECURITIES LIMITED,Financial Services,2026-10-01,301.5,EXPANSION,0.53,low,,,0.216,1.0,0.564,0.301,1.0,,0.0,150.75,95.4,3.286569,0.5,-66.7
PRIMO.NS,PRIMO CHEMICALS LIMITED,Basic Materials,2026-10-01,25.40999984741211,EXPANSION,0.71,low,,,0.284,0.0,0.501,0.764,0.0,,0.0,39.092308,70.3,1.5201005,0.0,14.899999999999999
PRINCEPIPE.NS,PRINCE PIPES FITTINGS LTD,Industrials,2026-10-01,246.89999389648438,DISTRIBUTION,0.53,low,ACCUMULATION,2/5,-0.285,-1.0,-0.5,0.359,-0.333,,0.0,26.238045,53.4,1.6614178,0.39,600.0
PRITI.NS,PRITI INTERNATIONAL LTD,Consumer Cyclical,2026-10-01,32.790000915527344,ACCUMULATION,0.89,medium,DISTRIBUTION,3/5,0.003,0.0,-0.496,0.508,1.0,,0.0,0.0004856874,0.1,0.6057527,0.0,-53.6
PRITIKAUTO.NS,PRITIKA AUTO INDUS LTD,Industrials,2026-10-01,16.110000610351562,EXPANSION,0.89,low,,,0.538,0.0,0.738,0.653,0.0,,0.0,12.392308,20.2,1.074,0.0,44.6
PRIVISCL.NS,PRIVI SPECIALITY CHE LTD,Basic Materials,2026-10-01,3573.0,ACCUMULATION,0.53,low,EXPANSION,1/5,0.259,1.0,0.5,-0.463,-1.0,,0.0,41.120956,72.0,9.881603,0.28,36.0
PROSTARM.NS,PROSTARM INFO SYSTEMS LTD,Industrials,2026-10-01,135.41000366210938,ACCUMULATION,0.89,high,,,-0.178,-1.0,0.975,-0.685,-1.0,,0.0,21.875607,44.7,2.7803788,0.0,150.5
PROTEAN.NS,PROTEAN EGOV TECHNO LTD,Technology,2026-10-01,639.75,EXPANSION,0.53,low,,,0.19,1.0,0.619,0.142,-1.0,,0.0,31.499262,61.0,2.4085703,1.52,-75.4
PROZONER.NS,PROZONE REALTY LIMITED,Real Estate,2026-10-01,52.529998779296875,EXPANSION,0.53,low,ACCUMULATION,1/5,-0.222,0.0,-0.5,-0.387,-1.0,,0.0,131.325,94.9,1.7564449,0.0,86.6
PRSMJOHNSN.NS,PRISM JOHNSON LIMITED,Basic Materials,2026-10-01,103.61000061035156,EXPANSION,0.36,low,DISTRIBUTION,3/5,-0.092,1.0,-0.875,-0.493,1.0,,0.0,26.16414,53.1,3.412714,0.0,4003.4999999999995
PRUDENT.NS,PRUDENT CORP ADV SER LTD,Financial Services,2026-10-01,3119.10009765625,DISTRIBUTION,0.53,low,,,-0.067,0.0,-0.97,0.704,1.0,,0.0,52.740955,80.4,14.631023,0.11,44.4
PRUDMOULI.NS,PRUDENTIAL SUGAR CORPORAT,Consumer Defensive,2026-10-01,13.489999771118164,CONTRACTION,0.58,low,DISTRIBUTION,2/5,-0.033,-1.0,-0.507,0.89,1.0,,0.0,7.1,5.9,,0.0,
PSB.NS,PUNJAB & SIND BANK,Financial Services,2026-10-01,20.959999084472656,CONTRACTION,0.53,low,,,-0.152,-1.0,-0.501,-0.106,0.429,,0.0,10.748717,15.8,1.0103152,1.83,23.200000000000003
PSPPROJECT.NS,PSP PROJECTS LIMITED,Industrials,2026-10-01,747.0999755859375,ACCUMULATION,0.36,low,DISTRIBUTION,3/5,-0.135,1.0,-0.945,-0.593,-1.0,,0.0,40.42749,71.5,2.3431594,0.0,4232.200000000001
PTC.NS,PTC INDIA LIMITED,Utilities,2026-10-01,154.7899932861328,ACCUMULATION,0.36,low,,,-0.089,0.0,0.503,-0.858,0.0,,0.0,9.015142,11.2,0.7658246,7.07,-49.8
PTCIL.NS,PTC INDUSTRIES LIMITED,Industrials,2026-10-01,22025.0,DISTRIBUTION,0.53,low,CONTRACTION,3/5,-0.2,-1.0,-0.505,0.704,1.0,,0.0,261.2073,97.4,21.91041,0.0,466.2
PTL.NS,PTL ENTERPRISES LTD,Real Estate,2026-10-01,37.869998931884766,ACCUMULATION,0.71,low,CONTRACTION,1/5,-0.371,-1.0,-0.376,-0.482,-0.714,,0.0,10.976811,16.3,0.59529984,11.22,-5.1
PUNJABCHEM.NS,PUNJAB CHEM & CROP PROT L,Basic Materials,2026-10-01,1040.9000244140625,CONTRACTION,0.53,low,ACCUMULATION,3/5,-0.096,0.0,-0.031,-0.054,1.0,,0.0,19.507122,39.8,3.0140786,0.28,7.000000000000001
PURVA.NS,PURAVANKARA LIMITED,Real Estate,2026-10-01,204.63999938964844,CONTRACTION,0.58,low,,,-0.531,-1.0,-0.745,0.385,-1.0,,0.0,30.227474,59.7,2.717735,0.0,
PVP.NS,PVP VENTURES LIMITED,Industrials,2026-10-01,50.470001220703125,DISTRIBUTION,0.53,low,,,0.09,0.0,-0.524,0.884,1.0,,0.0,265.6316,97.5,6.021955,0.0,4086.5
PVRINOX.NS,PVR INOX LIMITED,Communication Services,2026-10-01,1215.300048828125,EXPANSION,0.58,medium,DISTRIBUTION,3/5,-0.133,0.0,-0.852,0.887,0.0,,0.0,42.70204,73.8,1.6192838,0.0,
PVSL.NS,POPULAR VEHICLES N SER L,Consumer Cyclical,2026-10-01,89.86000061035156,DISTRIBUTION,0.67,low,,,-0.129,0.0,-0.5,0.113,-0.111,,0.0,,,1.0190289,0.0,
PWL.NS,PHYSICSWALLAH LIMITED,Consumer Defensive,2026-10-01,120.16999816894531,DISTRIBUTION,0.58,high,,,0.049,1.0,-0.938,0.608,0.0,,0.0,1716.7142,99.7,7.6570663,0.0,
PYRAMID.NS,PYRAMID TECHNOPLAST LTD,Consumer Cyclical,2026-10-01,154.33999633789062,EXPANSION,0.71,low,,,0.448,1.0,0.549,0.117,-1.0,GARTLEY,0.0,18.115023,36.6,1.9960167,0.32,32.1
QMSMEDI.NS,QMS MEDICAL ALLIED S LTD,Healthcare,2026-10-01,195.6699981689453,EXPANSION,0.71,low,,,0.635,1.0,0.564,0.977,-0.667,,0.0,37.270477,68.1,6.595099,0.24,24.6
QPOWER.NS,QUALITY POWER ELEC EQUP L,Industrials,2026-10-01,1564.5999755859375,EXPANSION,0.71,low,,,0.495,0.0,0.979,1.0,-1.0,,0.0,90.596405,91.2,22.354622,0.06,49.6
QUADFUTURE.NS,QUADRANT FUTURE TEK LTD,Industrials,2026-10-01,531.4000244140625,EXPANSION,0.67,low,,,0.833,1.0,0.5,1.0,-1.0,,0.0,,,7.583087,0.0,
QUESS.NS,QUESS CORP LIMITED,Industrials,2026-10-01,336.20001220703125,DISTRIBUTION,0.53,low,EXPANSION,2/5,0.079,0.0,-0.5,0.815,0.111,,0.0,19.917063,40.7,4.298848,1.79,60.9
QUICKHEAL.NS,QUICK HEAL TECH LTD,Technology,2026-10-01,138.14999389648438,EXPANSION,0.44,low,CONTRACTION,3/5,-0.532,-1.0,-0.938,0.341,-1.0,,0.0,,,1.7627468,0.0,
QUINTEGRA.NS,QUINTEGRA SOLUTIONS LTD.,Technology,2026-10-01,1.340000033378601,CONTRACTION,0.67,low,EXPANSION,3/5,0.477,0.0,0.938,0.493,-0.6,,0.0,,,-0.27870217,0.0,
RACE.NS,RACE ECO CHAIN LIMITED,Industrials,2026-10-01,113.18000030517578,EXPANSION,0.71,low,,,0.398,0.0,0.613,0.977,-1.0,,0.0,33.38643,63.4,2.4900448,0.0,218.8
RACLGEAR.NS,RACL GEARTECH LIMITED,Consumer Cyclical,2026-10-01,1538.199951171875,EXPANSION,0.53,low,CONTRACTION,3/5,-0.498,-1.0,-0.977,0.294,-0.333,,0.0,36.12494,66.8,5.0813303,0.19,7.7
RADAAN.NS,RADAAN MEDIAWORKS (I) LTD,Communication Services,2026-10-01,2.9800000190734863,EXPANSION,0.67,low,,,0.596,0.0,0.976,0.813,-1.0,,0.0,,,-1.0247593,0.0,
RADHIKAJWE.NS,RADHIKA JEWELTECH LIMITED,Consumer Cyclical,2026-10-01,68.9800033569336,CONTRACTION,0.71,low,DISTRIBUTION,2/5,0.345,0.0,-0.525,0.903,-0.429,,0.0,10.234423,14.3,2.0454884,0.0,25.5
RADIANTCMS.NS,RADIANT CASH MGMT SER LTD,Industrials,2026-10-01,35.88999938964844,CONTRACTION,0.53,low,,,-0.209,-1.0,-0.502,0.702,0.0,,0.0,12.249146,20.0,1.3825648,7.06,-12.9
RADICO.NS,RADICO KHAITAN LTD,Consumer Defensive,2026-10-01,4237.0,EXPANSION,0.53,low,DISTRIBUTION,3/5,-0.094,0.0,-0.945,0.571,0.0,,0.0,80.85878,88.9,17.110136,0.21,75.9
RADIOCITY.NS,MUSIC BROADCAST LIMITED,Communication Services,2026-10-01,5.880000114440918,DISTRIBUTION,0.67,medium,,,0.112,0.0,-0.5,0.837,-1.0,,0.0,,,0.45553145,0.0,
RAILTEL.NS,RAILTEL CORP OF IND LTD,Communication Services,2026-10-01,257.20001220703125,ACCUMULATION,0.53,low,EXPANSION,1/5,0.205,1.0,0.56,-0.742,0.0,,0.0,23.836887,48.7,3.649832,1.22,24.9
RAIN.NS,RAIN INDUSTRIES LIMITED,Basic Materials,2026-10-01,208.52000427246094,DISTRIBUTION,0.89,low,EXPANSION,2/5,0.514,0.0,0.895,0.503,-1.0,,0.0,13.065164,23.4,0.87693036,0.47,388.0
RAINBOW.NS,RAINBOW CHILDRENS MED LTD,Healthcare,2026-10-01,1279.800048828125,DISTRIBUTION,0.53,medium,,,0.083,1.0,-0.819,0.32,1.0,,0.0,45.495914,76.0,7.8823867,0.27,13.200000000000001
RAJESHEXPO.NS,RAJESH EXPORTS LTD,Consumer Cyclical,2026-10-01,64.02999877929688,CONTRACTION,0.58,low,,,-0.549,-1.0,-0.547,-0.854,1.0,,0.0,11.1940565,16.9,0.10959068,0.0,
RAJMET.NS,RAJNANDINI METAL LIMITED,Basic Materials,2026-10-01,3.0799999237060547,ACCUMULATION,0.67,low,CONTRACTION,3/5,-0.599,-1.0,-0.437,-0.359,0.0,,0.0,,,1.5446339,0.0,
RAJOOENG.NS,RAJOO ENGINEERS LIMITED,Industrials,2026-10-01,53.209999084472656,CONTRACTION,0.53,low,,,-0.564,0.0,-0.969,-0.879,-0.556,,0.0,19.780668,40.2,2.7943492,0.28,3.4000000000000004
RAJRATAN.NS,RAJRATAN GLOBAL WIRE LTD,Basic Materials,2026-10-01,453.54998779296875,CONTRACTION,0.53,low,,,-0.382,-1.0,-0.562,0.033,1.0,,0.0,28.980831,57.9,3.5402339,0.43,69.8
RAJRILTD.NS,RAJ RAYON INDUSTRIES LTD,Consumer Cyclical,2026-10-01,20.0,CONTRACTION,0.53,low,,,-0.411,-1.0,-0.5,0.033,-0.231,,0.0,46.511627,76.6,8.53971,0.0,12.9
RAJSREESUG.NS,RAJSHREE SUGAR & CHEMICAL,Consumer Defensive,2026-10-01,27.729999542236328,CONTRACTION,0.44,low,,,-0.329,-1.0,-0.5,0.512,0.0,,0.0,,,0.3494556,0.0,
RAJTV.NS,RAJ TV NETWORK LTD,Communication Services,2026-10-01,10.800000190734863,EXPANSION,0.44,low,,,0.316,1.0,0.519,-0.571,0.0,,0.0,,,0.47836295,0.0,
RALLIS.NS,RALLIS INDIA LTD,Basic Materials,2026-10-01,199.69000244140625,ACCUMULATION,0.89,high,,,-0.28,-1.0,0.646,-0.891,1.0,,0.0,18.137148,36.8,1.9008319,1.5,31.6
RAMANEWS.NS,SHREE RAMA NEWSPRINT LTD,Consumer Defensive,2026-10-01,29.3799991607666,DISTRIBUTION,0.67,low,CONTRACTION,2/5,-0.544,-1.0,-0.543,-0.09,1.0,,0.0,,,-5.245492,0.0,
RAMAPHO.NS,RAMA PHOSPHATES LIMITED,Basic Materials,2026-10-01,120.05000305175781,ACCUMULATION,0.71,medium,,,0.116,-1.0,0.939,-0.136,0.0,,0.0,7.9032264,7.5,1.0055534,0.62,6.4
RAMASTEEL.NS,RAMA STEEL TUBES LIMITED,Basic Materials,2026-10-01,4.46999979019165,ACCUMULATION,0.53,low,EXPANSION,3/5,0.25,1.0,0.576,0.023,-1.0,,0.0,63.85714,85.7,1.3363228,0.0,-4.0
RAMCOCEM.NS,THE RAMCO CEMENTS LIMITED,Basic Materials,2026-10-01,830.8499755859375,ACCUMULATION,0.89,low,CONTRACTION,3/5,-0.863,-1.0,-0.713,-0.737,1.0,,0.0,30.422922,59.9,2.4256907,0.3,-63.3
RAMCOIND.NS,RAMCO INDUSTRIES LIMITED,Industrials,2026-10-01,302.29998779296875,EXPANSION,0.53,low,CONTRACTION,1/5,-0.285,-1.0,-0.983,-0.159,1.0,,0.0,8.003706,7.9,0.58054566,0.41,31.900000000000002
RAMCOSYS.NS,RAMCO SYSTEMS LTD.,Technology,2026-10-01,546.25,ACCUMULATION,0.71,low,CONTRACTION,1/5,-0.352,0.0,-0.221,-0.185,1.0,,0.0,49.479168,78.3,5.835007,0.0,-36.3
RAMKY.NS,RAMKY INFRA LTD,Industrials,2026-10-01,274.6000061035156,CONTRACTION,0.71,low,,,-0.735,-1.0,-0.945,-0.993,0.0,,0.0,8.050426,8.1,0.8782001,0.36,-47.199999999999996
RAMRAT.NS,RAM RATNA WIRES LIMITED,Industrials,2026-10-01,616.5499877929688,EXPANSION,0.71,low,,,0.737,1.0,0.949,0.997,1.0,,0.0,45.434784,75.9,9.93202,0.43,127.8
RANASUG.NS,RANA SUGARS LTD.,Consumer Defensive,2026-10-01,13.079999923706055,CONTRACTION,0.58,low,,,-0.334,-1.0,-0.5,0.831,0.111,,0.0,36.333332,67.1,0.35091487,0.0,
RANEHOLDIN.NS,RANE HOLDINGS LIMITED,Consumer Cyclical,2026-10-01,1518.699951171875,CONTRACTION,0.71,low,,,-0.516,-1.0,-0.596,0.533,1.0,,0.0,25.653715,52.2,1.8792814,3.07,-26.400000000000002
RATEGAIN.NS,RATEGAIN TRAVEL TECHN LTD,Technology,2026-10-01,840.6500244140625,CONTRACTION,0.53,low,ACCUMULATION,2/5,-0.338,-1.0,-0.5,0.15,1.0,,0.0,41.12769,72.0,4.949455,0.0,102.2
RATNAMANI.NS,RATNAMANI MET & TUB LTD.,Basic Materials,2026-10-01,2619.39990234375,EXPANSION,0.71,high,DISTRIBUTION,3/5,-0.088,1.0,-0.9,0.548,0.5,,0.0,42.522728,73.5,4.466452,0.37,-43.3
RATNAVEER.NS,RATNAVEER PRECISION ENG L,Basic Materials,2026-10-01,345.45001220703125,EXPANSION,0.71,low,,,0.516,0.0,0.988,0.997,-1.0,,0.0,18.754072,38.2,3.5095296,0.0,22.0
RAYMOND.NS,RAYMOND LTD,Industrials,2026-10-01,1197.199951171875,EXPANSION,0.53,low,,,0.371,1.0,0.5,0.983,-1.0,,0.0,182.77861,96.2,2.8015425,0.0,-99.6
RAYMONDLSL.NS,RAYMOND LIFESTYLE LIMITED,Consumer Cyclical,2026-10-01,627.7000122070312,CONTRACTION,0.58,medium,ACCUMULATION,2/5,0.043,0.0,0.788,-0.136,0.0,,0.0,88.03647,90.7,0.3968708,0.16,
RAYMONDREL.NS,RAYMOND REALTY LIMITED,Real Estate,2026-10-01,648.4500122070312,EXPANSION,0.53,low,,,0.255,0.0,0.5,1.0,-1.0,,0.0,14.381238,27.2,2.7541933,0.3,-18.6
RBA.NS,RESTAURANT BRAND ASIA LTD,Consumer Cyclical,2026-10-01,92.22000122070312,CONTRACTION,0.44,low,,,-0.21,-1.0,-0.5,0.87,1.0,,0.0,,,7.4545307,0.0,
RBLBANK.NS,RBL BANK LIMITED,Financial Services,2026-10-01,411.3999938964844,DISTRIBUTION,0.53,medium,,,-0.033,1.0,-0.967,0.103,0.0,,0.0,34.0,64.8,1.5183053,0.25,9.3
RBZJEWEL.NS,RBZ JEWELLERS LIMITED,Consumer Cyclical,2026-10-01,196.8699951171875,EXPANSION,0.89,low,,,0.858,1.0,0.898,0.987,0.333,,0.0,13.864084,25.9,2.626404,0.0,27.700000000000003
RCF.NS,RASHTRIYA CHEMICALS & FER,Basic Materials,2026-10-01,106.80000305175781,ACCUMULATION,0.71,high,,,-0.02,-1.0,0.961,-0.679,0.0,,0.0,13.201484,23.6,1.1520538,3.33,35.099999999999994
RCOM.NS,RELIANCE COMMUNICATIONS L,Communication Services,2026-10-01,0.8600000143051147,DISTRIBUTION,0.44,low,CONTRACTION,1/5,-0.375,-1.0,-0.958,0.833,1.0,GARTLEY,0.0,,,-0.0023000988,0.0,
RECLTD.NS,REC LIMITED,Financial Services,2026-10-01,287.75,EXPANSION,0.71,low,DISTRIBUTION,2/5,0.053,1.0,-0.702,-0.434,0.0,,0.0,4.735846,2.5,0.8997896,2.07,-6.1
REDINGTON.NS,REDINGTON LIMITED,Technology,2026-10-01,397.95001220703125,EXPANSION,0.53,low,DISTRIBUTION,3/5,0.037,0.0,-0.917,0.954,-1.0,,0.0,18.279743,36.9,3.0618606,1.47,76.5
REDTAPE.NS,REDTAPE LIMITED,Consumer Cyclical,2026-10-01,115.29000091552734,EXPANSION,0.53,low,ACCUMULATION,2/5,0.083,0.0,0.422,0.03,0.0,,0.0,25.907867,52.6,6.239987,1.7,15.2
REFEX.NS,REFEX INDUSTRIES LIMITED,Energy,2026-10-01,271.29998779296875,EXPANSION,0.89,low,,,0.379,0.0,0.298,0.528,-0.333,,0.0,12.863915,22.0,2.4746196,0.75,201.29999999999998
REGAAL.NS,REGAAL RESOURCES LIMITED,Consumer Defensive,2026-10-01,85.98999786376953,EXPANSION,0.89,low,,,0.552,0.0,0.656,1.0,0.0,,0.0,13.84702,25.9,1.7822869,0.28,47.0
REGENCERAM.NS,REGENCY CERAMICS LTD.,Industrials,2026-10-01,31.979999542236328,CONTRACTION,0.44,low,DISTRIBUTION,1/5,-0.142,1.0,-0.522,-0.903,1.0,,0.0,,,-1.0063566,0.0,
RELAXO.NS,RELAXO FOOT LTD.,Consumer Cyclical,2026-10-01,285.3500061035156,CONTRACTION,0.53,low,,,-0.409,-1.0,-0.5,0.056,0.556,,0.0,38.302013,69.7,3.217568,1.2,12.4
RELCHEMQ.NS,RELIANCE CHEMOTEX IND LTD,Consumer Cyclical,2026-10-01,114.36000061035156,ACCUMULATION,0.53,low,CONTRACTION,1/5,-0.207,-1.0,-0.646,0.462,-1.0,,0.0,15.516961,30.6,0.60549265,0.43,28.499999999999996
RELIABLE.NS,RELIABLE DATA SERVICE LTD,Technology,2026-10-01,140.72999572753906,EXPANSION,0.53,low,,,0.249,1.0,0.549,-0.605,0.0,,0.0,19.146938,39.0,2.0330534,0.03,42.1
RELIANCE.NS,RELIANCE INDUSTRIES LTD,Energy,2026-10-01,1167.699951171875,CONTRACTION,0.71,low,,,-0.586,0.0,-0.501,-0.844,0.0,,0.0,21.153984,43.2,1.7479361,0.51,-22.400000000000002
RELIGARE.NS,RELIGARE ENTER. LTD.,Financial Services,2026-10-01,224.58999633789062,CONTRACTION,0.78,low,,,-0.772,-1.0,-0.99,-0.213,0.0,,0.0,148.73509,95.3,2.570268,0.0,
RELINFRA.NS,RELIANCE INFRASTRUCTU LTD,Utilities,2026-10-01,46.47999954223633,CONTRACTION,0.71,medium,ACCUMULATION,2/5,0.102,-1.0,0.5,-0.093,1.0,,0.0,0.59331125,0.4,0.10615314,0.0,521.3
RELTD.NS,RAVINDRA ENERGY LIMITED,Technology,2026-10-01,146.97999572753906,CONTRACTION,0.53,low,ACCUMULATION,1/5,-0.203,0.0,0.5,-0.31,0.0,,0.0,54.639404,81.8,6.182384,0.0,-92.80000000000001
REMSONSIND.NS,REMSONS INDUSTRIES LTD,Consumer Cyclical,2026-10-01,112.55000305175781,EXPANSION,0.53,low,,,0.059,0.0,0.688,0.55,-1.0,,0.0,22.783401,46.6,2.6342273,0.26,-20.9
RENUKA.NS,SHREE RENUKA SUGARS LTD,Consumer Defensive,2026-10-01,21.34000015258789,DISTRIBUTION,0.67,medium,,,0.244,1.0,-0.507,0.238,-1.0,,0.0,,,-1.7092512,0.0,
REPCOHOME.NS,REPCO HOME FINANCE LTD,Financial Services,2026-10-01,337.75,ACCUMULATION,0.53,low,CONTRACTION,1/5,-0.479,-1.0,-0.571,-0.983,0.0,,0.0,4.385225,2.2,0.5228692,3.51,5.6000000000000005
REPL.NS,RUDRABHISHEK ENTERP LTD,Industrials,2026-10-01,57.9900016784668,EXPANSION,0.58,low,,,0.268,0.0,0.974,0.465,-1.0,,0.0,,,0.75428265,0.0,-78.5
REPRO.NS,REPRO INDIA LIMITED,Industrials,2026-10-01,303.8999938964844,CONTRACTION,0.39,medium,ACCUMULATION,1/5,0.309,0.0,0.943,-0.36,-1.0,,0.0,4.467804,2.3,1.246938,0.0,
RESPONIND.NS,RESPONSIVE INDUSTRIES LTD,Basic Materials,2026-10-01,162.58999633789062,ACCUMULATION,0.53,low,,,-0.143,0.0,0.5,-0.073,1.0,,0.0,42.786842,73.9,2.780647,0.06,-57.9
RETAIL.NS,JHS SVENDGAARD RETAIL V L,Consumer Defensive,2026-10-01,34.93000030517578,EXPANSION,0.67,low,,,0.783,1.0,0.658,0.692,-1.0,,0.0,,,1.4310881,0.0,
RGL.NS,RENAISSANCE GLOBAL LTD,Consumer Cyclical,2026-10-01,162.5,EXPANSION,0.53,low,DISTRIBUTION,1/5,0.197,0.0,-0.502,0.977,0.0,,0.0,15.962671,32.3,1.1562462,0.0,298.0
RHETAN.NS,RHETAN TMT LIMITED,Basic Materials,2026-10-01,16.639999389648438,CONTRACTION,0.71,low,,,-0.644,-1.0,-0.575,-1.0,1.0,,0.0,104.0,92.9,12.208364,0.0,316.7
RHFL.NS,RELIANCE HOME FINANCE LTD,Financial Services,2026-10-01,1.590000033378601,CONTRACTION,0.67,low,,,-0.555,-1.0,-0.53,-0.136,1.0,,0.0,,,-2.0649352,0.0,
RHIM.NS,RHI MAGNESITA INDIA LTD,Industrials,2026-10-01,384.8500061035156,CONTRACTION,0.58,medium,ACCUMULATION,1/5,0.385,0.0,0.876,-0.027,-0.571,,0.0,,,2.2320626,0.65,83.2
RHL.NS,ROBUST HOTELS LIMITED,Consumer Cyclical,2026-10-01,162.9199981689453,EXPANSION,0.36,low,CONTRACTION,1/5,-0.165,-1.0,-0.943,0.283,1.0,,0.0,10.517754,15.1,0.38002026,0.0,52.0
RICOAUTO.NS,RICO AUTO INDUSTRIES LTD,Consumer Cyclical,2026-10-01,121.62999725341797,CONTRACTION,0.78,low,,,-0.729,-1.0,-0.305,-0.748,0.0,,0.0,55.036198,82.0,2.1112287,0.43,
RIIL.NS,RELIANCE INDUSTRIAL INFRA,Industrials,2026-10-01,666.8499755859375,CONTRACTION,0.89,low,,,-0.647,-1.0,-0.645,-0.233,1.0,,0.0,82.735725,89.5,2.1247547,0.52,-8.4
RISHABH.NS,RISHABH INSTRUMENTS LTD,Technology,2026-10-01,698.7999877929688,CONTRACTION,0.71,low,,,-0.401,-1.0,-0.514,0.497,0.111,,0.0,33.58001,63.7,3.6154613,0.28,-3.4000000000000004
RITCO.NS,RITCO LOGISTICS LIMITED,Industrials,2026-10-01,276.70001220703125,CONTRACTION,0.71,low,,,-0.432,-1.0,-0.5,0.773,1.0,,0.0,24.335974,50.0,2.167748,0.0,-43.3
RITES.NS,RITES.NS,Unknown,2026-10-01,209.47999572753906,CONTRACTION,0.67,low,EXPANSION,1/5,0.333,0.0,0.75,0.248,0.0,,0.0,,,,,
RKDL.NS,RKDL.NS,Unknown,2026-10-01,17.239999771118164,EXPANSION,0.67,low,DISTRIBUTION,1/5,-0.097,0.0,-0.318,0.027,0.0,SHARK,0.0,,,,,
RKEC.NS,RKEC.NS,Unknown,2026-10-01,21.940000534057617,ACCUMULATION,0.44,medium,,,0.187,0.0,0.977,-0.415,0.0,,0.0,,,,,
RKFORGE.NS,RKFORGE.NS,Unknown,2026-10-01,695.4500122070312,DISTRIBUTION,0.67,medium,,,0.118,0.0,-0.5,0.854,-1.0,,0.0,,,,,
RKSWAMY.NS,RKSWAMY.NS,Unknown,2026-10-01,86.45999908447266,ACCUMULATION,0.44,medium,,,0.127,-1.0,0.753,0.627,1.0,,0.0,,,,,
RMDRIP.NS,RMDRIP.NS,Unknown,2026-10-01,23.489999771118164,ACCUMULATION,0.44,low,EXPANSION,3/5,0.353,1.0,0.223,-0.163,-0.867,,0.0,,,,,
RML.NS,RML.NS,Unknown,2026-10-01,1343.199951171875,EXPANSION,0.67,high,DISTRIBUTION,3/5,0.313,1.0,-0.851,0.791,0.333,,0.0,,,,,
RNBDENIMS.NS,RNBDENIMS.NS,Unknown,2026-10-01,9.029999732971191,CONTRACTION,0.44,medium,ACCUMULATION,1/5,-0.105,0.0,0.684,-1.0,-1.0,,0.0,,,,,
ROHLTD.NS,ROHLTD.NS,Unknown,2026-10-01,298.6499938964844,ACCUMULATION,0.67,low,DISTRIBUTION,1/5,-0.102,0.0,-0.339,0.033,1.0,,0.0,,,,,
ROLEXRINGS.NS,ROLEXRINGS.NS,Unknown,2026-10-01,196.36000061035156,EXPANSION,0.67,low,,,0.989,1.0,0.977,0.99,0.0,,0.0,,,,,
ROLLT.NS,ROLLT.NS,Unknown,2026-10-01,4.739999771118164,EXPANSION,0.67,high,DISTRIBUTION,3/5,0.314,1.0,-0.938,0.88,-0.091,,0.0,,,,,
ROML.NS,ROML.NS,Unknown,2026-10-01,43.34000015258789,CONTRACTION,0.44,medium,ACCUMULATION,3/5,0.286,0.0,0.96,-0.103,1.0,,0.0,,,,,
ROSSARI.NS,ROSSARI.NS,Unknown,2026-10-01,427.54998779296875,ACCUMULATION,0.67,low,CONTRACTION,1/5,-0.627,-1.0,-0.627,-0.255,0.0,,0.0,,,,,
ROSSELLIND.NS,ROSSELLIND.NS,Unknown,2026-10-01,50.220001220703125,CONTRACTION,0.44,low,,,-0.341,-1.0,-0.5,0.477,0.0,,0.0,,,,,
ROSSTECH.NS,ROSSTECH.NS,Unknown,2026-10-01,1522.300048828125,EXPANSION,0.67,low,,,0.751,1.0,0.5,0.752,-1.0,,0.0,,,,,
ROTO.NS,ROTO.NS,Unknown,2026-10-01,62.65999984741211,EXPANSION,0.44,medium,ACCUMULATION,1/5,0.102,-1.0,0.869,0.437,0.333,,0.0,,,,,
ROUTE.NS,ROUTE.NS,Unknown,2026-10-01,436.3999938964844,DISTRIBUTION,0.67,low,,,0.008,0.0,-0.506,0.53,1.0,,0.0,,,,,
RPEL.NS,RPEL.NS,Unknown,2026-10-01,1818.9000244140625,DISTRIBUTION,0.67,low,EXPANSION,2/5,0.846,1.0,0.586,0.953,1.0,,0.0,,,,,
RPGLIFE.NS,RPGLIFE.NS,Unknown,2026-10-01,2930.699951171875,EXPANSION,0.67,low,,,0.801,1.0,0.527,0.877,1.0,,0.0,,,,,
RPOWER.NS,RPOWER.NS,Unknown,2026-10-01,19.40999984741211,CONTRACTION,0.67,low,,,-0.628,-1.0,-0.659,-0.225,0.0,,0.0,,,,,
RPPINFRA.NS,RPPINFRA.NS,Unknown,2026-10-01,52.599998474121094,CONTRACTION,0.44,low,,,-0.625,-1.0,-0.933,0.057,0.0,,0.0,,,,,
RPPL.NS,RPPL.NS,Unknown,2026-10-01,19.600000381469727,DISTRIBUTION,0.44,low,CONTRACTION,1/5,-0.282,-1.0,-0.5,0.653,0.0,,0.0,,,,,
RPSGVENT.NS,RPSGVENT.NS,Unknown,2026-10-01,829.8499755859375,EXPANSION,0.67,low,,,0.59,1.0,0.515,0.256,0.0,,0.0,,,,,
RPTECH.NS,RPTECH.NS,Unknown,2026-10-01,953.1500244140625,EXPANSION,0.67,low,,,0.796,1.0,0.738,0.649,-0.4,,0.0,,,,,
RRKABEL.NS,RRKABEL.NS,Unknown,2026-10-01,2518.199951171875,DISTRIBUTION,0.67,low,EXPANSION,3/5,0.786,1.0,0.883,0.475,-1.0,,0.0,,,,,
RSSOFTWARE.NS,RSSOFTWARE.NS,Unknown,2026-10-01,30.040000915527344,EXPANSION,0.67,low,,,0.351,0.0,0.245,0.807,0.0,,0.0,,,,,
RSWM.NS,RSWM.NS,Unknown,2026-10-01,202.2100067138672,EXPANSION,0.67,medium,DISTRIBUTION,3/5,-0.135,0.0,-0.947,0.542,-1.0,,0.0,,,,,
RSYSTEMS.NS,RSYSTEMS.NS,Unknown,2026-10-01,263.6000061035156,CONTRACTION,0.67,low,EXPANSION,1/5,0.319,0.0,0.919,0.037,-1.0,,0.0,,,,,
RTNINDIA.NS,RTNINDIA.NS,Unknown,2026-10-01,25.31999969482422,CONTRACTION,0.44,low,,,-0.373,0.0,-0.705,-0.414,1.0,,0.0,,,,,
RTNPOWER.NS,RTNPOWER.NS,Unknown,2026-10-01,6.739999771118164,ACCUMULATION,0.67,medium,,,-0.366,-1.0,0.424,-0.523,1.0,,0.0,,,,,
RUBFILA.NS,RUBFILA.NS,Unknown,2026-10-01,63.25,CONTRACTION,0.67,low,,,-0.697,-1.0,-0.554,-0.537,1.0,,0.0,,,,,
RUBICON.NS,RUBICON.NS,Unknown,2026-10-01,1630.9000244140625,DISTRIBUTION,0.67,medium,,,0.167,0.0,-0.5,1.0,1.0,,0.0,,,,,
RUBYMILLS.NS,RUBYMILLS.NS,Unknown,2026-10-01,499.6499938964844,EXPANSION,0.67,low,,,0.808,1.0,0.5,0.923,-1.0,,0.0,,,,,
RUCHINFRA.NS,RUCHINFRA.NS,Unknown,2026-10-01,4.840000152587891,CONTRACTION,0.44,low,,,-0.191,0.0,-0.5,-0.073,1.0,,0.0,,,,,
RUCHIRA.NS,RUCHIRA.NS,Unknown,2026-10-01,101.30999755859375,ACCUMULATION,0.67,low,CONTRACTION,3/5,-0.663,-1.0,-0.925,-0.063,-1.0,,0.0,,,,,
RUPA.NS,RUPA.NS,Unknown,2026-10-01,130.5800018310547,ACCUMULATION,0.44,low,CONTRACTION,2/5,-0.524,-1.0,-0.786,0.213,1.0,,0.0,,,,,
RUSHIL.NS,RUSHIL.NS,Unknown,2026-10-01,15.899999618530273,EXPANSION,0.44,low,ACCUMULATION,3/5,-0.165,-1.0,0.083,0.421,-0.4,,0.0,,,,,
RUSTOMJEE.NS,RUSTOMJEE.NS,Unknown,2026-10-01,361.25,ACCUMULATION,0.44,medium,,,0.231,0.0,0.843,-0.15,-1.0,,0.0,,,,,
RVHL.NS,RVHL.NS,Unknown,2026-10-01,37.22999954223633,EXPANSION,0.67,low,CONTRACTION,2/5,-0.54,-1.0,-0.504,-0.117,-0.4,,0.0,,,,,
RVNL.NS,RVNL.NS,Unknown,2026-10-01,197.0,ACCUMULATION,0.44,low,,,-0.271,0.0,0.125,-0.937,0.0,,0.0,,,,,
RVTH.NS,RVTH.NS,Unknown,2026-10-01,776.7000122070312,DISTRIBUTION,0.67,low,EXPANSION,1/5,0.474,0.0,0.5,0.923,0.0,,0.0,,,,,
S&SPOWER.NS,S&SPOWER.NS,Unknown,2026-10-01,294.1000061035156,CONTRACTION,0.67,low,,,-0.658,-1.0,-0.515,-0.458,1.0,,0.0,,,,,
SAATVIKGL.NS,SAATVIKGL.NS,Unknown,2026-10-01,405.54998779296875,EXPANSION,0.44,low,ACCUMULATION,1/5,0.128,0.0,0.599,-0.216,0.0,,0.0,,,,,
SADBHAV.NS,SADBHAV.NS,Unknown,2026-10-01,6.800000190734863,DISTRIBUTION,0.44,low,CONTRACTION,2/5,-0.479,-1.0,-0.5,0.063,0.0,,0.0,,,,,
SADBHIN.NS,SADBHIN.NS,Unknown,2026-10-01,2.619999885559082,EXPANSION,0.67,low,,,0.844,1.0,0.738,0.793,-0.111,,0.0,,,,,
SADHNANIQ.NS,SADHNANIQ.NS,Unknown,2026-10-01,2.4700000286102295,EXPANSION,0.44,low,CONTRACTION,3/5,-0.359,-1.0,-0.967,0.89,1.0,,0.0,,,,,
SAFARI.NS,SAFARI.NS,Unknown,2026-10-01,1378.800048828125,CONTRACTION,0.44,low,,,-0.286,0.0,-0.559,-0.298,0.0,,0.0,,,,,
SAGARDEEP.NS,SAGARDEEP.NS,Unknown,2026-10-01,22.520000457763672,CONTRACTION,0.44,low,,,-0.602,-1.0,-0.957,0.15,-1.0,,0.0,,,,,
SAGCEM.NS,SAGCEM.NS,Unknown,2026-10-01,150.00999450683594,ACCUMULATION,0.67,medium,,,-0.271,-1.0,0.56,-0.373,0.0,,0.0,,,,,
SAGILITY.NS,SAGILITY.NS,Unknown,2026-10-01,43.16999816894531,DISTRIBUTION,0.67,medium,,,0.179,1.0,-0.504,0.04,1.0,,0.0,,,,,
SAHYADRI.NS,SAHYADRI.NS,Unknown,2026-10-01,355.6499938964844,DISTRIBUTION,0.67,medium,,,0.114,0.0,-0.53,0.873,0.0,,0.0,,,,,
SAIL.NS,SAIL.NS,Unknown,2026-10-01,174.5,ACCUMULATION,0.67,high,,,-0.369,-1.0,0.694,-0.801,-1.0,,0.0,,,,,
SAILIFE.NS,SAILIFE.NS,Unknown,2026-10-01,1541.199951171875,DISTRIBUTION,0.44,low,,,-0.169,-1.0,-0.506,1.0,-1.0,,0.0,,,,,
SAKAR.NS,SAKAR.NS,Unknown,2026-10-01,1075.0,EXPANSION,0.44,low,CONTRACTION,3/5,-0.488,-1.0,-0.984,0.52,0.429,,0.0,,,,,
SAKHTISUG.NS,SAKHTISUG.NS,Unknown,2026-10-01,17.579999923706055,DISTRIBUTION,0.67,high,,,0.459,1.0,-0.5,0.877,1.0,,0.0,,,,,
SAKSOFT.NS,SAKSOFT.NS,Unknown,2026-10-01,139.3300018310547,CONTRACTION,0.67,low,,,-0.702,-1.0,-0.945,-0.162,1.0,,0.0,,,,,
SAKUMA.NS,SAKUMA.NS,Unknown,2026-10-01,1.5399999618530273,EXPANSION,0.67,low,,,0.783,1.0,0.952,0.397,0.0,,0.0,,,,,
SALASAR.NS,SALASAR.NS,Unknown,2026-10-01,4.130000114440918,ACCUMULATION,0.67,low,CONTRACTION,2/5,-0.921,-1.0,-0.91,-0.854,0.0,,0.0,,,,,
SALONA.NS,SALONA.NS,Unknown,2026-10-01,254.35000610351562,EXPANSION,0.44,low,,,0.285,1.0,0.203,-0.348,-1.0,,0.0,,,,,
SALSTEEL.NS,SALSTEEL.NS,Unknown,2026-10-01,98.91999816894531,EXPANSION,0.67,low,,,0.841,1.0,0.978,0.545,-1.0,,0.0,,,,,
SALZERELEC.NS,SALZERELEC.NS,Unknown,2026-10-01,530.9000244140625,ACCUMULATION,0.44,low,CONTRACTION,3/5,-0.448,-1.0,-0.689,0.344,1.0,,0.0,,,,,
SAMBHAAV.NS,SAMBHAAV.NS,Unknown,2026-10-01,5.420000076293945,ACCUMULATION,0.44,low,DISTRIBUTION,1/5,-0.005,1.0,-0.392,-0.622,0.0,,0.0,,,,,
SAMBHV.NS,SAMBHV.NS,Unknown,2026-10-01,161.4499969482422,EXPANSION,0.67,low,,,0.564,0.0,0.692,1.0,1.0,,0.0,,,,,
SAMHI.NS,SAMHI.NS,Unknown,2026-10-01,154.3699951171875,EXPANSION,0.67,low,CONTRACTION,3/5,-0.638,-1.0,-0.869,-0.046,1.0,,0.0,,,,,
SAMMAANCAP.NS,SAMMAANCAP.NS,Unknown,2026-10-01,132.47999572753906,CONTRACTION,0.67,low,,,-0.773,-1.0,-0.514,-0.805,1.0,,0.0,,,,,
SAMPANN.NS,SAMPANN.NS,Unknown,2026-10-01,24.010000228881836,EXPANSION,0.44,medium,ACCUMULATION,2/5,-0.067,0.0,0.645,-0.846,-1.0,,0.0,,,,,
SANATHAN.NS,SANATHAN.NS,Unknown,2026-10-01,504.3500061035156,EXPANSION,0.67,low,,,0.834,1.0,0.503,1.0,0.0,,0.0,,,,,
SANDESH.NS,SANDESH.NS,Unknown,2026-10-01,990.0499877929688,EXPANSION,0.67,high,DISTRIBUTION,3/5,-0.056,0.0,-0.979,0.81,0.0,,0.0,,,,,
SANDHAR.NS,SANDHAR.NS,Unknown,2026-10-01,563.8499755859375,CONTRACTION,0.67,low,,,-0.637,-1.0,-0.5,-0.411,-0.429,,0.0,,,,,
SANDUMA.NS,SANDUMA.NS,Unknown,2026-10-01,177.6699981689453,CONTRACTION,0.67,low,,,-0.856,-1.0,-0.576,-0.993,-1.0,,0.0,,,,,
SANGAMIND.NS,SANGAMIND.NS,Unknown,2026-10-01,634.5499877929688,EXPANSION,0.67,low,,,0.917,1.0,0.979,0.773,0.0,,0.0,,,,,
SANGHVIMOV.NS,SANGHVIMOV.NS,Unknown,2026-10-01,429.5,EXPANSION,0.67,low,,,0.777,1.0,0.863,0.467,-1.0,,0.0,,,,,
SANOFI.NS,SANOFI.NS,Unknown,2026-10-01,3037.39990234375,ACCUMULATION,0.44,medium,,,0.134,-1.0,0.938,0.465,-1.0,,0.0,,,,,
SANOFICONR.NS,SANOFICONR.NS,Unknown,2026-10-01,3787.199951171875,ACCUMULATION,0.67,low,CONTRACTION,1/5,-0.756,-1.0,-0.681,-0.587,1.0,,0.0,,,,,
SANSERA.NS,SANSERA.NS,Unknown,2026-10-01,4276.60009765625,EXPANSION,0.44,low,ACCUMULATION,2/5,0.08,-1.0,0.436,0.805,-1.0,,0.0,,,,,
SANSTAR.NS,SANSTAR.NS,Unknown,2026-10-01,103.0,DISTRIBUTION,0.67,medium,,,-0.201,0.0,-0.972,0.368,1.0,,0.0,,,,,
SANWARIA.NS,SANWARIA.NS,Unknown,2026-10-01,0.1899999976158142,EXPANSION,0.67,low,,,0.335,0.0,0.639,0.367,1.0,,0.0,,,,,
SAPPHIRE.NS,SAPPHIRE.NS,Unknown,2026-10-01,209.82000732421875,DISTRIBUTION,0.44,low,CONTRACTION,1/5,-0.37,-1.0,-0.972,0.861,1.0,,0.0,,,,,
SARDAEN.NS,SARDAEN.NS,Unknown,2026-10-01,494.75,CONTRACTION,0.67,low,,,-0.819,-1.0,-0.623,-0.834,1.0,,0.0,,,,,
SAREGAMA.NS,SAREGAMA.NS,Unknown,2026-10-01,494.75,EXPANSION,0.67,low,DISTRIBUTION,1/5,0.096,0.0,-0.352,0.641,1.0,,0.0,,,,,
SARLAPOLY.NS,SARLAPOLY.NS,Unknown,2026-10-01,92.0199966430664,CONTRACTION,0.44,low,,,-0.375,-1.0,-0.281,0.156,-1.0,,0.0,,,,,
SARVESHWAR.NS,SARVESHWAR.NS,Unknown,2026-10-01,3.440000057220459,DISTRIBUTION,0.67,medium,,,-0.087,0.0,-0.854,0.593,-1.0,,0.0,,,,,
SASKEN.NS,SASKEN.NS,Unknown,2026-10-01,1720.5,DISTRIBUTION,0.44,low,ACCUMULATION,1/5,-0.159,-1.0,0.139,0.385,0.0,,0.0,,,,,
SATIA.NS,SATIA.NS,Unknown,2026-10-01,68.33999633789062,EXPANSION,0.67,low,,,0.8,1.0,0.5,0.9,-1.0,,0.0,,,,,
SATIN.NS,SATIN.NS,Unknown,2026-10-01,227.47000122070312,EXPANSION,0.67,low,,,0.307,0.0,0.53,0.39,-1.0,,0.0,,,,,
SAURASHCEM.NS,SAURASHCEM.NS,Unknown,2026-10-01,53.369998931884766,CONTRACTION,0.67,low,EXPANSION,2/5,0.382,0.0,0.969,0.176,-1.0,,0.0,,,,,
SBC.NS,SBC.NS,Unknown,2026-10-01,58.540000915527344,EXPANSION,0.67,low,,,0.742,1.0,0.907,0.318,-1.0,,0.0,,,,,
SBCL.NS,SBCL.NS,Unknown,2026-10-01,1066.4000244140625,DISTRIBUTION,0.67,medium,,,0.115,0.0,-0.525,0.87,-1.0,,0.0,,,,,
SBFC.NS,SBFC.NS,Unknown,2026-10-01,84.19000244140625,CONTRACTION,0.44,low,,,-0.264,0.0,-0.502,-0.289,1.0,,0.0,,,,,
SBGLP.NS,SBGLP.NS,Unknown,2026-10-01,22.75,EXPANSION,0.44,low,ACCUMULATION,2/5,-0.061,-1.0,0.494,0.323,-1.0,,0.0,,,,,
SBICARD.NS,SBICARD.NS,Unknown,2026-10-01,563.2000122070312,CONTRACTION,0.67,low,,,-0.59,-1.0,-0.515,-0.255,0.0,,0.0,,,,,
SBILIFE.NS,SBILIFE.NS,Unknown,2026-10-01,1721.5999755859375,ACCUMULATION,0.67,medium,,,-0.468,-1.0,0.391,-0.795,-1.0,,0.0,,,,,
SBIN.NS,SBIN.NS,Unknown,2026-10-01,954.0999755859375,CONTRACTION,0.44,low,,,-0.498,0.0,-0.5,-0.993,0.111,,0.0,,,,,
SCHAEFFLER.NS,SCHAEFFLER.NS,Unknown,2026-10-01,3885.60009765625,ACCUMULATION,0.44,low,CONTRACTION,1/5,-0.423,0.0,-0.583,-0.685,0.0,,0.0,,,,,
SCHAND.NS,SCHAND.NS,Unknown,2026-10-01,143.57000732421875,EXPANSION,0.67,low,,,0.244,0.0,0.5,0.231,0.143,,0.0,,,,,
SCHNEIDER.NS,SCHNEIDER.NS,Unknown,2026-10-01,1275.4000244140625,EXPANSION,0.67,low,,,0.395,1.0,0.098,0.086,0.0,,0.0,,,,,
SCI.NS,SCI.NS,Unknown,2026-10-01,267.04998779296875,CONTRACTION,0.67,low,,,-0.77,-1.0,-0.513,-0.798,-1.0,,0.0,,,,,
SCILAL.NS,SCILAL.NS,Unknown,2026-10-01,36.650001525878906,ACCUMULATION,0.44,low,CONTRACTION,2/5,-0.586,0.0,-0.856,-0.903,-1.0,,0.0,,,,,
SCODATUBES.NS,SCODATUBES.NS,Unknown,2026-10-01,123.0,ACCUMULATION,0.44,medium,,,-0.051,0.0,0.622,-0.774,-1.0,,0.0,,,,,
SCPL.NS,SCPL.NS,Unknown,2026-10-01,620.4500122070312,DISTRIBUTION,0.67,low,,,0.016,0.0,-0.5,0.548,0.0,,0.0,,,,,
SDBL.NS,SDBL.NS,Unknown,2026-10-01,74.94000244140625,CONTRACTION,0.67,low,EXPANSION,3/5,0.456,0.0,0.961,0.407,0.0,,0.0,,,,,
SEAMECLTD.NS,SEAMECLTD.NS,Unknown,2026-10-01,1594.699951171875,DISTRIBUTION,0.44,medium,,,0.134,1.0,-0.507,-0.09,0.0,,0.0,,,,,
SECMARK.NS,SECMARK.NS,Unknown,2026-10-01,137.47999572753906,DISTRIBUTION,0.67,low,,,0.065,0.0,-0.52,0.716,0.0,,0.0,,,,,
SECURKLOUD.NS,SECURKLOUD.NS,Unknown,2026-10-01,16.770000457763672,ACCUMULATION,0.44,low,EXPANSION,3/5,0.242,1.0,0.515,-0.79,1.0,,0.0,,,,,
SEJALLTD.NS,SEJALLTD.NS,Unknown,2026-10-01,656.5,EXPANSION,0.67,medium,ACCUMULATION,3/5,-0.425,-1.0,0.337,-0.613,0.0,,0.0,,,,,
SEMAC.NS,SEMAC.NS,Unknown,2026-10-01,241.99000549316406,ACCUMULATION,0.67,low,CONTRACTION,3/5,-0.685,-1.0,-0.935,-0.12,0.778,,0.0,,,,,
SENCO.NS,SENCO.NS,Unknown,2026-10-01,317.3999938964844,CONTRACTION,0.44,low,,,-0.409,-1.0,-0.503,0.275,-1.0,,0.0,,,,,
SENORES.NS,SENORES.NS,Unknown,2026-10-01,1349.5999755859375,DISTRIBUTION,0.44,low,,,-0.167,-1.0,-0.5,1.0,1.0,,0.0,,,,,
SEPC.NS,SEPC.NS,Unknown,2026-10-01,5.079999923706055,CONTRACTION,0.67,medium,ACCUMULATION,3/5,-0.251,-1.0,0.527,-0.281,-1.0,,0.0,,,,,
SERVOTECH.NS,SERVOTECH.NS,Unknown,2026-10-01,69.19999694824219,CONTRACTION,0.67,medium,ACCUMULATION,3/5,-0.126,-1.0,0.705,-0.083,0.0,,0.0,,,,,
SESHAPAPER.NS,SESHAPAPER.NS,Unknown,2026-10-01,236.35000610351562,DISTRIBUTION,0.67,medium,,,-0.166,0.0,-0.961,0.463,-0.714,,0.0,,,,,
SETCO.NS,SETCO.NS,Unknown,2026-10-01,18.1299991607666,EXPANSION,0.44,low,ACCUMULATION,2/5,0.216,0.0,0.705,-0.057,-1.0,,0.0,,,,,
SETL.NS,SETL.NS,Unknown,2026-10-01,416.95001220703125,DISTRIBUTION,0.67,medium,,,0.161,0.0,-0.517,1.0,-0.25,,0.0,,,,,
SETUINFRA.NS,SETUINFRA.NS,Unknown,2026-10-01,0.5099999904632568,DISTRIBUTION,0.67,high,,,0.366,1.0,-0.619,0.717,1.0,,0.0,,,,,
SEYAIND.NS,SEYAIND.NS,Unknown,2026-10-01,13.1899995803833,EXPANSION,0.67,medium,DISTRIBUTION,1/5,0.341,1.0,-0.5,0.522,-1.0,,0.0,,,,,
SFL.NS,SFL.NS,Unknown,2026-10-01,616.6500244140625,CONTRACTION,0.44,low,,,-0.463,-1.0,-0.886,0.497,1.0,,0.0,,,,,
SGFIN.NS,SGFIN.NS,Unknown,2026-10-01,631.8499755859375,DISTRIBUTION,0.44,low,EXPANSION,1/5,0.167,-1.0,0.5,1.0,0.0,,0.0,,,,,
SGIL.NS,SGIL.NS,Unknown,2026-10-01,613.8499755859375,EXPANSION,0.67,low,,,0.474,0.0,0.971,0.452,-1.0,,0.0,,,,,
SGL.NS,SGL.NS,Unknown,2026-10-01,8.5,CONTRACTION,0.67,low,,,-0.693,-1.0,-0.546,-0.532,1.0,,0.0,,,,,
SGMART.NS,SGMART.NS,Unknown,2026-10-01,742.2000122070312,DISTRIBUTION,0.67,medium,,,0.167,0.0,-0.5,1.0,0.0,,0.0,,,,,
SHAH.NS,SHAH.NS,Unknown,2026-10-01,3.0299999713897705,CONTRACTION,0.67,low,,,-0.856,-1.0,-0.575,-0.993,-0.333,,0.0,,,,,
SHAHALLOYS.NS,SHAHALLOYS.NS,Unknown,2026-10-01,85.37000274658203,DISTRIBUTION,0.44,low,CONTRACTION,3/5,-0.25,-1.0,-0.502,0.753,1.0,,0.0,,,,,
SHAILY.NS,SHAILY.NS,Unknown,2026-10-01,3009.10009765625,CONTRACTION,0.44,low,,,-0.439,-1.0,-0.506,0.189,0.2,,0.0,,,,,
SHAKTIPUMP.NS,SHAKTIPUMP.NS,Unknown,2026-10-01,454.1000061035156,CONTRACTION,0.67,low,ACCUMULATION,2/5,-0.252,-1.0,0.322,-0.079,1.0,,0.0,,,,,
SHALBY.NS,SHALBY.NS,Unknown,2026-10-01,133.5500030517578,ACCUMULATION,0.44,medium,,,0.139,0.0,0.78,-0.364,1.0,,0.0,,,,,
SHALPAINTS.NS,SHALPAINTS.NS,Unknown,2026-10-01,78.33999633789062,CONTRACTION,0.67,medium,DISTRIBUTION,1/5,0.123,0.0,-0.5,0.87,0.0,,0.0,,,,,
SHANKARA.NS,SHANKARA.NS,Unknown,2026-10-01,124.4000015258789,CONTRACTION,0.44,low,,,-0.359,-1.0,-0.5,0.423,0.0,,0.0,,,,,
SHANTI.NS,SHANTI.NS,Unknown,2026-10-01,5.5,DISTRIBUTION,0.44,low,CONTRACTION,1/5,-0.308,-1.0,-0.507,0.582,1.0,,0.0,,,,,
SHANTIGEAR.NS,SHANTIGEAR.NS,Unknown,2026-10-01,573.6500244140625,CONTRACTION,0.44,low,,,-0.271,-1.0,-0.738,0.924,0.5,,0.0,,,,,
SHANTIGOLD.NS,SHANTIGOLD.NS,Unknown,2026-10-01,303.54998779296875,EXPANSION,0.67,low,,,0.66,0.0,0.98,1.0,-1.0,,0.0,,,,,
SHARDACROP.NS,SHARDACROP.NS,Unknown,2026-10-01,709.2000122070312,ACCUMULATION,0.44,low,CONTRACTION,2/5,-0.621,0.0,-0.871,-0.993,1.0,,0.0,,,,,
SHARDAMOTR.NS,SHARDAMOTR.NS,Unknown,2026-10-01,928.7999877929688,EXPANSION,0.67,low,DISTRIBUTION,2/5,0.023,0.0,-0.543,0.613,0.0,,0.0,,,,,
SHAREINDIA.NS,SHAREINDIA.NS,Unknown,2026-10-01,205.08999633789062,EXPANSION,0.67,high,DISTRIBUTION,3/5,0.025,0.0,-0.893,0.967,-1.0,,0.0,,,,,
SHEKHAWATI.NS,SHEKHAWATI.NS,Unknown,2026-10-01,30.100000381469727,EXPANSION,0.67,low,,,0.833,1.0,0.505,0.993,-1.0,,0.0,,,,,
SHEMAROO.NS,SHEMAROO.NS,Unknown,2026-10-01,115.20999908447266,EXPANSION,0.67,high,DISTRIBUTION,1/5,0.302,1.0,-0.672,0.579,-0.333,,0.0,,,,,
SHILPAMED.NS,SHILPAMED.NS,Unknown,2026-10-01,1064.0999755859375,EXPANSION,0.67,low,,,0.397,0.0,0.228,0.964,1.0,,0.0,,,,,
SHIVALIK.NS,SHIVALIK.NS,Unknown,2026-10-01,394.04998779296875,EXPANSION,0.67,medium,DISTRIBUTION,1/5,0.075,0.0,-0.75,0.974,-1.0,,0.0,,,,,
SHIVAMAUTO.NS,SHIVAMAUTO.NS,Unknown,2026-10-01,17.06999969482422,ACCUMULATION,0.67,low,DISTRIBUTION,1/5,0.059,0.0,-0.397,0.573,-1.0,,0.0,,,,,
SHIVAMILLS.NS,SHIVAMILLS.NS,Unknown,2026-10-01,56.59000015258789,DISTRIBUTION,0.44,low,CONTRACTION,1/5,-0.37,-1.0,-0.53,0.421,0.0,,0.0,,,,,
SHIVATEX.NS,SHIVATEX.NS,Unknown,2026-10-01,172.60000610351562,DISTRIBUTION,0.44,low,CONTRACTION,3/5,-0.184,-1.0,-0.506,0.953,0.818,,0.0,,,,,
SHIVAUM.NS,SHIVAUM.NS,Unknown,2026-10-01,554.5999755859375,EXPANSION,0.67,low,,,0.833,1.0,0.501,0.997,0.0,,0.0,,,,,
SHK.NS,SHK.NS,Unknown,2026-10-01,137.86000061035156,ACCUMULATION,0.67,medium,DISTRIBUTION,3/5,-0.187,0.0,-0.945,0.384,-1.0,,0.0,,,,,
SHOPERSTOP.NS,SHOPERSTOP.NS,Unknown,2026-10-01,404.70001220703125,EXPANSION,0.67,low,,,0.517,0.0,0.606,0.944,-0.5,,0.0,,,,,
SHRADHA.NS,SHRADHA.NS,Unknown,2026-10-01,29.889999389648438,CONTRACTION,0.44,medium,ACCUMULATION,2/5,0.057,-1.0,0.762,0.408,-1.0,,0.0,,,,,
SHREDIGCEM.NS,SHREDIGCEM.NS,Unknown,2026-10-01,66.69000244140625,CONTRACTION,0.44,low,DISTRIBUTION,3/5,0.084,1.0,-0.5,-0.248,-1.0,,0.0,,,,,
SHREECEM.NS,SHREECEM.NS,Unknown,2026-10-01,21900.0,ACCUMULATION,0.67,high,,,-0.181,-1.0,0.87,-0.414,1.0,,0.0,,,,,
SHREEJISPG.NS,SHREEJISPG.NS,Unknown,2026-10-01,775.3499755859375,DISTRIBUTION,0.67,low,EXPANSION,3/5,0.991,1.0,0.973,1.0,-1.0,,0.0,,,,,
SHREEPUSHK.NS,SHREEPUSHK.NS,Unknown,2026-10-01,491.5,EXPANSION,0.67,medium,DISTRIBUTION,2/5,-0.087,0.0,-0.977,0.715,1.0,,0.0,,,,,
SHREERAMA.NS,SHREERAMA.NS,Unknown,2026-10-01,43.15999984741211,CONTRACTION,0.67,low,,,-0.671,-1.0,-0.66,-0.352,0.0,,0.0,,,,,
SHRENIK.NS,SHRENIK.NS,Unknown,2026-10-01,0.2800000011920929,ACCUMULATION,0.44,low,,,-0.087,0.0,0.5,-0.76,0.0,,0.0,,,,,
SHREYANIND.NS,SHREYANIND.NS,Unknown,2026-10-01,126.29000091552734,ACCUMULATION,0.67,low,DISTRIBUTION,1/5,-0.129,0.0,-0.5,0.114,-0.333,,0.0,,,,,
SHRINGARMS.NS,SHRINGARMS.NS,Unknown,2026-10-01,221.30999755859375,EXPANSION,0.67,low,,,0.72,1.0,0.969,0.191,0.0,,0.0,,,,,
SHRIPISTON.NS,SHRIPISTON.NS,Unknown,2026-10-01,4490.5,ACCUMULATION,0.67,low,EXPANSION,3/5,0.476,0.0,0.931,0.498,0.0,,0.0,,,,,
SHRIRAMFIN.NS,SHRIRAMFIN.NS,Unknown,2026-10-01,945.0,CONTRACTION,0.67,low,,,-0.768,-1.0,-0.5,-0.805,0.0,,0.0,,,,,
SHRIRAMPPS.NS,SHRIRAMPPS.NS,Unknown,2026-10-01,67.36000061035156,ACCUMULATION,0.44,low,CONTRACTION,1/5,-0.372,0.0,-0.479,-0.636,-1.0,,0.0,,,,,
SHYAMCENT.NS,SHYAMCENT.NS,Unknown,2026-10-01,5.0,EXPANSION,0.67,low,,,0.432,0.0,0.5,0.796,0.0,,0.0,,,,,
SHYAMMETL.NS,SHYAMMETL.NS,Unknown,2026-10-01,1047.800048828125,EXPANSION,0.67,medium,DISTRIBUTION,3/5,-0.057,0.0,-0.898,0.728,0.0,,0.0,,,,,
SHYAMTEL.NS,SHYAMTEL.NS,Unknown,2026-10-01,10.319999694824219,ACCUMULATION,0.44,low,,,0.042,0.0,0.52,-0.393,1.0,,0.0,,,,,
SICALLOG.NS,SICALLOG.NS,Unknown,2026-10-01,87.08000183105469,DISTRIBUTION,0.44,low,CONTRACTION,2/5,-0.272,-1.0,-0.5,0.685,-0.111,,0.0,,,,,
SIEMENS.NS,SIEMENS.NS,Unknown,2026-10-01,3804.0,DISTRIBUTION,0.44,low,CONTRACTION,1/5,-0.313,-1.0,-0.5,0.561,1.0,,0.0,,,,,
SIGACHI.NS,SIGACHI.NS,Unknown,2026-10-01,28.34000015258789,DISTRIBUTION,0.44,low,CONTRACTION,2/5,-0.203,-1.0,-0.507,0.897,1.0,,0.0,,,,,
SIGIND.NS,SIGIND.NS,Unknown,2026-10-01,67.41999816894531,DISTRIBUTION,0.67,medium,,,0.123,0.0,-0.5,0.87,0.0,,0.0,,,,,
SIGMA.NS,SIGMA.NS,Unknown,2026-10-01,44.90999984741211,CONTRACTION,0.44,low,,,-0.432,-1.0,-0.513,0.216,-1.0,GARTLEY,0.0,,,,,
SIGMAADV.NS,SIGMAADV.NS,Unknown,2026-10-01,1076.9000244140625,EXPANSION,0.67,low,,,0.806,1.0,0.507,0.91,0.091,,0.0,,,,,
SIGNATURE.NS,SIGNATURE.NS,Unknown,2026-10-01,737.4500122070312,EXPANSION,0.44,low,,,0.48,1.0,0.505,-0.064,-1.0,,0.0,,,,,
SIGNPOST.NS,SIGNPOST.NS,Unknown,2026-10-01,259.3999938964844,ACCUMULATION,0.44,low,CONTRACTION,2/5,-0.589,-1.0,-0.873,0.107,0.0,,0.0,,,,,
SIKKO.NS,SIKKO.NS,Unknown,2026-10-01,6.21999979019165,EXPANSION,0.67,medium,DISTRIBUTION,1/5,0.477,1.0,-0.29,0.72,-1.0,,0.0,,,,,
SIL.NS,SIL.NS,Unknown,2026-10-01,15.829999923706055,DISTRIBUTION,0.67,low,,,0.094,0.0,-0.5,0.783,1.0,,0.0,,,,,
SILGO.NS,SILGO.NS,Unknown,2026-10-01,70.16999816894531,ACCUMULATION,0.44,medium,,,-0.056,0.0,0.783,-0.95,0.0,,0.0,,,,,
SILINV.NS,SILINV.NS,Unknown,2026-10-01,424.54998779296875,DISTRIBUTION,0.67,medium,,,0.349,1.0,-0.5,0.547,0.0,,0.0,,,,,
SILVERTUC.NS,SILVERTUC.NS,Unknown,2026-10-01,138.67999267578125,CONTRACTION,0.67,medium,DISTRIBUTION,3/5,-0.254,0.0,-0.967,0.205,1.0,,0.0,,,,,
SIMBHALS.NS,SIMBHALS.NS,Unknown,2026-10-01,6.71999979019165,DISTRIBUTION,0.67,low,EXPANSION,1/5,0.293,0.0,0.5,0.379,-0.5,,0.0,,,,,
SIMPLEXINF.NS,SIMPLEXINF.NS,Unknown,2026-10-01,245.00999450683594,DISTRIBUTION,0.44,low,CONTRACTION,2/5,-0.267,-1.0,-0.5,0.7,1.0,,0.0,,,,,
SINCLAIR.NS,SINCLAIR.NS,Unknown,2026-10-01,76.70999908447266,DISTRIBUTION,0.44,low,CONTRACTION,1/5,-0.383,-1.0,-0.635,0.487,-0.111,,0.0,,,,,
SINDHUTRAD.NS,SINDHUTRAD.NS,Unknown,2026-10-01,22.229999542236328,CONTRACTION,0.67,low,,,-0.644,-1.0,-0.516,-0.417,0.333,,0.0,,,,,
SINTERCOM.NS,SINTERCOM.NS,Unknown,2026-10-01,75.87000274658203,EXPANSION,0.67,low,,,0.482,0.0,0.689,0.756,-0.333,,0.0,,,,,
SIRCA.NS,SIRCA.NS,Unknown,2026-10-01,401.54998779296875,CONTRACTION,0.67,low,,,-0.602,-1.0,-0.5,-0.305,1.0,,0.0,,,,,
SIS.NS,SIS.NS,Unknown,2026-10-01,412.8500061035156,DISTRIBUTION,0.44,low,CONTRACTION,3/5,-0.365,-1.0,-0.505,0.409,-0.25,,0.0,,,,,
SITINET.NS,SITINET.NS,Unknown,2026-10-01,0.27000001072883606,ACCUMULATION,0.44,low,,,0.033,0.0,0.146,-0.047,0.0,,0.0,,,,,
SIYSIL.NS,SIYSIL.NS,Unknown,2026-10-01,531.5499877929688,ACCUMULATION,0.44,medium,,,-0.04,-1.0,0.738,0.142,0.0,,0.0,,,,,
SJS.NS,SJS.NS,Unknown,2026-10-01,2159.800048828125,DISTRIBUTION,0.44,low,CONTRACTION,2/5,-0.359,0.0,-0.786,-0.292,0.0,,0.0,,,,,
SJVN.NS,SJVN.NS,Unknown,2026-10-01,57.90999984741211,CONTRACTION,0.67,low,,,-0.708,-1.0,-0.636,-0.487,0.0,,0.0,,,,,
SKFINDIA.NS,SKFINDIA.NS,Unknown,2026-10-01,1450.199951171875,EXPANSION,0.67,medium,DISTRIBUTION,3/5,-0.148,0.0,-0.871,0.427,0.0,,0.0,,,,,
SKIPPER.NS,SKIPPER.NS,Unknown,2026-10-01,541.2000122070312,CONTRACTION,0.44,low,,,-0.317,-1.0,-0.52,0.568,-1.0,,0.0,,,,,
SKMEGGPROD.NS,SKMEGGPROD.NS,Unknown,2026-10-01,205.2899932861328,CONTRACTION,0.67,low,,,-0.689,-1.0,-0.5,-0.566,-1.0,,0.0,,,,,
SKYGOLD.NS,SKYGOLD.NS,Unknown,2026-10-01,810.6500244140625,DISTRIBUTION,0.67,high,,,0.423,1.0,-0.5,0.768,-0.25,,0.0,,,,,
SMARTLINK.NS,SMARTLINK.NS,Unknown,2026-10-01,212.10000610351562,DISTRIBUTION,0.44,low,CONTRACTION,2/5,-0.302,-1.0,-0.629,0.724,0.6,,0.0,,,,,
SMARTWORKS.NS,SMARTWORKS.NS,Unknown,2026-10-01,510.6499938964844,DISTRIBUTION,0.44,low,,,-0.174,-1.0,-0.522,1.0,-1.0,,0.0,,,,,
SMCGLOBAL.NS,SMCGLOBAL.NS,Unknown,2026-10-01,99.05999755859375,DISTRIBUTION,0.67,low,EXPANSION,3/5,0.887,1.0,0.93,0.73,0.0,,0.0,,,,,
SMLMAH.NS,SMLMAH.NS,Unknown,2026-10-01,6251.0,DISTRIBUTION,0.67,medium,,,-0.193,0.0,-0.928,0.348,-1.0,,0.0,,,,,
SMLT.NS,SMLT.NS,Unknown,2026-10-01,74.18000030517578,ACCUMULATION,0.44,low,EXPANSION,1/5,0.25,-1.0,0.75,1.0,0.0,,0.0,,,,,
SMSPHARMA.NS,SMSPHARMA.NS,Unknown,2026-10-01,471.29998779296875,ACCUMULATION,0.44,low,,,0.129,0.0,0.5,-0.113,-0.333,,0.0,,,,,
SNOWMAN.NS,SNOWMAN.NS,Unknown,2026-10-01,34.11000061035156,CONTRACTION,0.67,low,DISTRIBUTION,1/5,-0.096,0.0,-0.5,0.212,0.0,,0.0,,,,,
SOBHA.NS,SOBHA.NS,Unknown,2026-10-01,1213.0999755859375,ACCUMULATION,0.67,high,,,-0.394,-1.0,0.56,-0.741,-0.111,,0.0,,,,,
SOFTTECH.NS,SOFTTECH.NS,Unknown,2026-10-01,474.29998779296875,EXPANSION,0.67,low,DISTRIBUTION,1/5,0.079,0.0,-0.5,0.736,0.111,,0.0,,,,,
SOLARA.NS,SOLARA.NS,Unknown,2026-10-01,714.8499755859375,DISTRIBUTION,0.67,high,,,0.385,1.0,-0.789,0.944,-0.143,,0.0,,,,,
SOLARINDS.NS,SOLARINDS.NS,Unknown,2026-10-01,19400.0,EXPANSION,0.67,low,DISTRIBUTION,2/5,-0.055,0.0,-0.507,0.342,-1.0,,0.0,,,,,
SOLARWORLD.NS,SOLARWORLD.NS,Unknown,2026-10-01,125.55000305175781,EXPANSION,0.67,high,ACCUMULATION,2/5,-0.454,-1.0,0.639,-1.0,-0.273,,0.0,,,,,
SOLEX.NS,SOLEX.NS,Unknown,2026-10-01,670.9500122070312,EXPANSION,0.44,low,,,0.225,1.0,0.536,-0.86,0.0,,0.0,,,,,
SOMANYCERA.NS,SOMANYCERA.NS,Unknown,2026-10-01,614.2000122070312,EXPANSION,0.67,low,,,0.596,0.0,0.806,0.983,-1.0,,0.0,,,,,
SOMATEX.NS,SOMATEX.NS,Unknown,2026-10-01,75.76000213623047,CONTRACTION,0.67,high,ACCUMULATION,3/5,-0.497,-1.0,0.498,-0.99,-1.0,,0.0,,,,,
SOMICONVEY.NS,SOMICONVEY.NS,Unknown,2026-10-01,83.7300033569336,DISTRIBUTION,0.67,medium,,,-0.317,0.0,-0.984,0.033,-0.25,,0.0,,,,,
SONACOMS.NS,SONACOMS.NS,Unknown,2026-10-01,805.0,DISTRIBUTION,0.67,low,,,0.192,0.0,-0.232,0.808,-1.0,,0.0,,,,,
SONAMLTD.NS,SONAMLTD.NS,Unknown,2026-10-01,68.94999694824219,DISTRIBUTION,0.67,medium,,,0.134,0.0,-0.519,0.92,0.0,,0.0,,,,,
SONATSOFTW.NS,SONATSOFTW.NS,Unknown,2026-10-01,254.0500030517578,EXPANSION,0.67,medium,DISTRIBUTION,3/5,-0.105,0.0,-0.776,0.46,0.0,,0.0,,,,,
SOTL.NS,SOTL.NS,Unknown,2026-10-01,729.5,DISTRIBUTION,0.67,high,,,0.436,1.0,-0.501,0.808,-1.0,,0.0,,,,,
SOUTHBANK.NS,SOUTHBANK.NS,Unknown,2026-10-01,47.439998626708984,ACCUMULATION,0.44,medium,,,0.195,0.0,0.98,-0.394,-1.0,,0.0,,,,,
SOUTHWEST.NS,SOUTHWEST.NS,Unknown,2026-10-01,181.6999969482422,CONTRACTION,0.67,low,,,-0.847,-1.0,-0.548,-0.993,1.0,,0.0,,,,,
SPAL.NS,SPAL.NS,Unknown,2026-10-01,935.5999755859375,CONTRACTION,0.44,low,,,-0.327,-1.0,-0.507,0.525,-1.0,,0.0,,,,,
SPANDANA.NS,SPANDANA.NS,Unknown,2026-10-01,216.33999633789062,ACCUMULATION,0.67,low,CONTRACTION,1/5,-0.559,-1.0,-0.52,-0.156,1.0,,0.0,,,,,
SPARC.NS,SPARC.NS,Unknown,2026-10-01,194.1300048828125,EXPANSION,0.67,low,,,0.451,0.0,0.971,0.381,-1.0,,0.0,,,,,
SPCENET.NS,SPCENET.NS,Unknown,2026-10-01,3.240000009536743,CONTRACTION,0.67,low,EXPANSION,3/5,0.371,0.0,0.795,0.317,1.0,,0.0,,,,,
SPECIALITY.NS,SPECIALITY.NS,Unknown,2026-10-01,153.5,EXPANSION,0.67,low,,,0.846,1.0,0.56,0.977,-1.0,,0.0,,,,,
SPECTRUM.NS,SPECTRUM.NS,Unknown,2026-10-01,3853.39990234375,EXPANSION,0.67,low,,,0.832,1.0,0.5,0.997,-1.0,,0.0,,,,,
SPENCERS.NS,SPENCERS.NS,Unknown,2026-10-01,26.239999771118164,EXPANSION,0.67,medium,DISTRIBUTION,1/5,0.276,1.0,-0.346,0.175,1.0,,0.0,,,,,
SPIC.NS,SPIC.NS,Unknown,2026-10-01,62.22999954223633,CONTRACTION,0.44,low,,,-0.473,-1.0,-0.501,0.083,0.0,,0.0,,,,,
SPLIL.NS,SPLIL.NS,Unknown,2026-10-01,28.5,EXPANSION,0.67,low,,,0.592,1.0,0.242,0.535,-1.0,,0.0,,,,,
SPLPETRO.NS,SPLPETRO.NS,Unknown,2026-10-01,780.4500122070312,EXPANSION,0.67,high,DISTRIBUTION,3/5,0.216,1.0,-0.875,0.523,-0.333,,0.0,,,,,
SPMLINFRA.NS,SPMLINFRA.NS,Unknown,2026-10-01,159.30999755859375,CONTRACTION,0.67,low,,,-0.609,-1.0,-0.5,-0.328,0.0,,0.0,,,,,
SPORTKING.NS,SPORTKING.NS,Unknown,2026-10-01,208.5399932861328,DISTRIBUTION,0.67,low,,,-0.03,0.0,-0.501,0.41,-1.0,,0.0,,,,,
SRD.NS,SRD.NS,Unknown,2026-10-01,38.08000183105469,CONTRACTION,0.67,low,DISTRIBUTION,3/5,-0.262,0.0,-0.816,0.031,1.0,,0.0,,,,,
SREEL.NS,SREEL.NS,Unknown,2026-10-01,292.6000061035156,DISTRIBUTION,0.67,medium,,,0.144,0.0,-0.528,0.96,1.0,,0.0,,,,,
SRF.NS,SRF.NS,Unknown,2026-10-01,2486.199951171875,ACCUMULATION,0.67,low,CONTRACTION,1/5,-0.646,-1.0,-0.395,-0.543,0.0,,0.0,,,,,
SRGHFL.NS,SRGHFL.NS,Unknown,2026-10-01,135.77000427246094,CONTRACTION,0.44,low,,,-0.493,0.0,-0.5,-0.98,1.0,,0.0,,,,,
SRHHYPOLTD.NS,SRHHYPOLTD.NS,Unknown,2026-10-01,543.5999755859375,EXPANSION,0.44,low,CONTRACTION,1/5,-0.182,-1.0,-0.52,0.973,-1.0,,0.0,,,,,
SRM.NS,SRM.NS,Unknown,2026-10-01,398.75,CONTRACTION,0.67,low,,,-0.725,-1.0,-0.5,-0.674,1.0,,0.0,,,,,
SSDL.NS,SSDL.NS,Unknown,2026-10-01,69.38999938964844,EXPANSION,0.67,low,,,0.662,1.0,0.0,0.987,0.0,,0.0,,,,,
SSWL.NS,SSWL.NS,Unknown,2026-10-01,390.79998779296875,EXPANSION,0.67,low,,,0.955,1.0,0.892,0.973,-1.0,,0.0,,,,,
STALLION.NS,STALLION.NS,Unknown,2026-10-01,231.80999755859375,EXPANSION,0.44,low,,,0.212,-1.0,0.636,1.0,-1.0,GARTLEY,0.0,,,,,
STANLEY.NS,STANLEY.NS,Unknown,2026-10-01,136.22000122070312,EXPANSION,0.44,low,ACCUMULATION,1/5,0.011,-1.0,0.5,0.532,-1.0,,0.0,,,,,
STAR.NS,STAR.NS,Unknown,2026-10-01,1084.800048828125,DISTRIBUTION,0.44,medium,,,-0.082,1.0,-0.969,-0.278,0.0,,0.0,,,,,
STARCEMENT.NS,STARCEMENT.NS,Unknown,2026-10-01,178.38999938964844,ACCUMULATION,0.67,low,CONTRACTION,2/5,-0.919,-1.0,-0.961,-0.797,1.0,,0.0,,,,,
STARHEALTH.NS,STARHEALTH.NS,Unknown,2026-10-01,537.7000122070312,CONTRACTION,0.67,low,EXPANSION,1/5,0.036,0.0,0.073,0.036,1.0,,0.0,,,,,
STARPAPER.NS,STARPAPER.NS,Unknown,2026-10-01,151.80999755859375,CONTRACTION,0.44,low,,,-0.211,-1.0,-0.566,0.934,1.0,,0.0,,,,,
STARTECK.NS,STARTECK.NS,Unknown,2026-10-01,290.95001220703125,EXPANSION,0.67,low,,,0.705,1.0,0.619,0.497,0.0,,0.0,,,,,
STCINDIA.NS,STCINDIA.NS,Unknown,2026-10-01,105.95999908447266,CONTRACTION,0.67,low,,,-0.582,-1.0,-0.5,-0.246,-0.111,,0.0,,,,,
STEELCAS.NS,STEELCAS.NS,Unknown,2026-10-01,356.45001220703125,EXPANSION,0.67,low,,,0.503,0.0,0.738,0.771,0.0,,0.0,,,,,
STEELCITY.NS,STEELCITY.NS,Unknown,2026-10-01,80.11000061035156,DISTRIBUTION,0.67,low,,,-0.047,0.0,-0.547,0.407,0.0,,0.0,,,,,
STEELXIND.NS,STEELXIND.NS,Unknown,2026-10-01,11.220000267028809,DISTRIBUTION,0.44,low,CONTRACTION,1/5,-0.538,-1.0,-0.982,0.368,0.0,,0.0,,,,,
STEL.NS,STEL.NS,Unknown,2026-10-01,574.1500244140625,EXPANSION,0.67,high,DISTRIBUTION,3/5,0.255,1.0,-0.774,0.54,0.0,,0.0,,,,,
STERTOOLS.NS,STERTOOLS.NS,Unknown,2026-10-01,224.27999877929688,EXPANSION,0.67,low,,,0.471,0.0,0.619,0.794,0.0,,0.0,,,,,
STLNETWORK.NS,STLNETWORK.NS,Unknown,2026-10-01,47.18000030517578,EXPANSION,0.67,low,,,0.833,1.0,0.5,1.0,-1.0,,0.0,,,,,
STLTECH.NS,STLTECH.NS,Unknown,2026-10-01,955.3499755859375,EXPANSION,0.67,low,,,0.63,1.0,0.351,0.54,-0.385,,0.0,,,,,
STOVEKRAFT.NS,STOVEKRAFT.NS,Unknown,2026-10-01,809.1500244140625,CONTRACTION,0.44,low,,,-0.267,-1.0,-0.503,0.701,1.0,,0.0,,,,,
STUDDS.NS,STUDDS.NS,Unknown,2026-10-01,399.8500061035156,ACCUMULATION,0.44,low,CONTRACTION,3/5,-0.593,0.0,-0.78,-1.0,0.0,,0.0,,,,,
STYL.NS,STYL.NS,Unknown,2026-10-01,366.0,DISTRIBUTION,0.67,low,,,0.323,0.0,-0.031,1.0,0.0,,0.0,,,,,
STYLAMIND.NS,STYLAMIND.NS,Unknown,2026-10-01,3219.89990234375,EXPANSION,0.67,medium,DISTRIBUTION,2/5,-0.208,0.0,-0.828,0.205,-0.333,,0.0,,,,,
STYLEBAAZA.NS,STYLEBAAZA.NS,Unknown,2026-10-01,368.3500061035156,DISTRIBUTION,0.67,low,EXPANSION,3/5,0.622,1.0,0.376,0.49,-1.0,,0.0,,,,,
STYRENIX.NS,STYRENIX.NS,Unknown,2026-10-01,2055.0,EXPANSION,0.67,medium,DISTRIBUTION,3/5,-0.223,0.0,-0.893,0.225,0.0,,0.0,,,,,
SUBEXLTD.NS,SUBEXLTD.NS,Unknown,2026-10-01,19.34000015258789,DISTRIBUTION,0.67,high,,,-0.01,0.0,-0.953,0.924,-1.0,,0.0,,,,,
SUBROS.NS,SUBROS.NS,Unknown,2026-10-01,684.9000244140625,ACCUMULATION,0.44,low,,,0.036,0.0,0.439,-0.332,-1.0,,0.0,,,,,
SUDARCOLOR.NS,SUDARCOLOR.NS,Unknown,2026-10-01,368.1000061035156,EXPANSION,0.67,low,DISTRIBUTION,1/5,0.083,0.0,-0.427,0.677,0.0,,0.0,,,,,
SUDARSCHEM.NS,SUDARSCHEM.NS,Unknown,2026-10-01,1241.5,CONTRACTION,0.67,medium,DISTRIBUTION,1/5,0.1,0.0,-0.5,0.801,1.0,,0.0,,,,,
SUKHJITS.NS,SUKHJITS.NS,Unknown,2026-10-01,150.92999267578125,ACCUMULATION,0.44,low,CONTRACTION,3/5,-0.373,0.0,-0.938,-0.181,0.0,,0.0,,,,,
SULA.NS,SULA.NS,Unknown,2026-10-01,130.94000244140625,CONTRACTION,0.44,low,,,-0.421,-1.0,-0.602,0.338,-1.0,,0.0,,,,,
SUMEETINDS.NS,SUMEETINDS.NS,Unknown,2026-10-01,10.380000114440918,ACCUMULATION,0.44,medium,,,-0.154,0.0,0.5,-0.963,-1.0,,0.0,,,,,
SUMICHEM.NS,SUMICHEM.NS,Unknown,2026-10-01,417.6000061035156,EXPANSION,0.44,low,CONTRACTION,1/5,-0.409,-1.0,-0.5,0.272,0.0,,0.0,,,,,
SUMIT.NS,SUMIT.NS,Unknown,2026-10-01,47.7599983215332,DISTRIBUTION,0.67,medium,,,0.129,0.0,-0.5,0.887,1.0,,0.0,,,,,
SUMMITSEC.NS,SUMMITSEC.NS,Unknown,2026-10-01,1315.5,DISTRIBUTION,0.44,medium,,,-0.091,1.0,-0.98,-0.292,0.0,,0.0,,,,,
SUNCLAY.NS,SUNCLAY.NS,Unknown,2026-10-01,1183.0,DISTRIBUTION,0.67,low,,,-0.068,0.0,-0.507,0.303,0.0,,0.0,,,,,
SUNDARAM.NS,SUNDARAM.NS,Unknown,2026-10-01,1.0800000429153442,CONTRACTION,0.67,low,,,-0.649,-1.0,-0.501,-0.447,0.0,,0.0,,,,,
SUNDARMFIN.NS,SUNDARMFIN.NS,Unknown,2026-10-01,4395.89990234375,DISTRIBUTION,0.44,medium,,,-0.183,1.0,-0.964,-0.586,0.0,,0.0,,,,,
SUNDRMBRAK.NS,SUNDRMBRAK.NS,Unknown,2026-10-01,669.9500122070312,CONTRACTION,0.67,low,DISTRIBUTION,3/5,-0.002,0.0,-0.5,0.493,-1.0,,0.0,,,,,
SUNDRMFAST.NS,SUNDRMFAST.NS,Unknown,2026-10-01,1123.5999755859375,DISTRIBUTION,0.67,medium,,,0.122,0.0,-0.501,0.867,-1.0,,0.0,,,,,
SUNDROP.NS,SUNDROP.NS,Unknown,2026-10-01,753.1500244140625,EXPANSION,0.44,low,ACCUMULATION,1/5,0.202,-1.0,0.61,0.997,-1.0,,0.0,,,,,
SUNFLAG.NS,SUNFLAG.NS,Unknown,2026-10-01,433.5,ACCUMULATION,0.67,low,EXPANSION,1/5,0.416,0.0,0.53,0.719,-1.0,,0.0,,,,,
SUNPHARMA.NS,SUNPHARMA.NS,Unknown,2026-10-01,1801.0,DISTRIBUTION,0.67,low,EXPANSION,1/5,0.148,0.0,0.375,0.07,0.0,,0.0,,,,,
SUNTECK.NS,SUNTECK.NS,Unknown,2026-10-01,279.45001220703125,ACCUMULATION,0.67,low,CONTRACTION,3/5,-0.769,-1.0,-0.88,-0.427,1.0,,0.0,,,,,
SUNTV.NS,SUNTV.NS,Unknown,2026-10-01,599.9000244140625,ACCUMULATION,0.67,low,EXPANSION,1/5,0.187,0.0,0.509,0.053,0.0,,0.0,,,,,
SUPERHOUSE.NS,SUPERHOUSE.NS,Unknown,2026-10-01,154.66000366210938,CONTRACTION,0.44,low,,,-0.299,-1.0,-0.503,0.607,0.0,,0.0,,,,,
SUPERSPIN.NS,SUPERSPIN.NS,Unknown,2026-10-01,7.510000228881836,EXPANSION,0.67,high,DISTRIBUTION,1/5,0.491,1.0,-0.508,0.98,-1.0,,0.0,,,,,
SUPRAJIT.NS,SUPRAJIT.NS,Unknown,2026-10-01,481.04998779296875,DISTRIBUTION,0.44,low,ACCUMULATION,2/5,-0.07,-1.0,0.321,0.47,-0.143,,0.0,,,,,
SUPREME.NS,SUPREME.NS,Unknown,2026-10-01,31.079999923706055,CONTRACTION,0.67,high,ACCUMULATION,2/5,-0.5,-1.0,0.5,-1.0,0.0,,0.0,,,,,
SUPREMEENG.NS,SUPREMEENG.NS,Unknown,2026-10-01,4.239999771118164,EXPANSION,0.44,low,,,0.167,-1.0,0.5,1.0,-1.0,,0.0,,,,,
SUPREMEIND.NS,SUPREMEIND.NS,Unknown,2026-10-01,3380.0,ACCUMULATION,0.44,low,CONTRACTION,1/5,-0.364,-1.0,-0.169,0.076,1.0,,0.0,,,,,
SUPREMEINF.NS,SUPREMEINF.NS,Unknown,2026-10-01,66.94000244140625,DISTRIBUTION,0.67,low,,,-0.161,0.0,-0.531,0.047,0.0,,0.0,,,,,
SUPRIYA.NS,SUPRIYA.NS,Unknown,2026-10-01,931.0,EXPANSION,0.67,high,DISTRIBUTION,1/5,0.401,1.0,-0.5,0.704,-1.0,,0.0,,,,,
SURAJEST.NS,SURAJEST.NS,Unknown,2026-10-01,200.14999389648438,EXPANSION,0.67,low,,,0.841,1.0,0.557,0.967,-1.0,,0.0,,,,,
SURAJLTD.NS,SURAJLTD.NS,Unknown,2026-10-01,193.50999450683594,EXPANSION,0.67,low,DISTRIBUTION,1/5,-0.095,0.0,-0.517,0.233,1.0,,0.0,,,,,
SURAKSHA.NS,SURAKSHA.NS,Unknown,2026-10-01,350.1499938964844,EXPANSION,0.67,low,,,0.651,0.0,0.976,0.976,-1.0,,0.0,,,,,
SURANASOL.NS,SURANASOL.NS,Unknown,2026-10-01,24.149999618530273,ACCUMULATION,0.44,low,CONTRACTION,1/5,-0.391,-1.0,-0.738,0.565,1.0,,0.0,,,,,
SURANAT&P.NS,SURANAT&P.NS,Unknown,2026-10-01,15.979999542236328,ACCUMULATION,0.44,low,,,-0.073,0.0,0.441,-0.659,0.0,,0.0,,,,,
SURYALAXMI.NS,SURYALAXMI.NS,Unknown,2026-10-01,56.06999969482422,DISTRIBUTION,0.67,low,EXPANSION,2/5,0.349,0.0,0.494,0.552,-1.0,,0.0,,,,,
SURYAROSNI.NS,SURYAROSNI.NS,Unknown,2026-10-01,220.6699981689453,ACCUMULATION,0.44,low,,,0.217,0.0,0.804,-0.152,-1.0,,0.0,,,,,
SURYODAY.NS,SURYODAY.NS,Unknown,2026-10-01,143.5500030517578,DISTRIBUTION,0.44,low,EXPANSION,3/5,0.486,1.0,0.989,-0.532,-1.0,,0.0,,,,,
SUTLEJTEX.NS,SUTLEJTEX.NS,Unknown,2026-10-01,36.2400016784668,DISTRIBUTION,0.44,low,CONTRACTION,1/5,-0.345,-1.0,-0.507,0.472,-1.0,,0.0,,,,,
SUVEN.NS,SUVEN.NS,Unknown,2026-10-01,308.29998779296875,DISTRIBUTION,0.67,low,,,-0.065,0.0,-0.5,0.305,-1.0,,0.0,,,,,
SUVIDHAA.NS,SUVIDHAA.NS,Unknown,2026-10-01,2.069999933242798,CONTRACTION,0.67,low,,,-0.818,-1.0,-0.751,-0.704,1.0,,0.0,,,,,
SUYOG.NS,SUYOG.NS,Unknown,2026-10-01,689.9000244140625,EXPANSION,0.67,low,,,0.4,0.0,0.859,0.34,-1.0,,0.0,,,,,
SUZLON.NS,SUZLON.NS,Unknown,2026-10-01,38.90999984741211,CONTRACTION,0.67,low,,,-0.712,-1.0,-0.546,-0.589,0.429,,0.0,,,,,
SVLL.NS,SVLL.NS,Unknown,2026-10-01,786.75,EXPANSION,0.67,low,DISTRIBUTION,1/5,-0.087,0.0,-0.594,0.334,0.0,,0.0,,,,,
SVPGLOB.NS,SVPGLOB.NS,Unknown,2026-10-01,3.0999999046325684,CONTRACTION,0.67,low,,,-0.616,-1.0,-0.5,-0.348,1.0,,0.0,,,,,
SWANCORP.NS,SWANCORP.NS,Unknown,2026-10-01,272.79998779296875,CONTRACTION,0.44,medium,DISTRIBUTION,2/5,-0.052,1.0,-0.779,-0.377,0.0,,0.0,,,,,
SWANDEF.NS,SWANDEF.NS,Unknown,2026-10-01,2718.199951171875,EXPANSION,0.44,low,CONTRACTION,1/5,-0.562,0.0,-0.945,-0.742,1.0,,0.0,,,,,
SWARAJ.NS,SWARAJ.NS,Unknown,2026-10-01,377.54998779296875,ACCUMULATION,0.44,medium,,,0.086,-1.0,0.984,0.273,-1.0,,0.0,,,,,
SWARAJENG.NS,SWARAJENG.NS,Unknown,2026-10-01,3542.699951171875,ACCUMULATION,0.44,low,,,0.087,0.0,0.528,-0.267,0.0,,0.0,,,,,
SWELECTES.NS,SWELECTES.NS,Unknown,2026-10-01,592.9000244140625,EXPANSION,0.67,low,,,0.311,0.0,0.619,0.313,-1.0,,0.0,,,,,
SWIGGY.NS,SWIGGY.NS,Unknown,2026-10-01,238.0,EXPANSION,0.44,high,DISTRIBUTION,3/5,0.012,1.0,-0.943,-0.022,0.0,,0.0,,,,,
SWSOLAR.NS,SWSOLAR.NS,Unknown,2026-10-01,164.82000732421875,EXPANSION,0.44,low,CONTRACTION,1/5,-0.508,-1.0,-0.736,0.212,1.0,,0.0,,,,,
SYMPHONY.NS,SYMPHONY.NS,Unknown,2026-10-01,571.7000122070312,ACCUMULATION,0.44,low,EXPANSION,3/5,0.165,1.0,0.434,-0.94,0.0,,0.0,,,,,
SYNCOMF.NS,SYNCOMF.NS,Unknown,2026-10-01,23.959999084472656,EXPANSION,0.67,low,,,0.63,0.0,0.898,0.993,0.0,,0.0,,,,,
SYNGENE.NS,SYNGENE.NS,Unknown,2026-10-01,361.29998779296875,ACCUMULATION,0.67,low,CONTRACTION,1/5,-0.644,-1.0,-0.707,-0.225,0.667,,0.0,,,,,
SYRMA.NS,SYRMA.NS,Unknown,2026-10-01,1717.9000244140625,EXPANSION,0.44,low,ACCUMULATION,2/5,0.078,-1.0,0.456,0.778,1.0,,0.0,,,,,
SYSTMTXC.NS,SYSTMTXC.NS,Unknown,2026-10-01,73.95999908447266,EXPANSION,0.44,low,DISTRIBUTION,1/5,-0.14,1.0,-0.5,-0.919,-1.0,,0.0,,,,,
TAINWALCHM.NS,TAINWALCHM.NS,Unknown,2026-10-01,203.2899932861328,EXPANSION,0.67,medium,DISTRIBUTION,3/5,-0.042,0.0,-0.788,0.662,0.0,,0.0,,,,,
TAJGVK.NS,TAJGVK.NS,Unknown,2026-10-01,314.8999938964844,CONTRACTION,0.44,low,,,-0.507,-1.0,-0.539,0.017,-0.111,,0.0,,,,,
TAKE.NS,TAKE.NS,Unknown,2026-10-01,12.649999618530273,ACCUMULATION,0.44,low,CONTRACTION,3/5,-0.605,0.0,-0.825,-0.99,1.0,,0.0,,,,,
TALBROAUTO.NS,TALBROAUTO.NS,Unknown,2026-10-01,419.70001220703125,EXPANSION,0.67,medium,DISTRIBUTION,1/5,-0.005,0.0,-0.608,0.593,-1.0,,0.0,,,,,
TANLA.NS,TANLA.NS,Unknown,2026-10-01,487.75,CONTRACTION,0.44,low,ACCUMULATION,3/5,-0.226,-1.0,0.25,0.073,-1.0,,0.0,,,,,
TARACHAND.NS,TARACHAND.NS,Unknown,2026-10-01,46.349998474121094,ACCUMULATION,0.44,high,,,0.029,0.0,0.955,-0.867,-1.0,,0.0,,,,,
TARAPUR.NS,TARAPUR.NS,Unknown,2026-10-01,12.199999809265137,ACCUMULATION,0.44,medium,,,-0.127,0.0,0.523,-0.903,1.0,,0.0,,,,,
TARC.NS,TARC.NS,Unknown,2026-10-01,125.58000183105469,EXPANSION,0.44,low,CONTRACTION,2/5,-0.326,0.0,-0.938,-0.04,-1.0,SHARK,0.0,,,,,
TARIL.NS,TARIL.NS,Unknown,2026-10-01,280.79998779296875,EXPANSION,0.44,medium,ACCUMULATION,1/5,-0.131,-1.0,0.513,0.093,-0.143,,0.0,,,,,
TARMAT.NS,TARMAT.NS,Unknown,2026-10-01,57.22999954223633,CONTRACTION,0.67,low,EXPANSION,2/5,0.643,1.0,0.025,0.904,0.0,,0.0,,,,,
TARSONS.NS,TARSONS.NS,Unknown,2026-10-01,329.3999938964844,EXPANSION,0.44,low,ACCUMULATION,3/5,-0.005,-1.0,0.195,0.791,-1.0,,0.0,,,,,
TASTYBITE.NS,TASTYBITE.NS,Unknown,2026-10-01,9453.5,DISTRIBUTION,0.67,medium,,,0.115,0.0,-0.503,0.847,1.0,,0.0,,,,,
TATACAP.NS,TATACAP.NS,Unknown,2026-10-01,319.29998779296875,DISTRIBUTION,0.44,low,CONTRACTION,1/5,-0.184,0.0,-0.5,-0.052,0.0,,0.0,,,,,
TATACHEM.NS,TATACHEM.NS,Unknown,2026-10-01,607.7999877929688,ACCUMULATION,0.67,low,CONTRACTION,3/5,-0.74,-1.0,-0.881,-0.338,-1.0,,0.0,,,,,
TATACOMM.NS,TATACOMM.NS,Unknown,2026-10-01,1683.0,DISTRIBUTION,0.44,medium,,,-0.007,1.0,-0.695,-0.325,0.0,,0.0,,,,,
TATACONSUM.NS,TATACONSUM.NS,Unknown,2026-10-01,957.0,ACCUMULATION,0.44,low,CONTRACTION,3/5,-0.625,0.0,-0.886,-0.99,0.0,,0.0,,,,,
TATAELXSI.NS,TATAELXSI.NS,Unknown,2026-10-01,3092.800048828125,CONTRACTION,0.67,low,,,-0.798,-1.0,-0.5,-0.894,1.0,,0.0,,,,,
TATAINVEST.NS,TATAINVEST.NS,Unknown,2026-10-01,615.0499877929688,EXPANSION,0.44,low,CONTRACTION,3/5,-0.383,0.0,-0.908,-0.242,1.0,,0.0,,,,,
TATAPOWER.NS,TATAPOWER.NS,Unknown,2026-10-01,350.1499938964844,ACCUMULATION,0.44,low,CONTRACTION,3/5,-0.622,0.0,-0.895,-0.97,1.0,,0.0,,,,,
TATASTEEL.NS,TATASTEEL.NS,Unknown,2026-10-01,178.0,ACCUMULATION,0.44,low,CONTRACTION,1/5,-0.519,0.0,-0.565,-0.993,-0.143,,0.0,,,,,
TATATECH.NS,TATATECH.NS,Unknown,2026-10-01,698.7999877929688,DISTRIBUTION,0.44,low,CONTRACTION,2/5,-0.297,-1.0,-0.5,0.609,1.0,,0.0,,,,,
TATVA.NS,TATVA.NS,Unknown,2026-10-01,1743.199951171875,EXPANSION,0.67,low,,,0.32,0.0,0.457,0.503,0.0,,0.0,,,,,
TBOTEK.NS,TBOTEK.NS,Unknown,2026-10-01,1671.5,DISTRIBUTION,0.67,high,,,0.428,1.0,-0.5,0.784,1.0,,0.0,,,,,
TBZ.NS,TBZ.NS,Unknown,2026-10-01,623.4500122070312,EXPANSION,0.67,high,DISTRIBUTION,3/5,0.027,0.0,-0.875,0.957,-1.0,,0.0,,,,,
TCI.NS,TCI.NS,Unknown,2026-10-01,877.0999755859375,CONTRACTION,0.44,low,EXPANSION,2/5,0.614,1.0,0.984,-0.143,-0.8,,0.0,,,,,
TCIEXP.NS,TCIEXP.NS,Unknown,2026-10-01,504.75,CONTRACTION,0.67,low,EXPANSION,3/5,0.835,1.0,0.875,0.63,1.0,,0.0,,,,,
TCIFINANCE.NS,TCIFINANCE.NS,Unknown,2026-10-01,14.6899995803833,ACCUMULATION,0.67,low,CONTRACTION,3/5,-0.935,-1.0,-0.924,-0.88,0.0,,0.0,,,,,
TCPLPACK.NS,TCPLPACK.NS,Unknown,2026-10-01,3927.10009765625,EXPANSION,0.67,low,,,0.522,0.0,0.667,0.9,-1.0,,0.0,,,,,
TCS.NS,TCS.NS,Unknown,2026-10-01,2075.0,CONTRACTION,0.44,low,,,-0.468,-1.0,-0.5,0.096,0.0,,0.0,,,,,
TDPOWERSYS.NS,TDPOWERSYS.NS,Unknown,2026-10-01,792.1500244140625,DISTRIBUTION,0.67,low,EXPANSION,2/5,0.364,0.0,0.728,0.364,-0.143,,0.0,,,,,
TEAMGTY.NS,TEAMGTY.NS,Unknown,2026-10-01,235.10000610351562,ACCUMULATION,0.44,low,CONTRACTION,3/5,-0.52,0.0,-0.941,-0.619,1.0,,0.0,,,,,
TEAMLEASE.NS,TEAMLEASE.NS,Unknown,2026-10-01,1179.4000244140625,DISTRIBUTION,0.67,low,,,-0.005,0.0,-0.503,0.488,1.0,,0.0,,,,,
TECHM.NS,TECHM.NS,Unknown,2026-10-01,1533.0,CONTRACTION,0.44,low,,,-0.298,-1.0,-0.5,0.606,1.0,,0.0,,,,,
TECHNOE.NS,TECHNOE.NS,Unknown,2026-10-01,998.5999755859375,ACCUMULATION,0.44,low,,,0.131,0.0,0.512,-0.119,-0.467,,0.0,,,,,
TECILCHEM.NS,TECILCHEM.NS,Unknown,2026-10-01,9.25,CONTRACTION,0.44,high,DISTRIBUTION,1/5,-0.033,1.0,-0.984,-0.114,1.0,,0.0,,,,,
TEGA.NS,TEGA.NS,Unknown,2026-10-01,2093.39990234375,EXPANSION,0.67,low,,,0.635,1.0,0.502,0.402,1.0,,0.0,,,,,
TEJASNET.NS,TEJASNET.NS,Unknown,2026-10-01,464.79998779296875,CONTRACTION,0.44,low,,,-0.342,-1.0,-0.507,0.48,1.0,,0.0,,,,,
TEMBO.NS,TEMBO.NS,Unknown,2026-10-01,57.15999984741211,EXPANSION,0.67,low,,,0.269,0.0,0.599,0.209,-1.0,,0.0,,,,,
TENNIND.NS,TENNIND.NS,Unknown,2026-10-01,495.3999938964844,CONTRACTION,0.44,low,,,-0.322,0.0,-0.257,-0.71,0.0,,0.0,,,,,
TERASOFT.NS,TERASOFT.NS,Unknown,2026-10-01,207.91000366210938,CONTRACTION,0.67,low,,,-0.963,-1.0,-0.947,-0.943,1.0,,0.0,,,,,
TEXINFRA.NS,TEXINFRA.NS,Unknown,2026-10-01,119.38999938964844,EXPANSION,0.67,low,,,0.625,0.0,0.945,0.93,-0.2,,0.0,,,,,
TEXMOPIPES.NS,TEXMOPIPES.NS,Unknown,2026-10-01,53.70000076293945,DISTRIBUTION,0.44,low,CONTRACTION,1/5,-0.347,-1.0,-0.984,0.943,0.0,,0.0,,,,,
TEXRAIL.NS,TEXRAIL.NS,Unknown,2026-10-01,126.86000061035156,EXPANSION,0.67,low,,,0.993,1.0,0.983,0.997,1.0,,0.0,,,,,
TFCILTD.NS,TFCILTD.NS,Unknown,2026-10-01,138.7899932861328,CONTRACTION,0.67,high,DISTRIBUTION,1/5,0.43,1.0,-0.5,0.791,-1.0,,0.0,,,,,
TFL.NS,TFL.NS,Unknown,2026-10-01,11.819999694824219,CONTRACTION,0.67,medium,DISTRIBUTION,3/5,0.32,1.0,-0.542,0.502,1.0,,0.0,,,,,
TGBHOTELS.NS,TGBHOTELS.NS,Unknown,2026-10-01,9.420000076293945,EXPANSION,0.67,low,DISTRIBUTION,1/5,0.159,0.0,-0.406,0.883,1.0,,0.0,,,,,
THANGAMAYL.NS,THANGAMAYL.NS,Unknown,2026-10-01,4861.0,ACCUMULATION,0.44,low,,,-0.01,0.0,0.526,-0.556,1.0,,0.0,,,,,
THEINVEST.NS,THEINVEST.NS,Unknown,2026-10-01,90.33000183105469,CONTRACTION,0.44,low,,,-0.406,-1.0,-0.576,0.357,-1.0,,0.0,,,,,
THEJO.NS,THEJO.NS,Unknown,2026-10-01,2071.39990234375,DISTRIBUTION,0.67,medium,,,0.04,0.0,-0.69,0.81,-0.333,,0.0,,,,,
THELEELA.NS,THELEELA.NS,Unknown,2026-10-01,568.9500122070312,DISTRIBUTION,0.67,low,EXPANSION,1/5,0.583,0.0,0.75,1.0,0.25,SHARK,0.0,,,,,
THEMISMED.NS,THEMISMED.NS,Unknown,2026-10-01,113.19000244140625,CONTRACTION,0.44,low,,,-0.219,-1.0,-0.507,0.851,-0.333,,0.0,,,,,
THERMAX.NS,THERMAX.NS,Unknown,2026-10-01,3360.60009765625,CONTRACTION,0.67,low,,,-0.722,-1.0,-0.947,-0.219,0.636,,0.0,,,,,
THOMASCOOK.NS,THOMASCOOK.NS,Unknown,2026-10-01,100.69999694824219,CONTRACTION,0.44,low,,,-0.424,-1.0,-0.503,0.232,1.0,,0.0,,,,,
THOMASCOTT.NS,THOMASCOTT.NS,Unknown,2026-10-01,300.20001220703125,CONTRACTION,0.67,low,EXPANSION,3/5,0.739,1.0,0.969,0.248,0.0,,0.0,,,,,
THYROCARE.NS,THYROCARE.NS,Unknown,2026-10-01,533.5999755859375,DISTRIBUTION,0.67,low,CONTRACTION,3/5,-0.702,-1.0,-0.91,-0.195,0.667,,0.0,,,,,
TI.NS,TI.NS,Unknown,2026-10-01,542.5499877929688,DISTRIBUTION,0.67,low,,,-0.057,0.0,-0.4,0.228,0.0,,0.0,,,,,
TICL.NS,TICL.NS,Unknown,2026-10-01,7.789999961853027,ACCUMULATION,0.67,high,,,-0.312,-1.0,0.939,-0.874,-0.5,,0.0,,,,,
TIGERLOGS.NS,TIGERLOGS.NS,Unknown,2026-10-01,25.690000534057617,CONTRACTION,0.67,high,ACCUMULATION,3/5,-0.379,-1.0,0.863,-1.0,0.0,,0.0,,,,,
TIIL.NS,TIIL.NS,Unknown,2026-10-01,2893.800048828125,CONTRACTION,0.44,low,,,-0.216,-1.0,-0.5,0.853,0.333,,0.0,,,,,
TIINDIA.NS,TIINDIA.NS,Unknown,2026-10-01,2340.0,CONTRACTION,0.67,low,,,-0.652,-1.0,-0.5,-0.457,0.0,,0.0,,,,,
TIJARIA.NS,TIJARIA.NS,Unknown,2026-10-01,6.449999809265137,DISTRIBUTION,0.44,low,CONTRACTION,3/5,-0.191,-1.0,-0.504,0.93,1.0,,0.0,,,,,
TIL.NS,TIL.NS,Unknown,2026-10-01,250.0500030517578,DISTRIBUTION,0.44,low,CONTRACTION,2/5,-0.427,-1.0,-0.979,0.698,0.0,,0.0,,,,,
TIMETECHNO.NS,TIMETECHNO.NS,Unknown,2026-10-01,179.67999267578125,EXPANSION,0.44,high,ACCUMULATION,1/5,0.059,-1.0,0.984,0.192,0.0,,0.0,,,,,
TIMKEN.NS,TIMKEN.NS,Unknown,2026-10-01,3098.800048828125,ACCUMULATION,0.44,low,CONTRACTION,3/5,-0.609,0.0,-0.879,-0.947,0.0,,0.0,,,,,
TINNARUBR.NS,TINNARUBR.NS,Unknown,2026-10-01,938.8499755859375,DISTRIBUTION,0.44,low,,,-0.167,-1.0,-0.5,1.0,1.0,,0.0,,,,,
TIPSFILMS.NS,TIPSFILMS.NS,Unknown,2026-10-01,315.3999938964844,CONTRACTION,0.67,low,EXPANSION,3/5,0.492,0.0,0.965,0.512,0.0,,0.0,,,,,
TIPSMUSIC.NS,TIPSMUSIC.NS,Unknown,2026-10-01,644.2000122070312,EXPANSION,0.67,high,DISTRIBUTION,3/5,0.151,1.0,-0.879,0.331,0.0,,0.0,,,,,
TIRUMALCHM.NS,TIRUMALCHM.NS,Unknown,2026-10-01,146.25999450683594,ACCUMULATION,0.44,high,DISTRIBUTION,3/5,-0.022,1.0,-0.926,-0.14,0.0,,0.0,,,,,
TIRUPATIFL.NS,TIRUPATIFL.NS,Unknown,2026-10-01,75.16000366210938,EXPANSION,0.67,low,,,0.452,0.0,0.618,0.739,-1.0,,0.0,,,,,
TITAGARH.NS,TITAGARH.NS,Unknown,2026-10-01,805.0999755859375,EXPANSION,0.67,low,DISTRIBUTION,2/5,-0.05,0.0,-0.521,0.371,1.0,,0.0,,,,,
TITAN.NS,TITAN.NS,Unknown,2026-10-01,4515.7001953125,DISTRIBUTION,0.67,low,,,-0.156,0.0,-0.5,0.033,0.0,,0.0,,,,,
TMB.NS,TMB.NS,Unknown,2026-10-01,872.0499877929688,DISTRIBUTION,0.67,low,,,-0.092,0.0,-0.503,0.226,1.0,,0.0,,,,,
TMCV.NS,TMCV.NS,Unknown,2026-10-01,415.5,ACCUMULATION,0.44,low,CONTRACTION,3/5,-0.644,-1.0,-0.956,0.025,0.0,,0.0,,,,,
TMPV.NS,TMPV.NS,Unknown,2026-10-01,279.3999938964844,EXPANSION,0.44,low,CONTRACTION,2/5,-0.629,-1.0,-0.919,0.033,1.0,,0.0,,,,,
TNPETRO.NS,TNPETRO.NS,Unknown,2026-10-01,123.18000030517578,DISTRIBUTION,0.67,low,,,0.014,0.0,-0.503,0.546,-1.0,,0.0,,,,,
TNPL.NS,TNPL.NS,Unknown,2026-10-01,147.6300048828125,DISTRIBUTION,0.67,low,,,0.191,0.0,-0.237,0.811,0.2,,0.0,,,,,
TNTELE.NS,TNTELE.NS,Unknown,2026-10-01,11.5600004196167,EXPANSION,0.67,low,,,0.735,1.0,0.604,0.602,-1.0,,0.0,,,,,
TOKYOPLAST.NS,TOKYOPLAST.NS,Unknown,2026-10-01,71.01000213623047,CONTRACTION,0.67,low,,,-0.714,-1.0,-0.971,-0.171,1.0,,0.0,,,,,
TOLINS.NS,TOLINS.NS,Unknown,2026-10-01,84.58999633789062,ACCUMULATION,0.67,low,CONTRACTION,2/5,-0.56,-1.0,-0.39,-0.289,1.0,,0.0,,,,,
TORNTPHARM.NS,TORNTPHARM.NS,Unknown,2026-10-01,4767.2998046875,ACCUMULATION,0.67,low,CONTRACTION,3/5,-0.666,-1.0,-0.822,-0.175,-0.6,,0.0,,,,,
TORNTPOWER.NS,TORNTPOWER.NS,Unknown,2026-10-01,1242.9000244140625,CONTRACTION,0.44,low,,,-0.6,0.0,-0.878,-0.921,-1.0,,0.0,,,,,
TOTAL.NS,TOTAL.NS,Unknown,2026-10-01,70.23999786376953,DISTRIBUTION,0.67,medium,,,0.126,0.0,-0.544,0.923,0.333,,0.0,,,,,
TOUCHWOOD.NS,TOUCHWOOD.NS,Unknown,2026-10-01,57.13999938964844,ACCUMULATION,0.67,low,CONTRACTION,2/5,-0.733,-1.0,-0.761,-0.439,0.375,,0.0,,,,,
TPHQ.NS,TPHQ.NS,Unknown,2026-10-01,0.5,CONTRACTION,0.67,medium,DISTRIBUTION,2/5,0.033,0.0,-0.8,0.9,-0.25,,0.0,,,,,
TPLPLASTEH.NS,TPLPLASTEH.NS,Unknown,2026-10-01,68.88999938964844,CONTRACTION,0.67,low,EXPANSION,2/5,0.79,1.0,0.75,0.619,-1.0,,0.0,,,,,
TRACXN.NS,TRACXN.NS,Unknown,2026-10-01,31.709999084472656,EXPANSION,0.67,medium,DISTRIBUTION,1/5,0.16,0.0,-0.5,0.98,-1.0,,0.0,,,,,
TRANSRAILL.NS,TRANSRAILL.NS,Unknown,2026-10-01,474.8999938964844,ACCUMULATION,0.44,low,EXPANSION,2/5,0.262,1.0,0.619,-0.834,0.143,,0.0,,,,,
TRANSWORLD.NS,TRANSWORLD.NS,Unknown,2026-10-01,159.0,CONTRACTION,0.44,low,,,-0.2,-1.0,-0.5,0.9,-1.0,,0.0,,,,,
TRAVELFOOD.NS,TRAVELFOOD.NS,Unknown,2026-10-01,1208.0999755859375,CONTRACTION,0.44,low,,,-0.462,-1.0,-0.5,0.114,1.0,,0.0,,,,,
TREEHOUSE.NS,TREEHOUSE.NS,Unknown,2026-10-01,5.679999828338623,ACCUMULATION,0.67,high,,,-0.259,-1.0,0.655,-0.433,0.0,,0.0,,,,,
TREJHARA.NS,TREJHARA.NS,Unknown,2026-10-01,131.66000366210938,EXPANSION,0.44,low,,,0.475,1.0,0.662,-0.237,0.0,,0.0,,,,,
TREL.NS,TREL.NS,Unknown,2026-10-01,27.290000915527344,EXPANSION,0.67,medium,DISTRIBUTION,1/5,0.564,1.0,-0.26,0.953,-0.867,,0.0,,,,,
TRENT.NS,TRENT.NS,Unknown,2026-10-01,2580.0,CONTRACTION,0.44,low,,,-0.426,-1.0,-0.979,0.702,-1.0,,0.0,,,,,
TRF.NS,TRF.NS,Unknown,2026-10-01,192.3300018310547,CONTRACTION,0.67,low,,,-0.616,-1.0,-0.503,-0.344,0.0,,0.0,,,,,
TRIDENT.NS,TRIDENT.NS,Unknown,2026-10-01,22.15999984741211,ACCUMULATION,0.67,low,CONTRACTION,2/5,-0.795,-1.0,-0.86,-0.526,1.0,,0.0,,,,,
TRIGYN.NS,TRIGYN.NS,Unknown,2026-10-01,51.79999923706055,DISTRIBUTION,0.44,low,CONTRACTION,1/5,-0.224,-1.0,-0.458,0.787,-1.0,,0.0,,,,,
TRITURBINE.NS,TRITURBINE.NS,Unknown,2026-10-01,530.0,ACCUMULATION,0.44,low,CONTRACTION,2/5,-0.502,-1.0,-0.622,0.116,-1.0,,0.0,,,,,
TRIVENI.NS,TRIVENI.NS,Unknown,2026-10-01,230.9199981689453,CONTRACTION,0.67,high,ACCUMULATION,3/5,-0.354,-1.0,0.895,-0.957,0.0,,0.0,,,,,
TRU.NS,TRU.NS,Unknown,2026-10-01,4.21999979019165,ACCUMULATION,0.44,low,,,0.134,0.0,0.5,-0.097,1.0,,0.0,,,,,
TRUALT.NS,TRUALT.NS,Unknown,2026-10-01,444.29998779296875,EXPANSION,0.67,low,,,0.657,1.0,0.764,0.208,-0.111,,0.0,,,,,
TSFINV.NS,TSFINV.NS,Unknown,2026-10-01,409.1499938964844,EXPANSION,0.44,low,CONTRACTION,2/5,-0.625,-1.0,-0.905,0.03,-1.0,,0.0,,,,,
TTKHLTCARE.NS,TTKHLTCARE.NS,Unknown,2026-10-01,1013.0,CONTRACTION,0.44,low,,,-0.223,-1.0,-0.505,0.837,1.0,,0.0,,,,,
TTKPRESTIG.NS,TTKPRESTIG.NS,Unknown,2026-10-01,506.3999938964844,CONTRACTION,0.44,low,ACCUMULATION,3/5,-0.152,-1.0,0.375,0.169,0.0,,0.0,,,,,
TTL.NS,TTL.NS,Unknown,2026-10-01,7.849999904632568,EXPANSION,0.67,low,,,0.75,1.0,0.603,0.647,0.333,,0.0,,,,,
TTML.NS,TTML.NS,Unknown,2026-10-01,34.81999969482422,CONTRACTION,0.44,low,ACCUMULATION,3/5,0.122,0.0,0.648,-0.281,0.0,,0.0,,,,,
TVSELECT.NS,TVSELECT.NS,Unknown,2026-10-01,397.3999938964844,CONTRACTION,0.44,medium,ACCUMULATION,2/5,0.099,0.0,0.75,-0.453,1.0,,0.0,,,,,
TVSHLTD.NS,TVSHLTD.NS,Unknown,2026-10-01,11886.0,CONTRACTION,0.67,low,,,-0.801,-1.0,-0.502,-0.9,0.0,,0.0,,,,,
TVSMOTOR.NS,TVSMOTOR.NS,Unknown,2026-10-01,4021.0,CONTRACTION,0.67,low,,,-0.543,-1.0,-0.5,-0.129,-0.6,,0.0,,,,,
TVSSCS.NS,TVSSCS.NS,Unknown,2026-10-01,128.4199981689453,EXPANSION,0.67,low,DISTRIBUTION,2/5,0.098,0.0,-0.282,0.575,-0.143,,0.0,,,,,
TVSSRICHAK.NS,TVSSRICHAK.NS,Unknown,2026-10-01,4349.2998046875,CONTRACTION,0.44,low,,,-0.439,-1.0,-0.5,0.183,1.0,,0.0,,,,,
TVTODAY.NS,TVTODAY.NS,Unknown,2026-10-01,101.6500015258789,CONTRACTION,0.44,low,,,-0.477,-1.0,-0.786,0.355,-1.0,,0.0,,,,,
TVVISION.NS,TVVISION.NS,Unknown,2026-10-01,2.549999952316284,ACCUMULATION,0.44,medium,,,-0.071,0.0,0.738,-0.95,0.0,,0.0,,,,,
UBL.NS,UBL.NS,Unknown,2026-10-01,1188.800048828125,ACCUMULATION,0.67,low,CONTRACTION,2/5,-0.637,-1.0,-0.675,-0.235,1.0,,0.0,,,,,
UCAL.NS,UCAL.NS,Unknown,2026-10-01,140.39999389648438,DISTRIBUTION,0.67,high,,,0.469,1.0,-0.5,0.906,-0.333,,0.0,,,,,
UCOBANK.NS,UCOBANK.NS,Unknown,2026-10-01,22.93000030517578,CONTRACTION,0.44,low,,,-0.348,0.0,-0.82,-0.225,0.0,,0.0,,,,,
UDS.NS,UDS.NS,Unknown,2026-10-01,208.5500030517578,EXPANSION,0.67,low,,,0.455,0.0,0.482,0.883,-1.0,,0.0,,,,,
UEL.NS,UEL.NS,Unknown,2026-10-01,183.6699981689453,DISTRIBUTION,0.44,low,CONTRACTION,3/5,-0.368,-1.0,-0.506,0.402,1.0,,0.0,,,,,
UFBL.NS,UFBL.NS,Unknown,2026-10-01,692.75,DISTRIBUTION,0.67,low,,,-0.018,0.0,-0.5,0.445,0.6,SHARK,0.0,,,,,
UFLEX.NS,UFLEX.NS,Unknown,2026-10-01,649.8499755859375,DISTRIBUTION,0.44,low,CONTRACTION,1/5,-0.196,-1.0,-0.501,0.914,-1.0,,0.0,,,,,
UFO.NS,UFO.NS,Unknown,2026-10-01,56.4900016784668,CONTRACTION,0.67,low,,,-0.798,-1.0,-0.5,-0.894,0.333,,0.0,,,,,
UGARSUGAR.NS,UGARSUGAR.NS,Unknown,2026-10-01,56.040000915527344,EXPANSION,0.67,low,,,0.851,1.0,0.614,0.94,0.0,,0.0,,,,,
UGROCAP.NS,UGROCAP.NS,Unknown,2026-10-01,82.3499984741211,ACCUMULATION,0.67,low,,,-0.239,-1.0,0.346,-0.063,0.0,,0.0,,,,,
UJJIVANSFB.NS,UJJIVANSFB.NS,Unknown,2026-10-01,65.5999984741211,ACCUMULATION,0.44,medium,,,0.224,0.0,0.906,-0.235,0.2,,0.0,,,,,
ULTRACEMCO.NS,ULTRACEMCO.NS,Unknown,2026-10-01,10710.0,ACCUMULATION,0.67,medium,,,-0.5,-1.0,0.194,-0.695,-1.0,,0.0,,,,,
UMAEXPORTS.NS,UMAEXPORTS.NS,Unknown,2026-10-01,22.049999237060547,DISTRIBUTION,0.67,low,EXPANSION,3/5,0.606,0.0,0.856,0.963,-0.4,,0.0,,,,,
UMESLTD.NS,UMESLTD.NS,Unknown,2026-10-01,4.570000171661377,CONTRACTION,0.67,medium,ACCUMULATION,1/5,-0.183,-1.0,0.716,-0.264,0.0,BUTTERFLY,0.0,,,,,
UMIYA-MRO.NS,UMIYA-MRO.NS,Unknown,2026-10-01,91.76000213623047,DISTRIBUTION,0.67,low,,,-0.125,0.0,-0.509,0.133,0.0,,0.0,,,,,
UNICHEMLAB.NS,UNICHEMLAB.NS,Unknown,2026-10-01,535.0499877929688,EXPANSION,0.67,low,,,0.732,1.0,0.438,0.758,0.0,,0.0,,,,,
UNIDT.NS,UNIDT.NS,Unknown,2026-10-01,239.64999389648438,EXPANSION,0.67,low,,,0.87,1.0,0.948,0.663,-1.0,,0.0,,,,,
UNIECOM.NS,UNIECOM.NS,Unknown,2026-10-01,82.58000183105469,EXPANSION,0.67,low,,,0.38,0.0,0.919,0.222,-1.0,,0.0,,,,,
UNIENTER.NS,UNIENTER.NS,Unknown,2026-10-01,87.0199966430664,ACCUMULATION,0.67,low,CONTRACTION,1/5,-0.591,-1.0,-0.362,-0.412,0.0,,0.0,,,,,
UNIINFO.NS,UNIINFO.NS,Unknown,2026-10-01,10.850000381469727,EXPANSION,0.44,low,CONTRACTION,1/5,-0.408,-1.0,-0.736,0.512,-1.0,,0.0,,,,,
UNIMECH.NS,UNIMECH.NS,Unknown,2026-10-01,1773.0,EXPANSION,0.67,low,,,0.783,1.0,0.349,1.0,-1.0,,0.0,,,,,
UNIONBANK.NS,UNIONBANK.NS,Unknown,2026-10-01,167.58999633789062,CONTRACTION,0.44,low,,,-0.433,0.0,-0.5,-0.798,0.0,,0.0,,,,,
UNIPARTS.NS,UNIPARTS.NS,Unknown,2026-10-01,819.2999877929688,DISTRIBUTION,0.67,low,,,0.093,0.0,-0.504,0.784,-1.0,,0.0,,,,,
UNITDSPR.NS,UNITDSPR.NS,Unknown,2026-10-01,1335.0999755859375,EXPANSION,0.67,medium,DISTRIBUTION,2/5,-0.118,0.0,-0.82,0.467,-1.0,,0.0,,,,,
UNITECH.NS,UNITECH.NS,Unknown,2026-10-01,3.930000066757202,EXPANSION,0.44,low,CONTRACTION,2/5,-0.377,0.0,-0.947,-0.185,-1.0,,0.0,,,,,
UNITEDPOLY.NS,UNITEDPOLY.NS,Unknown,2026-10-01,47.04999923706055,EXPANSION,0.67,medium,DISTRIBUTION,1/5,0.361,1.0,-0.25,0.334,1.0,,0.0,,,,,
UNITEDTEA.NS,UNITEDTEA.NS,Unknown,2026-10-01,416.95001220703125,ACCUMULATION,0.67,medium,,,-0.602,-1.0,0.187,-0.993,0.714,,0.0,,,,,
UNIVASTU.NS,UNIVASTU.NS,Unknown,2026-10-01,134.25,CONTRACTION,0.44,low,,,-0.24,-1.0,-0.5,0.781,1.0,,0.0,,,,,
UNIVCABLES.NS,UNIVCABLES.NS,Unknown,2026-10-01,1451.300048828125,DISTRIBUTION,0.44,low,CONTRACTION,1/5,-0.279,-1.0,-0.5,0.662,0.0,,0.0,,,,,
UNIVPHOTO.NS,UNIVPHOTO.NS,Unknown,2026-10-01,490.0,DISTRIBUTION,0.67,medium,,,-0.202,0.0,-0.974,0.367,-1.0,,0.0,,,,,
UNOMINDA.NS,UNOMINDA.NS,Unknown,2026-10-01,1111.0,CONTRACTION,0.67,low,,,-0.726,-1.0,-0.976,-0.202,-1.0,,0.0,,,,,
UPL.NS,UPL.NS,Unknown,2026-10-01,516.7999877929688,CONTRACTION,0.67,low,,,-0.816,-1.0,-0.523,-0.924,1.0,,0.0,,,,,
URAVIDEF.NS,URAVIDEF.NS,Unknown,2026-10-01,103.0,DISTRIBUTION,0.67,low,,,0.025,0.0,-0.513,0.589,1.0,,0.0,,,,,
URBANCO.NS,URBANCO.NS,Unknown,2026-10-01,156.33999633789062,DISTRIBUTION,0.44,low,,,-0.172,-1.0,-0.517,1.0,1.0,,0.0,,,,,
URJA.NS,URJA.NS,Unknown,2026-10-01,8.609999656677246,ACCUMULATION,0.67,low,CONTRACTION,2/5,-0.573,-1.0,-0.607,-0.113,0.0,,0.0,,,,,
USHAMART.NS,USHAMART.NS,Unknown,2026-10-01,491.70001220703125,EXPANSION,0.44,low,ACCUMULATION,3/5,-0.087,0.0,0.09,-0.351,-1.0,,0.0,,,,,
USK.NS,USK.NS,Unknown,2026-10-01,18.389999389648438,CONTRACTION,0.44,low,,,-0.42,-1.0,-0.5,0.241,0.0,,0.0,,,,,
UTIAMC.NS,UTIAMC.NS,Unknown,2026-10-01,883.7000122070312,EXPANSION,0.67,high,DISTRIBUTION,3/5,0.054,1.0,-0.938,0.099,-1.0,,0.0,,,,,
UTKARSHBNK.NS,UTKARSHBNK.NS,Unknown,2026-10-01,13.430000305175781,CONTRACTION,0.44,low,,,-0.262,-1.0,-0.502,0.715,0.0,,0.0,,,,,
UTTAMSUGAR.NS,UTTAMSUGAR.NS,Unknown,2026-10-01,276.1000061035156,EXPANSION,0.67,low,,,0.629,0.0,0.969,0.917,-1.0,,0.0,,,,,
UYFINCORP.NS,UYFINCORP.NS,Unknown,2026-10-01,22.860000610351562,CONTRACTION,0.67,low,EXPANSION,3/5,0.625,0.0,0.875,1.0,-1.0,,0.0,,,,,
V2RETAIL.NS,V2RETAIL.NS,Unknown,2026-10-01,201.38999938964844,CONTRACTION,0.67,low,,,-0.712,-1.0,-0.422,-0.715,1.0,,0.0,,,,,
VADILALIND.NS,VADILALIND.NS,Unknown,2026-10-01,7187.0,ACCUMULATION,0.44,low,CONTRACTION,3/5,-0.387,-1.0,-0.942,0.78,-1.0,,0.0,,,,,
VAIBHAVGBL.NS,VAIBHAVGBL.NS,Unknown,2026-10-01,203.52999877929688,CONTRACTION,0.67,low,,,-0.572,-1.0,-0.5,-0.217,1.0,,0.0,,,,,
VAISHALI.NS,VAISHALI.NS,Unknown,2026-10-01,8.380000114440918,DISTRIBUTION,0.67,high,,,-0.007,0.0,-0.982,0.96,0.0,,0.0,,,,,
VAKRANGEE.NS,VAKRANGEE.NS,Unknown,2026-10-01,5.119999885559082,CONTRACTION,0.44,low,,,-0.404,-1.0,-0.5,0.289,1.0,,0.0,,,,,
VALIANTLAB.NS,VALIANTLAB.NS,Unknown,2026-10-01,125.08000183105469,DISTRIBUTION,0.44,low,CONTRACTION,2/5,-0.339,-1.0,-0.976,0.96,0.2,,0.0,,,,,
VALIANTORG.NS,VALIANTORG.NS,Unknown,2026-10-01,477.1499938964844,EXPANSION,0.44,low,CONTRACTION,2/5,-0.151,-1.0,-0.402,0.95,-1.0,,0.0,,,,,
VARDHACRLC.NS,VARDHACRLC.NS,Unknown,2026-10-01,44.34000015258789,EXPANSION,0.67,low,,,0.584,1.0,0.205,0.548,-1.0,,0.0,,,,,
VARDMNPOLY.NS,VARDMNPOLY.NS,Unknown,2026-10-01,5.699999809265137,CONTRACTION,0.67,high,ACCUMULATION,2/5,-0.037,-1.0,0.898,-0.01,0.0,,0.0,,,,,
VARROC.NS,VARROC.NS,Unknown,2026-10-01,830.5999755859375,DISTRIBUTION,0.67,medium,,,0.122,0.0,-0.504,0.87,1.0,,0.0,,,,,
VASCONEQ.NS,VASCONEQ.NS,Unknown,2026-10-01,32.58000183105469,EXPANSION,0.67,low,,,0.236,0.0,0.516,0.192,-1.0,,0.0,,,,,
VASWANI.NS,VASWANI.NS,Unknown,2026-10-01,44.36000061035156,EXPANSION,0.67,high,ACCUMULATION,3/5,-0.461,-1.0,0.604,-0.987,-1.0,,0.0,,,,,
VBL.NS,VBL.NS,Unknown,2026-10-01,425.29998779296875,ACCUMULATION,0.44,low,,,-0.042,0.0,0.501,-0.626,1.0,,0.0,,,,,
VCL.NS,VCL.NS,Unknown,2026-10-01,1.3700000047683716,CONTRACTION,0.67,low,,,-0.711,-1.0,-0.5,-0.633,1.0,,0.0,,,,,
VEDL.NS,VEDL.NS,Unknown,2026-10-01,252.0500030517578,ACCUMULATION,0.67,low,CONTRACTION,1/5,-0.598,-1.0,-0.17,-0.623,-1.0,,0.0,,,,,
VEEDOL.NS,VEEDOL.NS,Unknown,2026-10-01,1356.5999755859375,CONTRACTION,0.44,low,,,-0.496,-1.0,-0.5,0.013,1.0,,0.0,,,,,
VENKEYS.NS,VENKEYS.NS,Unknown,2026-10-01,1613.0,CONTRACTION,0.44,low,,,-0.223,-1.0,-0.515,0.847,-1.0,,0.0,,,,,
VENTIVE.NS,VENTIVE.NS,Unknown,2026-10-01,552.2000122070312,ACCUMULATION,0.67,high,,,-0.438,-1.0,0.685,-1.0,0.0,,0.0,,,,,
VENUSPIPES.NS,VENUSPIPES.NS,Unknown,2026-10-01,2204.89990234375,EXPANSION,0.44,low,ACCUMULATION,3/5,0.135,-1.0,0.427,0.977,1.0,,0.0,,,,,
VENUSREM.NS,VENUSREM.NS,Unknown,2026-10-01,1796.699951171875,DISTRIBUTION,0.67,low,EXPANSION,3/5,0.669,1.0,0.977,0.03,1.0,,0.0,,,,,
VERANDA.NS,VERANDA.NS,Unknown,2026-10-01,213.8000030517578,DISTRIBUTION,0.44,low,CONTRACTION,1/5,-0.387,-1.0,-0.504,0.344,-1.0,,0.0,,,,,
VERTOZ.NS,VERTOZ.NS,Unknown,2026-10-01,35.65999984741211,CONTRACTION,0.44,low,,,-0.444,-1.0,-0.51,0.177,1.0,,0.0,,,,,
VESUVIUS.NS,VESUVIUS.NS,Unknown,2026-10-01,404.1000061035156,CONTRACTION,0.44,medium,ACCUMULATION,3/5,-0.025,0.0,0.875,-0.95,0.0,,0.0,,,,,
VETO.NS,VETO.NS,Unknown,2026-10-01,136.7899932861328,EXPANSION,0.67,low,,,0.729,1.0,0.363,0.825,0.0,,0.0,,,,,
VGL.NS,VGL.NS,Unknown,2026-10-01,63.11000061035156,EXPANSION,0.67,low,DISTRIBUTION,2/5,-0.181,0.0,-0.689,0.146,-0.4,SHARK,0.0,,,,,
VGUARD.NS,VGUARD.NS,Unknown,2026-10-01,294.54998779296875,CONTRACTION,0.44,low,,,-0.377,-1.0,-0.5,0.369,-0.333,,0.0,,,,,
VHL.NS,VHL.NS,Unknown,2026-10-01,3435.300048828125,DISTRIBUTION,0.67,low,EXPANSION,2/5,0.304,0.0,0.551,0.362,1.0,,0.0,,,,,
VHLTD.NS,VHLTD.NS,Unknown,2026-10-01,127.69999694824219,ACCUMULATION,0.67,high,,,-0.405,-1.0,0.5,-0.716,0.0,,0.0,,,,,
VIDHIING.NS,VIDHIING.NS,Unknown,2026-10-01,350.25,EXPANSION,0.67,low,,,0.961,1.0,0.919,0.963,0.0,,0.0,,,,,
VIJAYA.NS,VIJAYA.NS,Unknown,2026-10-01,1428.0,DISTRIBUTION,0.67,medium,,,-0.077,0.0,-0.793,0.561,0.0,,0.0,,,,,
VIJIFIN.NS,VIJIFIN.NS,Unknown,2026-10-01,15.15999984741211,DISTRIBUTION,0.67,medium,,,0.101,0.0,-0.501,0.803,-1.0,,0.0,,,,,
VIKASECO.NS,VIKASECO.NS,Unknown,2026-10-01,1.0099999904632568,ACCUMULATION,0.44,medium,,,0.23,0.0,0.919,-0.229,0.0,,0.0,,,,,
VIKASLIFE.NS,VIKASLIFE.NS,Unknown,2026-10-01,1.2000000476837158,ACCUMULATION,0.44,medium,,,0.155,-1.0,0.944,0.52,0.0,,0.0,,,,,
VIKRAMSOLR.NS,VIKRAMSOLR.NS,Unknown,2026-10-01,154.35000610351562,CONTRACTION,0.67,low,,,-0.996,-1.0,-0.988,-1.0,0.0,,0.0,,,,,
VIKRAN.NS,VIKRAN.NS,Unknown,2026-10-01,58.27000045776367,ACCUMULATION,0.44,high,,,-0.023,0.0,0.931,-1.0,1.0,,0.0,,,,,
VIMTALABS.NS,VIMTALABS.NS,Unknown,2026-10-01,584.3499755859375,EXPANSION,0.67,low,DISTRIBUTION,2/5,-0.041,0.0,-0.5,0.377,0.0,,0.0,,,,,
VINATIORGA.NS,VINATIORGA.NS,Unknown,2026-10-01,1208.0999755859375,CONTRACTION,0.67,low,,,-0.554,-1.0,-0.505,-0.156,-1.0,,0.0,,,,,
VINCOFE.NS,VINCOFE.NS,Unknown,2026-10-01,178.9499969482422,EXPANSION,0.67,low,,,0.377,0.0,0.934,0.197,-1.0,,0.0,,,,,
VINDHYATEL.NS,VINDHYATEL.NS,Unknown,2026-10-01,2617.0,CONTRACTION,0.67,medium,DISTRIBUTION,2/5,0.078,0.0,-0.573,0.808,-1.0,,0.0,,,,,
VINEETLAB.NS,VINEETLAB.NS,Unknown,2026-10-01,35.90999984741211,DISTRIBUTION,0.67,low,EXPANSION,3/5,0.449,0.0,0.875,0.473,-0.429,,0.0,,,,,
VINNY.NS,VINNY.NS,Unknown,2026-10-01,0.8999999761581421,CONTRACTION,0.67,low,,,-0.72,-1.0,-0.5,-0.661,-1.0,,0.0,,,,,
VINYLINDIA.NS,VINYLINDIA.NS,Unknown,2026-10-01,214.22999572753906,ACCUMULATION,0.67,medium,,,-0.153,-1.0,0.608,-0.067,0.0,,0.0,,,,,
VIPCLOTHNG.NS,VIPCLOTHNG.NS,Unknown,2026-10-01,20.110000610351562,EXPANSION,0.44,low,CONTRACTION,1/5,-0.344,0.0,-0.875,-0.157,0.0,,0.0,,,,,
VIPIND.NS,VIPIND.NS,Unknown,2026-10-01,280.75,CONTRACTION,0.67,low,,,-0.552,-1.0,-0.492,-0.163,0.0,,0.0,,,,,
VIPULLTD.NS,VIPULLTD.NS,Unknown,2026-10-01,10.59000015258789,DISTRIBUTION,0.44,low,CONTRACTION,1/5,-0.428,-1.0,-0.5,0.216,1.0,,0.0,,,,,
VIRINCHI.NS,VIRINCHI.NS,Unknown,2026-10-01,13.289999961853027,CONTRACTION,0.67,low,,,-0.787,-1.0,-0.967,-0.395,-1.0,,0.0,,,,,
VISACHROME.NS,VISACHROME.NS,Unknown,2026-10-01,35.90999984741211,EXPANSION,0.44,low,,,0.488,1.0,0.976,-0.512,-0.25,,0.0,,,,,
VISAKAIND.NS,VISAKAIND.NS,Unknown,2026-10-01,83.58000183105469,EXPANSION,0.44,low,CONTRACTION,1/5,-0.357,-1.0,-0.849,0.777,1.0,,0.0,,,,,
VISHNU.NS,VISHNU.NS,Unknown,2026-10-01,658.25,DISTRIBUTION,0.67,medium,,,-0.136,0.0,-0.987,0.579,0.0,,0.0,,,,,
VISHWARAJ.NS,VISHWARAJ.NS,Unknown,2026-10-01,5.179999828338623,CONTRACTION,0.44,low,,,-0.2,-1.0,-0.498,0.897,0.0,,0.0,,,,,
VITAL.NS,VITAL.NS,Unknown,2026-10-01,53.459999084472656,DISTRIBUTION,0.44,low,CONTRACTION,3/5,-0.27,-1.0,-0.507,0.696,1.0,,0.0,,,,,
VIVIANA.NS,VIVIANA.NS,Unknown,2026-10-01,774.5,DISTRIBUTION,0.67,low,EXPANSION,1/5,0.252,0.0,0.452,0.303,1.0,,0.0,,,,,
VIVIDHA.NS,VIVIDHA.NS,Unknown,2026-10-01,0.5,EXPANSION,0.67,medium,DISTRIBUTION,1/5,0.088,0.0,-0.544,0.807,-1.0,,0.0,,,,,
VIVIMEDLAB.NS,VIVIMEDLAB.NS,Unknown,2026-10-01,5.710000038146973,DISTRIBUTION,0.44,low,CONTRACTION,2/5,-0.416,0.0,-0.5,-0.747,1.0,,0.0,,,,,
VIYASH.NS,VIYASH.NS,Unknown,2026-10-01,231.75,CONTRACTION,0.67,low,,,-0.609,-1.0,-0.5,-0.328,1.0,,0.0,,,,,
VLEGOV.NS,VLEGOV.NS,Unknown,2026-10-01,9.600000381469727,EXPANSION,0.67,medium,DISTRIBUTION,2/5,0.06,0.0,-0.75,0.93,0.0,,0.0,,,,,
VLSFINANCE.NS,VLSFINANCE.NS,Unknown,2026-10-01,230.8699951171875,CONTRACTION,0.67,low,,,-0.508,-1.0,-0.5,-0.023,0.0,,0.0,,,,,
VMART.NS,VMART.NS,Unknown,2026-10-01,746.0999755859375,CONTRACTION,0.44,low,,,-0.257,-1.0,-0.5,0.728,1.0,,0.0,,,,,
VMM.NS,VMM.NS,Unknown,2026-10-01,99.5,ACCUMULATION,0.67,high,,,-0.411,-1.0,0.766,-1.0,1.0,,0.0,,,,,
VMSTMT.NS,VMSTMT.NS,Unknown,2026-10-01,46.650001525878906,ACCUMULATION,0.67,low,CONTRACTION,2/5,-0.46,-1.0,-0.345,-0.036,1.0,,0.0,,,,,
VOLTAMP.NS,VOLTAMP.NS,Unknown,2026-10-01,10426.0,CONTRACTION,0.44,low,,,-0.349,-1.0,-0.504,0.457,-1.0,,0.0,,,,,
VOLTAS.NS,VOLTAS.NS,Unknown,2026-10-01,1053.199951171875,ACCUMULATION,0.67,low,CONTRACTION,2/5,-0.893,-1.0,-0.725,-0.954,0.0,,0.0,,,,,
VPRPL.NS,VPRPL.NS,Unknown,2026-10-01,28.389999389648438,CONTRACTION,0.44,low,,,-0.219,-1.0,-0.507,0.851,-1.0,,0.0,,,,,
VRAJ.NS,VRAJ.NS,Unknown,2026-10-01,121.76000213623047,EXPANSION,0.67,high,DISTRIBUTION,1/5,0.371,1.0,-0.725,0.837,0.0,,0.0,,,,,
VRLLOG.NS,VRLLOG.NS,Unknown,2026-10-01,285.04998779296875,CONTRACTION,0.44,low,,,-0.281,-1.0,-0.5,0.658,-1.0,,0.0,,,,,
VSSL.NS,VSSL.NS,Unknown,2026-10-01,383.29998779296875,EXPANSION,0.67,high,DISTRIBUTION,3/5,0.02,0.0,-0.887,0.947,1.0,,0.0,,,,,
VSTIND.NS,VSTIND.NS,Unknown,2026-10-01,201.13999938964844,ACCUMULATION,0.67,high,,,-0.447,-1.0,0.5,-0.841,-1.0,,0.0,,,,,
VSTL.NS,VSTL.NS,Unknown,2026-10-01,108.8499984741211,DISTRIBUTION,0.67,low,,,0.029,0.0,-0.507,0.593,-1.0,,0.0,,,,,
VSTTILLERS.NS,VSTTILLERS.NS,Unknown,2026-10-01,4339.7998046875,ACCUMULATION,0.44,low,,,-0.003,0.0,0.53,-0.538,-1.0,,0.0,,,,,
VTL.NS,VTL.NS,Unknown,2026-10-01,529.25,DISTRIBUTION,0.44,medium,,,0.012,1.0,-0.708,-0.255,-0.091,,0.0,,,,,
WAAREEENER.NS,WAAREEENER.NS,Unknown,2026-10-01,2340.0,CONTRACTION,0.67,low,,,-0.838,-1.0,-0.524,-0.989,1.0,,0.0,,,,,
WAAREEINDO.NS,WAAREEINDO.NS,Unknown,2026-10-01,203.38999938964844,ACCUMULATION,0.44,low,CONTRACTION,3/5,-0.622,0.0,-0.873,-0.993,1.0,,0.0,,,,,
WAAREERTL.NS,WAAREERTL.NS,Unknown,2026-10-01,808.7999877929688,ACCUMULATION,0.67,high,,,-0.4,-1.0,0.738,-0.937,-1.0,,0.0,,,,,
WABAG.NS,WABAG.NS,Unknown,2026-10-01,2004.9000244140625,DISTRIBUTION,0.44,low,CONTRACTION,2/5,-0.418,-1.0,-0.84,0.586,1.0,,0.0,,,,,
WALCHANNAG.NS,WALCHANNAG.NS,Unknown,2026-10-01,196.0800018310547,EXPANSION,0.67,low,,,0.366,0.0,0.953,0.146,-1.0,,0.0,,,,,
WANBURY.NS,WANBURY.NS,Unknown,2026-10-01,197.99000549316406,DISTRIBUTION,0.44,medium,,,-0.186,1.0,-0.924,-0.635,0.0,,0.0,,,,,
WCIL.NS,WCIL.NS,Unknown,2026-10-01,93.01000213623047,ACCUMULATION,0.67,medium,,,-0.262,-1.0,0.502,-0.288,0.2,,0.0,,,,,
WEALTH.NS,WEALTH.NS,Unknown,2026-10-01,889.9500122070312,ACCUMULATION,0.67,low,EXPANSION,3/5,0.535,1.0,0.509,0.096,1.0,,0.0,,,,,
WEBELSOLAR.NS,WEBELSOLAR.NS,Unknown,2026-10-01,68.69999694824219,CONTRACTION,0.67,medium,ACCUMULATION,2/5,-0.273,-1.0,0.52,-0.338,1.0,,0.0,,,,,
WEIZMANIND.NS,WEIZMANIND.NS,Unknown,2026-10-01,71.44999694824219,ACCUMULATION,0.44,low,EXPANSION,3/5,0.481,1.0,0.615,-0.173,1.0,,0.0,,,,,
WEL.NS,WEL.NS,Unknown,2026-10-01,71.69999694824219,ACCUMULATION,0.44,medium,DISTRIBUTION,1/5,-0.155,1.0,-0.966,-0.498,-1.0,,0.0,,,,,
WELCORP.NS,WELCORP.NS,Unknown,2026-10-01,2605.800048828125,DISTRIBUTION,0.67,low,EXPANSION,3/5,0.766,1.0,0.395,0.904,1.0,,0.0,,,,,
WELENT.NS,WELENT.NS,Unknown,2026-10-01,724.4500122070312,DISTRIBUTION,0.67,medium,,,0.061,0.0,-0.741,0.924,1.0,,0.0,,,,,
WELINV.NS,WELINV.NS,Unknown,2026-10-01,2478.0,EXPANSION,0.67,low,,,0.97,1.0,0.948,0.963,-1.0,,0.0,,,,,
WELSPUNLIV.NS,WELSPUNLIV.NS,Unknown,2026-10-01,239.1699981689453,EXPANSION,0.67,low,,,0.916,1.0,0.748,1.0,0.0,,0.0,,,,,
WENDT.NS,WENDT.NS,Unknown,2026-10-01,8116.0,CONTRACTION,0.44,low,,,-0.366,-1.0,-0.976,0.877,0.333,,0.0,,,,,
WESTLIFE.NS,WESTLIFE.NS,Unknown,2026-10-01,588.0499877929688,EXPANSION,0.67,low,,,0.902,1.0,0.736,0.97,-1.0,,0.0,,,,,
WEWIN.NS,WEWIN.NS,Unknown,2026-10-01,51.650001525878906,EXPANSION,0.67,low,,,0.272,0.0,0.559,0.257,0.0,,0.0,,,,,
WEWORK.NS,WEWORK.NS,Unknown,2026-10-01,659.5999755859375,DISTRIBUTION,0.44,low,,,-0.273,-1.0,-0.819,1.0,1.0,,0.0,,,,,
WHEELS.NS,WHEELS.NS,Unknown,2026-10-01,2241.300048828125,EXPANSION,0.67,high,DISTRIBUTION,3/5,0.298,1.0,-0.875,0.768,-1.0,GARTLEY,0.0,,,,,
WHIRLPOOL.NS,WHIRLPOOL.NS,Unknown,2026-10-01,861.6500244140625,EXPANSION,0.67,low,,,0.537,0.0,0.978,0.632,0.0,,0.0,,,,,
WILLAMAGOR.NS,WILLAMAGOR.NS,Unknown,2026-10-01,21.190000534057617,CONTRACTION,0.44,low,,,-0.55,0.0,-0.971,-0.679,0.0,,0.0,,,,,
WINDLAS.NS,WINDLAS.NS,Unknown,2026-10-01,1082.4000244140625,CONTRACTION,0.67,medium,DISTRIBUTION,3/5,0.141,0.0,-0.507,0.93,0.0,,0.0,,,,,
WINDMACHIN.NS,WINDMACHIN.NS,Unknown,2026-10-01,293.1499938964844,DISTRIBUTION,0.67,low,,,-0.045,0.0,-0.5,0.365,-1.0,,0.0,,,,,
WIPL.NS,WIPL.NS,Unknown,2026-10-01,161.0,DISTRIBUTION,0.67,high,,,0.322,1.0,-0.665,0.632,1.0,,0.0,,,,,
WIPRO.NS,WIPRO.NS,Unknown,2026-10-01,159.35000610351562,CONTRACTION,0.67,low,,,-0.648,-1.0,-0.5,-0.444,-1.0,,0.0,,,,,
WOCKPHARMA.NS,WOCKPHARMA.NS,Unknown,2026-10-01,2083.89990234375,DISTRIBUTION,0.67,high,,,0.301,1.0,-0.74,0.642,-1.0,,0.0,,,,,
WONDERLA.NS,WONDERLA.NS,Unknown,2026-10-01,495.1000061035156,DISTRIBUTION,0.67,medium,,,0.133,0.0,-0.501,0.9,0.0,,0.0,,,,,
WORTHPERI.NS,WORTHPERI.NS,Unknown,2026-10-01,143.74000549316406,CONTRACTION,0.67,low,DISTRIBUTION,1/5,0.077,0.0,-0.5,0.732,0.0,,0.0,,,,,
WSI.NS,WSI.NS,Unknown,2026-10-01,53.20000076293945,ACCUMULATION,0.44,low,DISTRIBUTION,1/5,-0.166,1.0,-0.508,-0.99,1.0,,0.0,,,,,
WSTCSTPAPR.NS,WSTCSTPAPR.NS,Unknown,2026-10-01,727.6500244140625,EXPANSION,0.67,high,DISTRIBUTION,1/5,-0.005,0.0,-0.969,0.953,0.6,,0.0,,,,,
XCHANGING.NS,XCHANGING.NS,Unknown,2026-10-01,59.72999954223633,DISTRIBUTION,0.44,low,CONTRACTION,1/5,-0.363,-1.0,-0.7,0.611,1.0,,0.0,,,,,
XELPMOC.NS,XELPMOC.NS,Unknown,2026-10-01,93.66999816894531,CONTRACTION,0.44,low,EXPANSION,1/5,0.557,1.0,0.97,-0.3,1.0,,0.0,,,,,
XPROINDIA.NS,XPROINDIA.NS,Unknown,2026-10-01,1136.199951171875,CONTRACTION,0.44,low,,,-0.375,-1.0,-0.553,0.427,0.0,,0.0,,,,,
XTGLOBAL.NS,XTGLOBAL.NS,Unknown,2026-10-01,28.690000534057617,DISTRIBUTION,0.67,low,,,-0.078,0.0,-0.504,0.269,0.0,,0.0,,,,,
YASHO.NS,YASHO.NS,Unknown,2026-10-01,4036.0,DISTRIBUTION,0.67,medium,,,0.396,1.0,-0.5,0.689,0.0,,0.0,,,,,
YATHARTH.NS,YATHARTH.NS,Unknown,2026-10-01,1033.699951171875,EXPANSION,0.67,medium,DISTRIBUTION,2/5,-0.094,0.0,-0.752,0.47,0.0,,0.0,,,,,
YATRA.NS,YATRA.NS,Unknown,2026-10-01,98.83000183105469,CONTRACTION,0.67,low,,,-0.595,-1.0,-0.512,-0.272,1.0,,0.0,,,,,
YESBANK.NS,YESBANK.NS,Unknown,2026-10-01,20.75,DISTRIBUTION,0.44,medium,,,-0.156,1.0,-0.966,-0.503,1.0,,0.0,,,,,
YUKEN.NS,YUKEN.NS,Unknown,2026-10-01,1141.4000244140625,DISTRIBUTION,0.67,high,,,0.004,0.0,-0.969,0.98,-1.0,,0.0,,,,,
ZAGGLE.NS,ZAGGLE.NS,Unknown,2026-10-01,171.72999572753906,ACCUMULATION,0.67,low,CONTRACTION,3/5,-0.683,-1.0,-0.85,-0.199,1.0,,0.0,,,,,
ZEEL.NS,ZEEL.NS,Unknown,2026-10-01,71.91999816894531,CONTRACTION,0.67,low,,,-0.579,-1.0,-0.5,-0.238,-1.0,,0.0,,,,,
ZEELEARN.NS,ZEELEARN.NS,Unknown,2026-10-01,6.300000190734863,DISTRIBUTION,0.67,low,ACCUMULATION,1/5,-0.334,-1.0,0.002,-0.003,-1.0,,0.0,,,,,
ZEEMEDIA.NS,ZEEMEDIA.NS,Unknown,2026-10-01,7.199999809265137,DISTRIBUTION,0.44,low,CONTRACTION,1/5,-0.285,-1.0,-0.5,0.645,-0.273,,0.0,,,,,
ZENITHEXPO.NS,ZENITHEXPO.NS,Unknown,2026-10-01,203.0399932861328,ACCUMULATION,0.67,low,EXPANSION,3/5,0.566,0.0,0.969,0.729,-1.0,,0.0,,,,,
ZENITHSTL.NS,ZENITHSTL.NS,Unknown,2026-10-01,5.099999904632568,ACCUMULATION,0.67,low,CONTRACTION,2/5,-0.547,-1.0,-0.575,-0.066,1.0,,0.0,,,,,
ZENSARTECH.NS,ZENSARTECH.NS,Unknown,2026-10-01,434.3500061035156,CONTRACTION,0.44,medium,ACCUMULATION,3/5,0.226,0.0,0.846,-0.169,-0.667,,0.0,,,,,
ZENTEC.NS,ZENTEC.NS,Unknown,2026-10-01,1576.0999755859375,CONTRACTION,0.67,low,DISTRIBUTION,3/5,-0.067,0.0,-0.5,0.298,0.0,,0.0,,,,,
ZFCVINDIA.NS,ZFCVINDIA.NS,Unknown,2026-10-01,2241.0,CONTRACTION,0.44,low,,,-0.454,0.0,-0.5,-0.861,0.0,,0.0,,,,,
ZIMLAB.NS,ZIMLAB.NS,Unknown,2026-10-01,137.02000427246094,DISTRIBUTION,0.67,medium,,,-0.046,0.0,-0.758,0.62,0.0,,0.0,,,,,
ZODIAC.NS,ZODIAC.NS,Unknown,2026-10-01,216.91000366210938,ACCUMULATION,0.67,low,CONTRACTION,2/5,-0.654,-1.0,-0.7,-0.261,1.0,,0.0,,,,,
ZODIACLOTH.NS,ZODIACLOTH.NS,Unknown,2026-10-01,66.70999908447266,CONTRACTION,0.67,medium,ACCUMULATION,3/5,-0.261,-1.0,0.393,-0.177,1.0,,0.0,,,,,
ZOTA.NS,ZOTA.NS,Unknown,2026-10-01,1267.800048828125,EXPANSION,0.44,low,,,0.409,1.0,0.5,-0.272,0.0,,0.0,,,,,
ZUARI.NS,ZUARI.NS,Unknown,2026-10-01,212.8800048828125,ACCUMULATION,0.44,low,,,-0.047,0.0,0.127,-0.268,-1.0,,0.0,,,,,
ZUARIIND.NS,ZUARIIND.NS,Unknown,2026-10-01,281.8500061035156,EXPANSION,0.67,low,,,0.794,1.0,0.978,0.405,-1.0,,0.0,,,,,
ZYDUSLIFE.NS,ZYDUSLIFE.NS,Unknown,2026-10-01,1145.699951171875,ACCUMULATION,0.67,low,EXPANSION,2/5,0.375,0.0,0.569,0.556,-1.0,,0.0,,,,,
ZYDUSWELL.NS,ZYDUSWELL.NS,Unknown,2026-10-01,493.25,CONTRACTION,0.67,low,,,-0.649,-1.0,-0.56,-0.387,1.0,,0.0,,,,,
